Disposition Year,Black No Pretrial,Black Pretrial,Black Total Cases,Hispanic No Pretrial,Hispanic Pretrial,Hispanic Total Cases,White No Pretrial,White Pretrial,White Total Cases,Percent of Black defendants detained pretrial,Percent of Hispanic defendants detained pretrial,Percent of White defendants detained pretrial
2019,11,5,16,155,69,224,735,340,1075,31.25,30.80357143,31.62790698
2020,10,10,20,150,93,243,625,269,894,50,38.27160494,30.08948546
2021,20,4,24,164,63,227,590,296,886,16.66666667,27.75330396,33.40857788
2022,14,8,22,237,115,352,585,292,877,36.36363636,32.67045455,33.29532497
2023,22,10,32,246,96,342,512,214,726,31.25,28.07017544,29.47658402
2024,4,4,8,49,26,75,94,53,147,,34.66666667,36.05442177
