Disposition Year,Black No Pretrial,Black Pretrial,Black Total Cases,Hispanic No Pretrial,Hispanic Pretrial,Hispanic Total Cases,White No Pretrial,White Pretrial,White Total Cases,Percent of Black defendants detained pretrial,Percent of Hispanic defendants detained pretrial,Percent of White defendants detained pretrial
2019,11,5,16,158,69,227,733,340,1073,31.25,30.39647577,31.68685927
2020,10,10,20,151,93,244,625,268,893,50,38.1147541,30.01119821
2021,21,4,25,164,64,228,592,297,889,16,28.07017544,33.40832396
2022,14,8,22,233,115,348,592,292,884,36.36363636,33.04597701,33.03167421
2023,22,10,32,243,96,339,521,218,739,31.25,28.31858407,29.49932341
2024,23,12,35,227,94,321,520,223,743,34.28571429,29.2834891,30.01345895
