Disposition Year,Black No Pretrial,Black Pretrial,Black Total Cases,Hispanic No Pretrial,Hispanic Pretrial,Hispanic Total Cases,White No Pretrial,White Pretrial,White Total Cases,Percent of Black defendants detained pretrial,Percent of Hispanic defendants detained pretrial,Percent of White defendants detained pretrial
2019,11,5,16,158,68,226,733,339,1072,31.25,30.08849558,31.62313433
2020,10,10,20,151,93,244,626,268,894,50,38.1147541,29.97762864
2021,21,4,25,162,65,227,595,297,892,16,28.63436123,33.29596413
2022,14,8,22,233,117,350,591,291,882,36.36363636,33.42857143,32.99319728
2023,21,10,31,245,97,342,522,219,741,32.25806452,28.3625731,29.55465587
2024,23,9,32,232,97,329,530,233,763,28.125,29.48328267,30.53735256
2025,2,4,6,115,63,178,318,107,425,,35.39325843,25.17647059
