,Fine/ Comm. Serv/ Fee,Credit for time served,Probation,Probation plus Jail,Jail,Comm. Corr.,Prison,
Sentences in 2024,1177,170,527,200,62,15,1,66
Change since 2023,15.39215686,18.05555556,8.436213992,-25.37313433,3.333333333,-6.25,0,1.538461538
