,Fine/ Comm. Serv/ Fee,Credit for time served,Probation,Probation plus Jail,Jail,Comm. Corr.,Prison
Sentences in 2023,1077,143,484,267,60,16,65
Change since 2022,-10.10016694,-23.93617021,-21.17263844,13.13559322,-21.05263158,-30.43478261,-9.722222222
