Disposition Year,Black No Pretrial,Black Pretrial,Black Total Cases,Hispanic No Pretrial,Hispanic Pretrial,Hispanic Total Cases,White No Pretrial,White Pretrial,White Total Cases,Percent of Black defendants detained pretrial,Percent of Hispanic defendants detained pretrial,Percent of White defendants detained pretrial
2019,11,5,16,158,69,227,734,341,1075,31.25,30.39647577,31.72093023
2020,10,10,20,150,93,243,626,268,894,50,38.27160494,29.97762864
2021,21,4,25,165,63,228,589,297,886,16,27.63157895,33.5214447
2022,14,8,22,235,115,350,590,292,882,36.36363636,32.85714286,33.10657596
2023,22,10,32,244,96,340,519,218,737,31.25,28.23529412,29.57937585
2024,12,9,21,170,63,233,407,171,578,42.85714286,27.03862661,29.58477509
