Disposition Year,Black No Pretrial,Black Pretrial,Black Total Cases,Hispanic No Pretrial,Hispanic Pretrial,Hispanic Total Cases,White No Pretrial,White Pretrial,White Total Cases,Percent of Black defendants detained pretrial,Percent of Hispanic defendants detained pretrial,Percent of White defendants detained pretrial
2019,11,5,16,157,69,226,735,341,1076,,30.53097345,31.69144981
2020,10,10,20,150,93,243,625,269,894,50,38.27160494,30.08948546
2021,20,4,24,164,63,227,590,297,887,16.66666667,27.75330396,33.48365276
2022,14,8,22,237,115,352,585,292,877,36.36363636,32.67045455,33.29532497
2023,22,10,32,245,96,341,516,218,734,31.25,28.15249267,29.70027248
2024,9,4,13,102,57,159,246,110,356,,35.8490566,30.8988764
