Disposition Year,Black No Pretrial,Black Pretrial,Black Total Cases,Hispanic No Pretrial,Hispanic Pretrial,Hispanic Total Cases,White No Pretrial,White Pretrial,White Total Cases,Percent of Black defendants detained pretrial,Percent of Hispanic defendants detained pretrial,Percent of White defendants detained pretrial
2020,10,10,20,151,93,244,626,268,894,50,38.1147541,29.97762864
2021,21,4,25,161,66,227,594,297,891,16,29.07488987,33.33333333
2022,14,8,22,230,121,351,596,288,884,36.36363636,34.47293447,32.57918552
2023,21,10,31,244,96,340,524,220,744,32.25806452,28.23529412,29.56989247
2024,23,9,32,235,98,333,537,232,769,28.125,29.42942943,30.16905072
2025,6,7,13,230,105,335,618,205,823,,31.34328358,24.90886999
