Disposition Year,Black Incarceration,Black No Incarceration,Black Total,Hispanic Incarceration,Hispanic No Incarceration,Hispanic Total,White Incarceration,White No Incarceration,White Total,Percent of Black defendants incarcerated,Percent of Hispanic defendants incarcerated,Percent of White defendants incarcerated
2019,0,2,2,25,19,44,100,70,170,,56.81818182,58.82352941
2020,5,2,7,19,28,47,102,75,177,,40.42553191,57.62711864
2021,4,0,4,20,15,35,103,55,158,,57.14285714,65.18987342
2022,4,3,7,54,15,69,79,52,131,,78.26086957,60.30534351
2023,5,4,9,31,26,57,71,45,116,,54.38596491,61.20689655
2024,4,0,4,19,12,31,86,54,140,,61.29032258,61.42857143
2025,,,,10,6,16,24,12,36,,,66.66666667
