,Fine/ Comm. Serv/ Fee,Credit for time served,Probation,Probation plus Jail,Jail,Comm. Corr.,Prison,
Sentences in 2023,1078,144,485,268,60,16,0,65
Change since 2022,-10.10016694,-23.80952381,-21.13821138,13.55932203,-21.05263158,-30.43478261,0,-9.722222222
