Disposition Year,Black Plea to Lesser Charge,Black No Plea to Lesser Charge,Black Total Guilty Pleas,Hispanic Plea to Lesser Charge,Hispanic No Plea to Lesser Charge,Hispanic Total Guilty Pleas,White Plea to Lesser Charge,White No Plea to Lesser Charge,White Total Guilty Pleas,Percent of Black defendants pleading to a lesser charge,Percent of Hispanic defendants pleading to a lesser charge,Percent of White defendants pleading to a lesser charge
2019,34,81,115,37,102,139,248,418,666,29.56521739,26.61870504,37.23723724
2020,23,46,69,47,78,125,182,274,456,33.33333333,37.6,39.9122807
2021,45,62,107,66,115,181,237,326,563,42.05607477,36.4640884,42.09591474
2022,31,65,96,44,110,154,145,375,520,32.29166667,28.57142857,27.88461538
2023,29,79,108,47,138,185,119,394,513,26.85185185,25.40540541,23.19688109
2024,25,74,99,40,112,152,133,268,401,25.25252525,26.31578947,33.16708229
