Disposition Year,Black Plea to Lesser Charge,Black No Plea to Lesser Charge,Black Total Guilty Pleas,Hispanic Plea to Lesser Charge,Hispanic No Plea to Lesser Charge,Hispanic Total Guilty Pleas,White Plea to Lesser Charge,White No Plea to Lesser Charge,White Total Guilty Pleas,Percent of Black defendants pleading to a lesser charge,Percent of Hispanic defendants pleading to a lesser charge,Percent of White defendants pleading to a lesser charge
2019,34,80,114,36,100,136,249,419,668,29.8245614,26.47058824,37.2754491
2020,22,45,67,47,77,124,183,275,458,32.8358209,37.90322581,39.95633188
2021,45,62,107,66,115,181,238,326,564,42.05607477,36.4640884,42.19858156
2022,30,65,95,44,111,155,146,377,523,31.57894737,28.38709677,27.91586998
2023,29,79,108,47,139,186,119,394,513,26.85185185,25.2688172,23.19688109
2024,32,80,112,49,129,178,157,297,454,28.57142857,27.52808989,34.5814978
2025,8,12,20,15,23,38,44,46,90,40,39.47368421,48.88888889
