Disposition Year,Black Incarceration,Black No Incarceration,Black Total,Hispanic Incarceration,Hispanic No Incarceration,Hispanic Total,White Incarceration,White No Incarceration,White Total,Percent of Black defendants incarcerated,Percent of Hispanic defendants incarcerated,Percent of White defendants incarcerated
2019,13,7,20,75,15,90,131,75,206,65,83.33333333,63.59223301
2020,17,10,27,80,20,100,185,48,233,62.96296296,80,79.39914163
2021,10,4,14,60,21,81,120,53,173,,74.07407407,69.36416185
2022,16,7,23,41,20,61,87,56,143,69.56521739,67.21311475,60.83916084
2023,6,7,13,47,23,70,79,44,123,,67.14285714,64.22764228
2024,2,1,3,18,0,18,16,12,28,,,57.14285714
