Disposition Year,Black Incarceration,Black No Incarceration,Black Total,Hispanic Incarceration,Hispanic No Incarceration,Hispanic Total,White Incarceration,White No Incarceration,White Total,Percent of Black defendants incarcerated,Percent of Hispanic defendants incarcerated,Percent of White defendants incarcerated
2019,12,7,19,75,16,91,130,74,204,63.15789474,82.41758242,63.7254902
2020,17,9,26,80,20,100,185,49,234,65.38461538,80,79.05982906
2021,10,4,14,59,21,80,121,52,173,71.42857143,73.75,69.94219653
2022,16,7,23,42,20,62,86,57,143,69.56521739,67.74193548,60.13986014
2023,6,8,14,47,23,70,81,43,124,42.85714286,67.14285714,65.32258065
2024,15,4,19,55,12,67,74,46,120,78.94736842,82.08955224,61.66666667
