Disposition Year,Black No Pretrial,Black Pretrial,Black Total Cases,Hispanic No Pretrial,Hispanic Pretrial,Hispanic Total Cases,White No Pretrial,White Pretrial,White Total Cases,Percent of Black defendants detained pretrial,Percent of Hispanic defendants detained pretrial,Percent of White defendants detained pretrial
2019,60,17,77,265,89,354,652,253,905,22.07792208,25.14124294,27.9558011
2020,50,22,72,191,96,287,578,243,821,30.55555556,33.44947735,29.59805116
2021,37,20,57,206,53,259,512,178,690,35.0877193,20.46332046,25.79710145
2022,34,17,51,171,67,238,449,149,598,33.33333333,28.1512605,24.91638796
2023,33,9,42,208,83,291,470,176,646,21.42857143,28.52233677,27.24458204
2024,14,8,22,93,37,130,238,70,308,36.36363636,28.46153846,22.72727273
