Disposition Year,Black No Pretrial,Black Pretrial,Black Total Cases,Hispanic No Pretrial,Hispanic Pretrial,Hispanic Total Cases,White No Pretrial,White Pretrial,White Total Cases,Percent of Black defendants detained pretrial,Percent of Hispanic defendants detained pretrial,Percent of White defendants detained pretrial
2019,59,17,76,266,89,355,651,254,905,22.36842105,25.07042254,28.06629834
2020,50,22,72,191,96,287,578,243,821,30.55555556,33.44947735,29.59805116
2021,37,20,57,206,53,259,512,178,690,35.0877193,20.46332046,25.79710145
2022,34,17,51,172,66,238,448,149,597,33.33333333,27.73109244,24.95812395
2023,32,9,41,209,80,289,465,177,642,21.95121951,27.6816609,27.57009346
2024,5,3,8,47,18,65,111,24,135,37.5,27.69230769,17.77777778
