Disposition Year,Black Incarceration,Black No Incarceration,Black Total,Hispanic Incarceration,Hispanic No Incarceration,Hispanic Total,White Incarceration,White No Incarceration,White Total,Percent of Black defendants incarcerated,Percent of Hispanic defendants incarcerated,Percent of White defendants incarcerated
2019,13,7,20,75,15,90,130,75,205,65,83.33333333,63.41463415
2020,17,10,27,80,20,100,185,48,233,62.96296296,80,79.39914163
2021,10,4,14,60,21,81,121,52,173,71.42857143,74.07407407,69.94219653
2022,16,7,23,41,20,61,87,57,144,69.56521739,67.21311475,60.41666667
2023,6,8,14,47,24,71,79,43,122,42.85714286,66.1971831,64.75409836
2024,9,3,12,37,4,41,37,23,60,,90.24390244,61.66666667
