Disposition Year,Black No Pretrial,Black Pretrial,Black Total Cases,Hispanic No Pretrial,Hispanic Pretrial,Hispanic Total Cases,White No Pretrial,White Pretrial,White Total Cases,Percent of Black defendants detained pretrial,Percent of Hispanic defendants detained pretrial,Percent of White defendants detained pretrial
2019,59,17,76,267,90,357,649,253,902,22.36842105,25.21008403,28.04878049
2020,49,22,71,191,96,287,578,244,822,30.98591549,33.44947735,29.6836983
2021,37,20,57,206,54,260,511,179,690,35.0877193,20.76923077,25.94202899
2022,34,17,51,173,68,241,450,148,598,33.33333333,28.21576763,24.74916388
2023,35,9,44,205,83,288,469,177,646,20.45454545,28.81944444,27.3993808
2024,26,17,43,188,67,255,513,136,649,39.53488372,26.2745098,20.95531587
