Disposition Year,Native American Cases Deferred,Native American Cases Not Deferred,Native American Total Cases Disposed,Hispanic Cases Deferred,Hispanic Cases Not Deferred,Hispanic Total Cases Disposed,White Cases Deferred,White Cases Not Deferred,White Total Cases Disposed,Percent of Native American defendants deferred,Percent of Hispanic defendants deferred,Percent of White defendants deferred
2020,11,54,65,2,9,11,20,86,106,16.92307692,18.18181818,18.86792453
2021,7,63,70,4,26,30,12,103,115,10,13.33333333,10.43478261
2022,12,58,70,10,39,49,21,111,132,17.14285714,20.40816327,15.90909091
2023,11,58,69,1,29,30,19,92,111,15.94202899,3.333333333,17.11711712
2024,11,69,80,9,37,46,18,106,124,13.75,19.56521739,14.51612903
2025,5,52,57,4,18,22,11,81,92,8.771929825,18.18181818,11.95652174
