Disposition Year,Native American Cases Deferred,Native American Cases Not Deferred,Native American Total Cases Disposed,Hispanic Cases Deferred,Hispanic Cases Not Deferred,Hispanic Total Cases Disposed,White Cases Deferred,White Cases Not Deferred,White Total Cases Disposed,Percent of Native American defendants deferred,Percent of Hispanic defendants deferred,Percent of White defendants deferred
2019,9,80,89,6,27,33,27,131,158,10.11235955,18.18181818,17.08860759
2020,11,57,68,2,9,11,20,88,108,16.17647059,,18.51851852
2021,7,61,68,4,26,30,12,105,117,10.29411765,13.33333333,10.25641026
2022,12,60,72,10,38,48,21,112,133,16.66666667,20.83333333,15.78947368
2023,10,55,65,1,26,27,19,97,116,15.38461538,3.703703704,16.37931034
2024,11,70,81,9,36,45,18,106,124,13.58024691,20,14.51612903
2025,1,14,15,2,5,7,1,37,38,,,2.631578947
