Filing Month,Actual Average number of days to victim contact,Average number of days to victim contact
Aug 2022,43.1905,41.12305
Sep 2022,39.0556,39.89536667
Oct 2022,37.44,32.54616667
Nov 2022,21.1429,25.6705
Dec 2022,18.4286,19.57146667
Jan 2023,19.1429,16.83336667
Feb 2023,12.9286,11.65346667
Mar 2023,2.8889,7.90875
