Disposition Year,Highest Income Neighbood Cases Dismissed,Highest Income Neighborhood Cases Not Dismissed,Highest Income Neighborhood Total Cases Disposed,Lowest Income Neighbood Cases Dismissed,Lowest Income Neighborhood Cases Not Dismissed,Lowest Income Neighborhood Total Cases Disposed,Percent of cases in highest income zip codes dismissed,Percent of cases in lowest income zip codes dismissed
2019,124,506,630,138,571,709,19.68253968,19.46403385
2020,110,414,524,116,417,533,20.99236641,21.76360225
2021,169,518,687,170,513,683,24.59970888,24.89019034
2022,160,425,585,209,498,707,27.35042735,29.56152758
2023,157,436,593,178,483,661,26.47554806,26.92889561
2024,161,424,585,185,502,687,27.52136752,26.9286754
2025,41,115,156,53,135,188,26.28205128,28.19148936
