Disposition Year,Highest Income Neighbood Cases Dismissed,Highest Income Neighborhood Cases Not Dismissed,Highest Income Neighborhood Total Cases Disposed,Lowest Income Neighbood Cases Dismissed,Lowest Income Neighborhood Cases Not Dismissed,Lowest Income Neighborhood Total Cases Disposed,Percent of cases in highest income zip codes dismissed,Percent of cases in lowest income zip codes dismissed
2017,131,462,593,116,465,581,22.09106239,19.96557659
2018,132,482,614,137,466,603,21.49837134,22.71973466
2019,124,512,636,140,571,711,19.49685535,19.69057665
2020,109,422,531,116,418,534,20.52730697,21.72284644
2021,168,520,688,170,517,687,24.41860465,24.74526929
2022,158,422,580,209,506,715,27.24137931,29.23076923
2023,149,425,574,178,447,625,25.95818815,28.48
