Filing Month,Victim contact,No victim contact,Total,Percent of cases with at least one contact
Aug 2022,21.0,98.0,119.0,17.64705882
Sep 2022,18.0,81.0,99.0,18.18181818
Oct 2022,25.0,121.0,146.0,17.12328767
Nov 2022,14.0,92.0,106.0,13.20754717
Dec 2022,14.0,94.0,108.0,12.96296296
Jan 2023,14.0,94.0,108.0,12.96296296
Feb 2023,14.0,96.0,110.0,12.72727273
Mar 2023,18.0,82.0,100.0,18.0
