Disposition Year,Highest Income Neighbood Cases Dismissed,Highest Income Neighborhood Cases Not Dismissed,Highest Income Neighborhood Total Cases Disposed,Lowest Income Neighbood Cases Dismissed,Lowest Income Neighborhood Cases Not Dismissed,Lowest Income Neighborhood Total Cases Disposed,Percent of cases in highest income zip codes dismissed,Percent of cases in lowest income zip codes dismissed
2019,71,556,627,44,443,487,11.32376396,9.034907598
2020,79,425,504,51,266,317,15.67460317,16.08832808
2021,81,491,572,67,464,531,14.16083916,12.61770245
2022,100,441,541,96,471,567,18.48428835,16.93121693
2023,84,421,505,115,416,531,16.63366337,21.65725047
2024,85,322,407,122,419,541,20.88452088,22.55083179
2025,42,148,190,63,195,258,22.10526316,24.41860465
