Disposition Year,Highest Income Neighbood Cases Dismissed,Highest Income Neighborhood Cases Not Dismissed,Highest Income Neighborhood Total Cases Disposed,Lowest Income Neighbood Cases Dismissed,Lowest Income Neighborhood Cases Not Dismissed,Lowest Income Neighborhood Total Cases Disposed,Percent of cases in highest income zip codes dismissed,Percent of cases in lowest income zip codes dismissed
2017,130,460,590,116,464,580,22.03389831,20
2018,132,482,614,137,466,603,21.49837134,22.71973466
2019,124,506,630,140,570,710,19.68253968,19.71830986
2020,110,415,525,116,418,534,20.95238095,21.72284644
2021,169,517,686,170,515,685,24.63556851,24.81751825
2022,161,423,584,208,500,708,27.56849315,29.37853107
2023,157,433,590,179,474,653,26.61016949,27.41194487
2024,37,108,145,40,98,138,25.51724138,28.98550725
