Filing Quarter,Actual Average number of days to victim contact,Average number of days to victim contact
2023 Q1,126.9554,147.5877
2023 Q2,58.3046,128.0660333
2023 Q3,47.7113,111.3478
2023 Q4,39.0051,68.406
2024 Q1,39.9874,58.4444
2024 Q2,48.9481,65.87023333
2024 Q3,40.3588,58.9617
2024 Q4,26.1507,46.00346667
2025 Q1,15.5479,35.38476667
2025 Q2,20.5476,35.09076667
2025 Q3,10.854,37.62033333
2025 Q4,11.2683,35.49726667
