Disposition Year,Highest Income Neighbood Cases Dismissed,Highest Income Neighborhood Cases Not Dismissed,Highest Income Neighborhood Total Cases Disposed,Lowest Income Neighbood Cases Dismissed,Lowest Income Neighborhood Cases Not Dismissed,Lowest Income Neighborhood Total Cases Disposed,Percent of cases in highest income zip codes dismissed,Percent of cases in lowest income zip codes dismissed
2017,130,462,592,116,465,581,21.95945946,19.96557659
2018,131,482,613,134,466,600,21.37030995,22.33333333
2019,124,506,630,140,570,710,19.68253968,19.71830986
2020,109,418,527,115,419,534,20.68311195,21.53558052
2021,168,518,686,170,515,685,24.48979592,24.81751825
2022,161,422,583,208,499,707,27.61578045,29.42008487
2023,80,227,307,107,229,336,26.05863192,31.8452381
