Disposition Year,Black Incarceration,Black No Incarceration,Black Total,Hispanic Incarceration,Hispanic No Incarceration,Hispanic Total,White Incarceration,White No Incarceration,White Total,Percent of Black defendants incarcerated,Percent of Hispanic defendants incarcerated,Percent of White defendants incarcerated
2017,97,65,162,284,184,468,662,481,1143,59.87654321,60.68376068,57.91776028
2018,102,84,186,319,223,542,804,620,1424,54.83870968,58.85608856,56.46067416
2019,96,67,163,345,199,544,879,554,1433,58.89570552,63.41911765,61.33984648
2020,39,59,98,198,139,337,445,413,858,39.79591837,58.7537092,51.86480186
2021,83,62,145,220,164,384,595,443,1038,57.24137931,57.29166667,57.32177264
2022,93,68,161,270,184,454,525,422,947,57.76397516,59.47136564,55.43822598
2023,68,58,126,221,175,396,391,366,757,53.96825397,55.80808081,51.65125495
