Disposition Year,Black No Pretrial,Black Pretrial,Black Total Cases,Hispanic No Pretrial,Hispanic Pretrial,Hispanic Total Cases,White No Pretrial,White Pretrial,White Total Cases,Percent of sentenced Black defendants detained pretrial,Percent of sentenced Hispanic defendants detained pretrial,Percent of sentenced White defendants detained pretrial
2020,291,114,405,934,390,1324,2835,898,3733,28.14814815,29.45619335,24.05571926
2021,278,211,489,996,550,1546,2938,1285,4223,43.14928425,35.57567917,30.42860526
2022,263,228,491,1025,674,1699,2662,1369,4031,46.43584521,39.67039435,33.96179608
2023,280,236,516,965,686,1651,2280,1239,3519,45.73643411,41.55057541,35.20886616
2024,302,232,534,1116,708,1824,2297,1245,3542,43.44569288,38.81578947,35.14963298
2025,267,211,478,873,617,1490,2019,1096,3115,44.14225941,41.40939597,35.18459069
