Disposition Year,Private Attorney Incarceration,Private Attorney No Incarceration,Private Attorney Total Cases,Public Defender Incarceration,Public Defender No Incarceration,Public Defender Total Cases,Percent of cases with a private attorney incarcerated,Percent of cases with a public defender incarcerated
2019,597,361,958,760,448,1208,62.31732777,62.91390728
2020,258,263,521,427,338,765,49.52015355,55.81699346
2021,307,223,530,582,430,1012,57.9245283,57.50988142
2022,294,203,497,602,452,1054,59.15492958,57.11574953
2023,236,168,404,515,408,923,58.41584158,55.79631636
2024,130,151,281,306,293,599,46.2633452,51.0851419
