Disposition Year,Private Attorney Incarceration,Private Attorney No Incarceration,Private Attorney Total Cases,Public Defender Incarceration,Public Defender No Incarceration,Public Defender Total Cases,Percent of cases with a private attorney incarcerated,Percent of cases with a public defender incarcerated
2017,639,421,1060,555,424,979,60.28301887,56.69050051
2018,702,413,1115,614,551,1165,62.95964126,52.70386266
2019,592,347,939,768,467,1235,63.0457934,62.18623482
2020,239,243,482,447,364,811,49.58506224,55.11713933
2021,262,204,466,631,445,1076,56.22317597,58.64312268
2022,252,186,438,640,478,1118,57.53424658,57.2450805
2023,93,135,228,242,255,497,40.78947368,48.69215292
