Disposition Year,Private Attorney Incarceration,Private Attorney No Incarceration,Private Attorney Total Cases,Public Defender Incarceration,Public Defender No Incarceration,Public Defender Total Cases,Percent of cases with a private attorney incarcerated,Percent of cases with a public defender incarcerated
2019,595,355,950,764,456,1220,62.63157895,62.62295082
2020,257,256,513,429,350,779,50.09746589,55.07060334
2021,287,210,497,604,449,1053,57.74647887,57.35992403
2022,266,192,458,634,462,1096,58.07860262,57.84671533
2023,207,171,378,535,415,950,54.76190476,56.31578947
2024,34,62,96,82,120,202,35.41666667,40.59405941
