Disposition Year,Black No Pretrial,Black Pretrial,Black Total Cases,Hispanic No Pretrial,Hispanic Pretrial,Hispanic Total Cases,White No Pretrial,White Pretrial,White Total Cases,Percent of sentenced Black defendants detained pretrial,Percent of sentenced Hispanic defendants detained pretrial,Percent of sentenced White defendants detained pretrial
2019,392,220,612,1351,674,2025,4301,1555,5856,35.94771242,33.28395062,26.55396175
2020,288,104,392,927,384,1311,2840,895,3735,26.53061224,29.29061785,23.96251673
2021,276,206,482,986,543,1529,2946,1291,4237,42.73858921,35.51340746,30.46967194
2022,258,228,486,1018,664,1682,2667,1375,4042,46.91358025,39.47681332,34.01781296
2023,286,234,520,955,676,1631,2278,1245,3523,45,41.44696505,35.33919955
2024,306,226,532,1105,709,1814,2315,1219,3534,42.48120301,39.08489526,34.49349179
2025,76,39,115,247,150,397,626,303,929,33.91304348,37.78337531,32.61571582
