Disposition Year,Black Incarceration,Black No Incarceration,Black Total,Hispanic Incarceration,Hispanic No Incarceration,Hispanic Total,White Incarceration,White No Incarceration,White Total,Percent of Black defendants incarcerated,Percent of Hispanic defendants incarcerated,Percent of White defendants incarcerated
2020,41,62,103,219,144,363,435,403,838,39.80582524,60.49723757,51.9047619
2021,86,61,147,229,160,389,588,443,1031,58.50340136,58.8688946,57.03200776
2022,93,69,162,275,183,458,519,418,937,57.40740741,59.95623632,55.43710021
2023,74,57,131,245,180,425,434,340,774,56.48854962,57.91962175,55.92783505
2024,80,62,142,209,179,388,388,277,665,55.55555556,54.14507772,58.28313253
2025,59,67,126,176,172,348,322,280,602,42.06349206,46.99140401,50.66666667