Disposition Year,Highest Income Neighborhood Incarceration,Highest Income Neighborhood No Incarceration,Highest Income Neighborhood Total Cases,Lowest Income Neighborhood Incarceration,Lowest Income Neighborhood No Incarceration,Lowest Income Neighborhood Total Cases,Percent of cases from highest income zip code incarcerated,Percent of cases from lowest income zip code incarcerated
2017,117,94,211,304,223,527,55.45023697,57.68500949
2018,121,108,229,372,236,608,52.83842795,61.18421053
2019,156,91,247,308,199,507,63.15789474,60.7495069
2020,74,78,152,158,131,289,48.68421053,54.67128028
2021,80,86,166,213,144,357,48.19277108,59.66386555
2022,76,71,147,220,147,367,51.70068027,59.94550409
2023,32,26,58,81,104,185,55.17241379,43.78378378
