Disposition Year,Black No Pretrial,Black Pretrial,Black Total Cases,Hispanic No Pretrial,Hispanic Pretrial,Hispanic Total Cases,White No Pretrial,White Pretrial,White Total Cases,Percent of sentenced Black defendants detained pretrial,Percent of sentenced Hispanic defendants detained pretrial,Percent of sentenced White defendants detained pretrial
2019,393,223,616,1335,667,2002,4302,1548,5850,36.2012987,33.31668332,26.46153846
2020,290,106,396,910,368,1278,2858,901,3759,26.76767677,28.79499218,23.96914073
2021,276,208,484,969,529,1498,2957,1292,4249,42.97520661,35.31375167,30.40715462
2022,262,232,494,996,651,1647,2686,1371,4057,46.96356275,39.52641166,33.79344343
2023,283,230,513,955,655,1610,2283,1216,3499,44.83430799,40.68322981,34.75278651
2024,85,42,127,230,130,360,572,188,760,33.07086614,36.11111111,24.73684211
