Disposition Year,Black No Pretrial,Black Pretrial,Black Total Cases,Hispanic No Pretrial,Hispanic Pretrial,Hispanic Total Cases,White No Pretrial,White Pretrial,White Total Cases,Percent of sentenced Black defendants detained pretrial,Percent of sentenced Hispanic defendants detained pretrial,Percent of sentenced White defendants detained pretrial
2017,364,114,478,1172,331,1503,2761,811,3572,23.84937238,22.02262142,22.7043673
2018,381,188,569,1298,500,1798,4243,1388,5631,33.04042179,27.80867631,24.64926301
2019,394,221,615,1332,661,1993,4298,1554,5852,35.93495935,33.16608128,26.55502392
2020,290,107,397,910,365,1275,2857,902,3759,26.95214106,28.62745098,23.99574355
2021,278,208,486,977,529,1506,2950,1294,4244,42.79835391,35.12616202,30.49010368
2022,263,234,497,1007,668,1675,2716,1381,4097,47.08249497,39.88059701,33.70759092
2023,269,212,481,919,583,1502,2162,1115,3277,44.07484407,38.81491345,34.02502289
