Disposition Year,Private Attorney Incarceration,Private Attorney No Incarceration,Private Attorney Total Cases,Public Defender Incarceration,Public Defender No Incarceration,Public Defender Total Cases,Percent of cases with a private attorney incarcerated,Percent of cases with a public defender incarcerated
2019,595,351,946,759,445,1204,62.89640592,63.03986711
2020,258,249,507,426,337,763,50.88757396,55.83224115
2021,306,210,516,584,429,1013,59.30232558,57.65054294
2022,292,196,488,602,450,1052,59.83606557,57.2243346
2023,235,164,399,514,405,919,58.89724311,55.93035909
2024,184,170,354,490,360,850,51.97740113,57.64705882
2025,21,62,83,93,137,230,25.30120482,40.43478261
