Disposition Year,Private Attorney Incarceration,Private Attorney No Incarceration,Private Attorney Total Cases,Public Defender Incarceration,Public Defender No Incarceration,Public Defender Total Cases,Percent of cases with a private attorney incarcerated,Percent of cases with a public defender incarcerated
2020,270,246,516,427,338,765,52.22437137,55.81699346
2021,308,207,515,583,428,1011,59.80582524,57.66567755
2022,290,192,482,604,450,1054,60.33057851,57.2243346
2023,228,153,381,520,409,929,59.84251969,55.97416577
2024,191,139,330,496,378,874,57.53012048,56.75057208
2025,159,148,307,409,355,764,47.41935484,50.13157895
