Disposition Year,Black Incarceration,Black No Incarceration,Black Total,Hispanic Incarceration,Hispanic No Incarceration,Hispanic Total,White Incarceration,White No Incarceration,White Total,Percent of Black defendants incarcerated,Percent of Hispanic defendants incarcerated,Percent of White defendants incarcerated
2019,97,65,162,343,206,549,881,546,1427,59.87654321,62.47723133,61.7379117
2020,39,59,98,202,144,346,442,403,845,39.79591837,58.38150289,52.30769231
2021,83,62,145,221,162,383,594,444,1038,57.24137931,57.70234987,57.22543353
2022,93,69,162,269,179,448,524,422,946,57.40740741,60.04464286,55.39112051
2023,76,56,132,243,176,419,434,346,780,57.57575758,57.99522673,55.64102564
2024,48,54,102,134,146,280,245,243,488,47.05882353,47.85714286,50.20491803
