Disposition Year,Black Incarceration,Black No Incarceration,Black Total,Hispanic Incarceration,Hispanic No Incarceration,Hispanic Total,White Incarceration,White No Incarceration,White Total,Percent of Black defendants incarcerated,Percent of Hispanic defendants incarcerated,Percent of White defendants incarcerated
2017,97,63,160,278,183,461,657,482,1139,60.625,60.30368764,57.68217735
2018,102,84,186,315,220,535,802,622,1424,54.83870968,58.87850467,56.32022472
2019,96,68,164,339,194,533,886,556,1442,58.53658537,63.60225141,61.44244105
2020,39,60,99,192,139,331,450,408,858,39.39393939,58.0060423,52.44755245
2021,84,61,145,211,162,373,602,442,1044,57.93103448,56.56836461,57.66283525
2022,92,69,161,261,184,445,521,427,948,57.14285714,58.65168539,54.95780591
2023,32,40,72,93,113,206,207,228,435,44.44444444,45.14563107,47.5862069
