,Fine/ Comm. Serv/ Fee,Credit for time served,Probation,Probation plus Jail,Jail,Comm. Corr.,Youth Corr.,Prison
Sentences in 2024,3779,1275,2573,473,467,103,24,393
Change since 2023,11.83782184,8.326253186,-7.279279279,-20.10135135,-20.17094017,-18.25396825,-33.33333333,-19.79591837
