Disposition Year,Black Incarceration,Black No Incarceration,Black Total,Hispanic Incarceration,Hispanic No Incarceration,Hispanic Total,White Incarceration,White No Incarceration,White Total,Percent of Black defendants incarcerated,Percent of Hispanic defendants incarcerated,Percent of White defendants incarcerated
2017,97,64,161,283,186,469,660,480,1140,60.2484472,60.34115139,57.89473684
2018,102,84,186,319,223,542,802,620,1422,54.83870968,58.85608856,56.39943741
2019,96,67,163,345,197,542,879,554,1433,58.89570552,63.65313653,61.33984648
2020,39,59,98,196,140,336,447,409,856,39.79591837,58.33333333,52.21962617
2021,83,61,144,218,164,382,595,441,1036,57.63888889,57.06806283,57.43243243
2022,92,69,161,266,185,451,525,416,941,57.14285714,58.98004435,55.79171095
2023,51,55,106,169,147,316,306,292,598,48.11320755,53.48101266,51.17056856
