Disposition Year,Black Incarceration,Black No Incarceration,Black Total,Hispanic Incarceration,Hispanic No Incarceration,Hispanic Total,White Incarceration,White No Incarceration,White Total,Percent of Black defendants incarcerated,Percent of Hispanic defendants incarcerated,Percent of White defendants incarcerated
2019,95,65,160,346,206,552,881,545,1426,59.375,62.68115942,61.78120617
2020,37,59,96,208,143,351,438,404,842,38.54166667,59.25925926,52.01900238
2021,83,62,145,223,162,385,594,443,1037,57.24137931,57.92207792,57.28061716
2022,93,69,162,270,180,450,524,421,945,57.40740741,60,55.44973545
2023,76,57,133,244,176,420,433,344,777,57.14285714,58.0952381,55.72715573
2024,65,65,130,189,193,382,343,306,649,50,49.47643979,52.85053929
