,Fine/ Comm. Serv/ Fee,Credit for time served,Probation,Probation plus Jail,Jail,Comm. Corr.,Youth Corr.,Prison
Sentences in 2024,3958,1398,2756,546,516,119,27,442
Change since 2023,16.78961346,18.67572156,-1.044668588,-8.922558923,-11.96581197,-7.874015748,-25,-10.81632653
