Disposition Year,Black Incarceration,Black No Incarceration,Black Total,Hispanic Incarceration,Hispanic No Incarceration,Hispanic Total,White Incarceration,White No Incarceration,White Total,Percent of Black defendants incarcerated,Percent of Hispanic defendants incarcerated,Percent of White defendants incarcerated
2017,95,65,160,291,186,477,661,480,1141,59.375,61.00628931,57.93163891
2018,103,84,187,317,223,540,807,622,1429,55.0802139,58.7037037,56.47305808
2019,97,66,163,346,199,545,879,553,1432,59.50920245,63.48623853,61.38268156
2020,39,59,98,198,139,337,446,410,856,39.79591837,58.7537092,52.10280374
2021,83,61,144,220,162,382,595,449,1044,57.63888889,57.59162304,56.99233716
2022,93,69,162,270,178,448,523,422,945,57.40740741,60.26785714,55.34391534
2023,73,60,133,241,178,419,428,350,778,54.88721805,57.51789976,55.01285347
2024,15,19,34,39,43,82,59,117,176,44.11764706,47.56097561,33.52272727
