Disposition Year,Private Attorney Incarceration,Private Attorney No Incarceration,Private Attorney Total Cases,Public Defender Incarceration,Public Defender No Incarceration,Public Defender Total Cases,Percent of cases with a private attorney incarcerated,Percent of cases with a public defender incarcerated
2017,637,420,1057,554,424,978,60.26490066,56.64621677
2018,702,409,1111,614,552,1166,63.18631863,52.65866209
2019,590,345,935,771,467,1238,63.10160428,62.27786753
2020,235,239,474,450,369,819,49.57805907,54.94505495
2021,260,199,459,632,454,1086,56.64488017,58.19521179
2022,248,188,436,652,472,1124,56.88073394,58.00711744
2023,183,178,361,498,425,923,50.69252078,53.95449621
