Disposition Year,Black No Pretrial,Black Pretrial,Black Total Cases,Hispanic No Pretrial,Hispanic Pretrial,Hispanic Total Cases,White No Pretrial,White Pretrial,White Total Cases,Percent of sentenced Black defendants detained pretrial,Percent of sentenced Hispanic defendants detained pretrial,Percent of sentenced White defendants detained pretrial
2019,391,224,615,1343,664,2007,4298,1550,5848,36.42276423,33.08420528,26.50478796
2020,290,105,395,913,377,1290,2847,893,3740,26.58227848,29.2248062,23.87700535
2021,276,208,484,974,538,1512,2952,1287,4239,42.97520661,35.58201058,30.36093418
2022,259,226,485,1008,654,1662,2677,1376,4053,46.59793814,39.35018051,33.95016038
2023,277,233,510,953,666,1619,2276,1231,3507,45.68627451,41.13650401,35.10122612
2024,156,96,252,531,294,825,1148,513,1661,38.0952381,35.63636364,30.88500903
