Disposition Year,Black No Pretrial,Black Pretrial,Black Total Cases,Hispanic No Pretrial,Hispanic Pretrial,Hispanic Total Cases,White No Pretrial,White Pretrial,White Total Cases,Percent of sentenced Black defendants detained pretrial,Percent of sentenced Hispanic defendants detained pretrial,Percent of sentenced White defendants detained pretrial
2019,393,222,615,1348,667,2015,4293,1553,5846,36.09756098,33.10173697,26.56517277
2020,289,105,394,915,380,1295,2846,893,3739,26.64974619,29.34362934,23.88339128
2021,276,207,483,977,536,1513,2949,1291,4240,42.85714286,35.42630535,30.44811321
2022,259,226,485,1006,656,1662,2677,1378,4055,46.59793814,39.47051745,33.98273736
2023,281,234,515,957,674,1631,2274,1232,3506,45.4368932,41.3243409,35.13976041
2024,232,150,382,794,450,1244,1668,805,2473,39.26701571,36.17363344,32.55155681
