Disposition Year,Black Incarceration,Black No Incarceration,Black Total,Hispanic Incarceration,Hispanic No Incarceration,Hispanic Total,White Incarceration,White No Incarceration,White Total,Percent of Black defendants incarcerated,Percent of Hispanic defendants incarcerated,Percent of White defendants incarcerated
2019,95,65,160,348,203,551,880,548,1428,59.375,63.15789474,61.62464986
2020,37,60,97,206,144,350,440,402,842,38.1443299,58.85714286,52.25653207
2021,84,61,145,227,162,389,591,443,1034,57.93103448,58.35475578,57.15667311
2022,93,69,162,272,181,453,522,421,943,57.40740741,60.04415011,55.3552492
2023,75,57,132,244,174,418,434,346,780,56.81818182,58.37320574,55.64102564
2024,77,63,140,205,182,387,380,284,664,55,52.97157623,57.22891566
2025,4,24,28,37,62,99,74,113,187,14.28571429,37.37373737,39.57219251
