Disposition Year,Black No Pretrial,Black Pretrial,Black Total Cases,Hispanic No Pretrial,Hispanic Pretrial,Hispanic Total Cases,White No Pretrial,White Pretrial,White Total Cases,Percent of sentenced Black defendants detained pretrial,Percent of sentenced Hispanic defendants detained pretrial,Percent of sentenced White defendants detained pretrial
2017.0,358.0,115.0,473.0,1136.0,314.0,1450.0,2720.0,806.0,3526.0,24.31289641,21.65517241,22.85876347
2018.0,372.0,189.0,561.0,1255.0,498.0,1753.0,4249.0,1383.0,5632.0,33.68983957,28.40844267,24.55610795
2019.0,391.0,219.0,610.0,1307.0,644.0,1951.0,4324.0,1568.0,5892.0,35.90163934,33.00871348,26.61235574
2020.0,291.0,106.0,397.0,875.0,349.0,1224.0,2871.0,914.0,3785.0,26.70025189,28.5130719,24.14795244
2021.0,277.0,207.0,484.0,971.0,499.0,1470.0,2932.0,1321.0,4253.0,42.76859504,33.94557823,31.06042793
2022.0,263.0,226.0,489.0,987.0,628.0,1615.0,2708.0,1357.0,4065.0,46.21676892,38.88544892,33.38253383
2023.0,56.0,51.0,107.0,291.0,140.0,431.0,641.0,289.0,930.0,47.6635514,32.48259861,31.07526882
