,Fine/ Comm. Serv/ Fee,Credit for time served,Probation,Probation plus Jail,Jail,Comm. Corr.,Youth Corr.,Prison
Sentences in 2023,3376,1171,2762,586,585,126,36,491
Change since 2022,-24.28795694,3.628318584,-12.23387353,-19.7260274,2.811950791,-38.53658537,-5.263157895,-10.40145985
