,Fine/ Comm. Serv/ Fee,Credit for time served,Probation,Probation plus Jail,Jail,Comm. Corr.,Youth Corr.,Prison
Sentences in 2025,3166,1053,2397,476,549,80,35,375
Change since 2024,-20.07068922,-24.6241947,-13.15217391,-14.23423423,6.601941748,-33.33333333,16.66666667,-15.91928251
