Disposition Year,Highest Income Neighborhood Incarceration,Highest Income Neighborhood No Incarceration,Highest Income Neighborhood Total Cases,Lowest Income Neighborhood Incarceration,Lowest Income Neighborhood No Incarceration,Lowest Income Neighborhood Total Cases,Percent of cases from highest income zip code incarcerated,Percent of cases from lowest income zip code incarcerated
2017,117,97,214,305,217,522,54.6728972,58.42911877
2018,127,113,240,356,228,584,52.91666667,60.95890411
2019,155,92,247,307,211,518,62.75303644,59.26640927
2020,67,78,145,155,134,289,46.20689655,53.63321799
2021,78,83,161,211,145,356,48.44720497,59.26966292
2022,74,75,149,223,143,366,49.66442953,60.92896175
2023,60,54,114,167,144,311,52.63157895,53.6977492
