Disposition Year,Black Incarceration,Black No Incarceration,Black Total,Hispanic Incarceration,Hispanic No Incarceration,Hispanic Total,White Incarceration,White No Incarceration,White Total,Percent of Black defendants incarcerated,Percent of Hispanic defendants incarcerated,Percent of White defendants incarcerated
2019,93,67,160,349,201,550,880,548,1428,58.125,63.45454545,61.62464986
2020,43,61,104,203,143,346,437,403,840,41.34615385,58.67052023,52.02380952
2021,85,61,146,228,162,390,590,443,1033,58.21917808,58.46153846,57.11519845
2022,93,69,162,272,181,453,522,421,943,57.40740741,60.04415011,55.3552492
2023,75,57,132,245,175,420,432,346,778,56.81818182,58.33333333,55.52699229
2024,78,63,141,208,180,388,385,279,664,55.31914894,53.60824742,57.98192771
2025,23,35,58,72,105,177,148,173,321,39.65517241,40.6779661,46.105919
