Disposition Year,Black Incarceration,Black No Incarceration,Black Total,Hispanic Incarceration,Hispanic No Incarceration,Hispanic Total,White Incarceration,White No Incarceration,White Total,Percent of Black defendants incarcerated,Percent of Hispanic defendants incarcerated,Percent of White defendants incarcerated
2019,97,65,162,344,204,548,880,548,1428,59.87654321,62.77372263,61.62464986
2020,39,59,98,201,144,345,441,403,844,39.79591837,58.26086957,52.25118483
2021,83,61,144,222,163,385,593,445,1038,57.63888889,57.66233766,57.12909441
2022,93,68,161,269,181,450,523,420,943,57.76397516,59.77777778,55.46129374
2023,76,56,132,243,177,420,434,344,778,57.57575758,57.85714286,55.7840617
2024,33,36,69,86,95,181,153,169,322,47.82608696,47.51381215,47.51552795
