Disposition Year,Black Incarceration,Black No Incarceration,Black Total,Hispanic Incarceration,Hispanic No Incarceration,Hispanic Total,White Incarceration,White No Incarceration,White Total,Percent of Black defendants incarcerated,Percent of Hispanic defendants incarcerated,Percent of White defendants incarcerated
2017,97,63,160,63,43,106,864,607,1471,60.625,59.43396226,58.73555404
2018,103,80,183,76,54,130,1040,784,1824,56.28415301,58.46153846,57.01754386
2019,95,65,160,80,44,124,1146,710,1856,59.375,64.51612903,61.74568966
2020,37,58,95,49,33,82,592,516,1108,38.94736842,59.75609756,53.42960289
2021,82,62,144,71,62,133,736,549,1285,56.94444444,53.38345865,57.27626459
2022,56,68,124,41,57,98,456,471,927,45.16129032,41.83673469,49.19093851