Disposition Year,Private Attorney Incarceration,Private Attorney No Incarceration,Private Attorney Total Cases,Public Defender Incarceration,Public Defender No Incarceration,Public Defender Total Cases,Percent of cases with a private attorney incarcerated,Percent of cases with a public defender incarcerated
2017,638,420,1058,555,424,979,60.30245747,56.69050051
2018,702,413,1115,613,550,1163,62.95964126,52.70851247
2019,592,346,938,769,466,1235,63.1130064,62.26720648
2020,237,239,476,449,368,817,49.78991597,54.95716034
2021,259,199,458,633,452,1085,56.55021834,58.34101382
2022,249,181,430,650,473,1123,57.90697674,57.88067676
2023,143,156,299,383,339,722,47.82608696,53.04709141
