Disposition Year,Private Attorney Incarceration,Private Attorney No Incarceration,Private Attorney Total Cases,Public Defender Incarceration,Public Defender No Incarceration,Public Defender Total Cases,Percent of cases with a private attorney incarcerated,Percent of cases with a public defender incarcerated
2017.0,639.0,421.0,1060.0,555.0,425.0,980.0,60.28301887,56.63265306
2018.0,702.0,415.0,1117.0,613.0,551.0,1164.0,62.84691137,52.66323024
2019.0,595.0,347.0,942.0,764.0,468.0,1232.0,63.16348195,62.01298701
2020.0,240.0,243.0,483.0,448.0,363.0,811.0,49.68944099,55.2404439
2021.0,264.0,208.0,472.0,626.0,443.0,1069.0,55.93220339,58.55940131
2022.0,252.0,194.0,446.0,631.0,475.0,1106.0,56.50224215,57.05244123
2023.0,39.0,84.0,123.0,102.0,139.0,241.0,31.70731707,42.32365145
