,Fine/ Comm. Serv/ Fee,Credit for time served,Probation,Probation plus Jail,Jail,Comm. Corr.,Youth Corr.,Prison
Sentences in 2022,4460,1129,3137,724,564,204,38,542
Change since 2021,-26.4,17.91044776,-7.927382753,-10.8815427,-3.730017762,-22.55319149,-10.25641026,1.775147929
