Disposition Year,Black No Pretrial,Black Pretrial,Black Total Cases,Hispanic No Pretrial,Hispanic Pretrial,Hispanic Total Cases,White No Pretrial,White Pretrial,White Total Cases,Percent of sentenced Black defendants detained pretrial,Percent of sentenced Hispanic defendants detained pretrial,Percent of sentenced White defendants detained pretrial
2017,359,115,474,253,66,319,3436,1046,4482,24.26160338,20.68965517,23.33779563
2018,368,190,558,267,130,397,5173,1749,6922,34.05017921,32.74559194,25.2672638
2019,388,211,599,328,173,501,5262,2028,7290,35.22537563,34.53093812,27.81893004
2020,283,103,386,275,103,378,3437,1157,4594,26.68393782,27.24867725,25.18502394
2021,268,204,472,326,185,511,3576,1626,5202,43.22033898,36.2035225,31.25720877
2022,210,155,365,239,156,395,2483,1170,3653,42.46575342,39.49367089,32.02846975
