Disposition Year,Black No Pretrial,Black Pretrial,Black Total Cases,Hispanic No Pretrial,Hispanic Pretrial,Hispanic Total Cases,White No Pretrial,White Pretrial,White Total Cases,Percent of sentenced Black defendants detained pretrial,Percent of sentenced Hispanic defendants detained pretrial,Percent of sentenced White defendants detained pretrial
2017,356,115,471,1151,321,1472,2728,807,3535,24.41613588,21.80706522,22.82885431
2018,377,188,565,1276,503,1779,4241,1382,5623,33.27433628,28.27431141,24.5776276
2019,394,219,613,1318,654,1972,4309,1563,5872,35.72593801,33.1643002,26.61784741
2020,292,107,399,891,355,1246,2860,906,3766,26.81704261,28.49117175,24.05735528
2021,275,208,483,971,509,1480,2928,1315,4243,43.06418219,34.39189189,30.99222248
2022,262,230,492,995,641,1636,2691,1353,4044,46.74796748,39.1809291,33.45697329
2023,145,100,245,527,287,814,1253,589,1842,40.81632653,35.25798526,31.97611292
