Disposition Year,Private Attorney Incarceration,Private Attorney No Incarceration,Private Attorney Total Cases,Public Defender Incarceration,Public Defender No Incarceration,Public Defender Total Cases,Percent of cases with a private attorney incarcerated,Percent of cases with a public defender incarcerated
2019,596,351,947,759,446,1205,62.93558606,62.98755187
2020,258,250,508,426,336,762,50.78740157,55.90551181
2021,306,212,518,583,429,1012,59.07335907,57.60869565
2022,293,198,491,602,451,1053,59.67413442,57.1699905
2023,234,167,401,515,402,917,58.35411471,56.16139586
2024,169,185,354,438,381,819,47.74011299,53.47985348
