Disposition Year,Highest Income Neighborhood Incarceration,Highest Income Neighborhood No Incarceration,Highest Income Neighborhood Total Cases,Lowest Income Neighborhood Incarceration,Lowest Income Neighborhood No Incarceration,Lowest Income Neighborhood Total Cases,Percent of cases from highest income zip code incarcerated,Percent of cases from lowest income zip code incarcerated
2017.0,120.0,95.0,215.0,308.0,230.0,538.0,55.81395349,57.24907063
2018.0,126.0,111.0,237.0,365.0,234.0,599.0,53.16455696,60.93489149
2019.0,159.0,99.0,258.0,300.0,199.0,499.0,61.62790698,60.12024048
2020.0,68.0,78.0,146.0,154.0,128.0,282.0,46.57534247,54.60992908
2021.0,80.0,89.0,169.0,202.0,145.0,347.0,47.33727811,58.21325648
2022.0,75.0,76.0,151.0,209.0,163.0,372.0,49.66887417,56.1827957
2023.0,15.0,10.0,25.0,29.0,62.0,91.0,60.0,31.86813187
