,Fine/ Comm. Serv/ Fee,Credit for time served,Probation,Probation plus Jail,Jail,Comm. Corr.,Youth Corr.,Prison
Sentences in 2023,3208,1049,2545,503,555,120,32,441
Change since 2022,-28.53642237,-9.802235598,-19.64003789,-31.09589041,-3.141361257,-42.02898551,-20,-19.52554745
