Disposition Year,Black Plea to Lesser Charge,Black No Plea to Lesser Charge,Black Total Guilty Pleas,Hispanic Plea to Lesser Charge,Hispanic No Plea to Lesser Charge,Hispanic Total Guilty Pleas,White Plea to Lesser Charge,White No Plea to Lesser Charge,White Total Guilty Pleas,Percent of Black defendants pleading to a lesser charge,Percent of Hispanic defendants pleading to a lesser charge,Percent of White defendants pleading to a lesser charge
2019,146,160,306,468,551,1019,1273,1428,2701,47.7124183,45.92737978,47.13069234
2020,98,97,195,306,350,656,838,842,1680,50.25641026,46.64634146,49.88095238
2021,111,145,256,306,389,695,824,1034,1858,43.359375,44.02877698,44.34876211
2022,99,162,261,298,453,751,699,943,1642,37.93103448,39.6804261,42.57003654
2023,112,132,244,313,418,731,685,780,1465,45.90163934,42.81805746,46.75767918
2024,100,140,240,331,387,718,594,664,1258,41.66666667,46.10027855,47.21780604
2025,27,28,55,85,99,184,173,187,360,49.09090909,46.19565217,48.05555556
