Disposition Year,Black Plea to Lesser Charge,Black No Plea to Lesser Charge,Black Total Guilty Pleas,Hispanic Plea to Lesser Charge,Hispanic No Plea to Lesser Charge,Hispanic Total Guilty Pleas,White Plea to Lesser Charge,White No Plea to Lesser Charge,White Total Guilty Pleas,Percent of Black defendants pleading to a lesser charge,Percent of Hispanic defendants pleading to a lesser charge,Percent of White defendants pleading to a lesser charge
2017,118,160,278,260,461,721,782,1139,1921,42.44604317,36.06102635,40.7079646
2018,116,186,302,349,535,884,1116,1424,2540,38.41059603,39.47963801,43.93700787
2019,144,164,308,449,533,982,1286,1442,2728,46.75324675,45.72301426,47.14076246
2020,99,99,198,296,331,627,849,858,1707,50,47.20893142,49.73637961
2021,112,145,257,307,373,680,821,1044,1865,43.57976654,45.14705882,44.02144772
2022,104,161,265,301,445,746,695,948,1643,39.24528302,40.34852547,42.30066951
2023,44,72,116,157,206,363,340,435,775,37.93103448,43.25068871,43.87096774
