Disposition Year,Black Plea to Lesser Charge,Black No Plea to Lesser Charge,Black Total Guilty Pleas,Hispanic Plea to Lesser Charge,Hispanic No Plea to Lesser Charge,Hispanic Total Guilty Pleas,White Plea to Lesser Charge,White No Plea to Lesser Charge,White Total Guilty Pleas,Percent of Black defendants pleading to a lesser charge,Percent of Hispanic defendants pleading to a lesser charge,Percent of White defendants pleading to a lesser charge
2019,148,160,308,464,552,1016,1273,1426,2699,48.05194805,45.66929134,47.1656169
2020,97,96,193,307,351,658,837,842,1679,50.25906736,46.65653495,49.85110185
2021,111,145,256,305,385,690,825,1037,1862,43.359375,44.20289855,44.30719656
2022,100,162,262,296,450,746,701,945,1646,38.16793893,39.67828418,42.58809235
2023,112,133,245,315,420,735,685,777,1462,45.71428571,42.85714286,46.85362517
2024,98,130,228,326,382,708,573,649,1222,42.98245614,46.04519774,46.8903437
