Disposition Year,Black Plea to Lesser Charge,Black No Plea to Lesser Charge,Black Total Guilty Pleas,Hispanic Plea to Lesser Charge,Hispanic No Plea to Lesser Charge,Hispanic Total Guilty Pleas,White Plea to Lesser Charge,White No Plea to Lesser Charge,White Total Guilty Pleas,Percent of Black defendants pleading to a lesser charge,Percent of Hispanic defendants pleading to a lesser charge,Percent of White defendants pleading to a lesser charge
2017,119,161,280,271,469,740,782,1140,1922,42.5,36.62162162,40.6867846
2018,117,186,303,353,542,895,1116,1422,2538,38.61386139,39.44134078,43.97163121
2019,144,163,307,455,542,997,1283,1433,2716,46.90553746,45.63691073,47.23858616
2020,99,98,197,300,336,636,845,856,1701,50.25380711,47.16981132,49.67666079
2021,112,144,256,307,382,689,820,1036,1856,43.75,44.55732946,44.18103448
2022,106,161,267,297,451,748,699,941,1640,39.70037453,39.70588235,42.62195122
2023,75,106,181,235,316,551,499,598,1097,41.43646409,42.64972777,45.48769371
