Disposition Year,Black Plea to Lesser Charge,Black No Plea to Lesser Charge,Black Total Guilty Pleas,Hispanic Plea to Lesser Charge,Hispanic No Plea to Lesser Charge,Hispanic Total Guilty Pleas,White Plea to Lesser Charge,White No Plea to Lesser Charge,White Total Guilty Pleas,Percent of Black defendants pleading to a lesser charge,Percent of Hispanic defendants pleading to a lesser charge,Percent of White defendants pleading to a lesser charge
2017,119,162,281,271,468,739,783,1143,1926,42.34875445,36.67117727,40.65420561
2018,118,186,304,352,542,894,1117,1424,2541,38.81578947,39.37360179,43.95907123
2019,146,163,309,454,544,998,1285,1433,2718,47.24919094,45.49098196,47.27740986
2020,98,98,196,302,337,639,847,858,1705,50,47.26134585,49.67741935
2021,114,145,259,309,384,693,820,1038,1858,44.01544402,44.58874459,44.13347686
2022,104,161,265,294,454,748,708,947,1655,39.24528302,39.30481283,42.77945619
2023,106,126,232,306,396,702,653,757,1410,45.68965517,43.58974359,46.31205674
