Disposition Year,Black Plea to Lesser Charge,Black No Plea to Lesser Charge,Black Total Guilty Pleas,Hispanic Plea to Lesser Charge,Hispanic No Plea to Lesser Charge,Hispanic Total Guilty Pleas,White Plea to Lesser Charge,White No Plea to Lesser Charge,White Total Guilty Pleas,Percent of Black defendants pleading to a lesser charge,Percent of Hispanic defendants pleading to a lesser charge,Percent of White defendants pleading to a lesser charge
2019,144,160,304,466,550,1016,1278,1428,2706,47.36842105,45.86614173,47.22838137
2020,99,104,203,305,346,651,839,840,1679,48.76847291,46.85099846,49.97022037
2021,111,146,257,311,390,701,818,1033,1851,43.19066148,44.36519258,44.19232847
2022,99,162,261,303,453,756,696,943,1639,37.93103448,40.07936508,42.46491763
2023,112,132,244,316,420,736,682,778,1460,45.90163934,42.93478261,46.71232877
2024,99,141,240,331,388,719,594,664,1258,41.25,46.03616134,47.21780604
2025,53,58,111,148,177,325,299,321,620,47.74774775,45.53846154,48.22580645
