Disposition Year,Black Plea to Lesser Charge,Black No Plea to Lesser Charge,Black Total Guilty Pleas,Hispanic Plea to Lesser Charge,Hispanic No Plea to Lesser Charge,Hispanic Total Guilty Pleas,White Plea to Lesser Charge,White No Plea to Lesser Charge,White Total Guilty Pleas,Percent of Black defendants pleading to a lesser charge,Percent of Hispanic defendants pleading to a lesser charge,Percent of White defendants pleading to a lesser charge
2019,147,162,309,458,548,1006,1273,1428,2701,47.57281553,45.52683897,47.13069234
2020,98,98,196,305,345,650,838,844,1682,50,46.92307692,49.8216409
2021,112,144,256,307,385,692,822,1038,1860,43.75,44.36416185,44.19354839
2022,99,161,260,297,450,747,704,943,1647,38.07692308,39.75903614,42.74438373
2023,110,132,242,313,420,733,687,778,1465,45.45454545,42.70122783,46.89419795
2024,47,69,116,161,181,342,272,322,594,40.51724138,47.07602339,45.79124579
