Disposition Year,Black Plea to Lesser Charge,Black No Plea to Lesser Charge,Black Total Guilty Pleas,Hispanic Plea to Lesser Charge,Hispanic No Plea to Lesser Charge,Hispanic Total Guilty Pleas,White Plea to Lesser Charge,White No Plea to Lesser Charge,White Total Guilty Pleas,Percent of Black defendants pleading to a lesser charge,Percent of Hispanic defendants pleading to a lesser charge,Percent of White defendants pleading to a lesser charge
2017.0,118.0,160.0,278.0,256.0,453.0,709.0,783.0,1137.0,1920.0,42.44604317,36.10719323,40.78125
2018.0,117.0,185.0,302.0,342.0,526.0,868.0,1119.0,1427.0,2546.0,38.74172185,39.40092166,43.95129615
2019.0,143.0,163.0,306.0,447.0,529.0,976.0,1289.0,1447.0,2736.0,46.73202614,45.79918033,47.1125731
2020.0,99.0,99.0,198.0,291.0,326.0,617.0,854.0,864.0,1718.0,50.0,47.1636953,49.70896391
2021.0,112.0,145.0,257.0,309.0,367.0,676.0,821.0,1050.0,1871.0,43.57976654,45.71005917,43.88027793
2022.0,101.0,161.0,262.0,300.0,439.0,739.0,693.0,953.0,1646.0,38.54961832,40.59539919,42.10206561
2023.0,10.0,29.0,39.0,74.0,101.0,175.0,163.0,222.0,385.0,25.64102564,42.28571429,42.33766234
