Disposition Year,Black Plea to Lesser Charge,Black No Plea to Lesser Charge,Black Total Guilty Pleas,Hispanic Plea to Lesser Charge,Hispanic No Plea to Lesser Charge,Hispanic Total Guilty Pleas,White Plea to Lesser Charge,White No Plea to Lesser Charge,White Total Guilty Pleas,Percent of Black defendants pleading to a lesser charge,Percent of Hispanic defendants pleading to a lesser charge,Percent of White defendants pleading to a lesser charge
2017,118,160,278,55,106,161,973,1471,2444,42.44604317,34.16149068,39.81178396
2018,114,183,297,81,130,211,1378,1824,3202,38.38383838,38.38862559,43.03560275
2019,143,160,303,89,124,213,1645,1856,3501,47.19471947,41.78403756,46.98657526
2020,98,95,193,92,82,174,1053,1108,2161,50.77720207,52.87356322,48.727441
2021,110,144,254,96,133,229,1036,1285,2321,43.30708661,41.92139738,44.63593279
2022,74,124,198,82,98,180,659,927,1586,37.37373737,45.55555556,41.55107188