Disposition Year,Black Plea to Lesser Charge,Black No Plea to Lesser Charge,Black Total Guilty Pleas,Hispanic Plea to Lesser Charge,Hispanic No Plea to Lesser Charge,Hispanic Total Guilty Pleas,White Plea to Lesser Charge,White No Plea to Lesser Charge,White Total Guilty Pleas,Percent of Black defendants pleading to a lesser charge,Percent of Hispanic defendants pleading to a lesser charge,Percent of White defendants pleading to a lesser charge
2020,100,103,203,306,363,669,837,838,1675,49.26108374,45.73991031,49.97014925
2021,112,147,259,314,389,703,813,1031,1844,43.24324324,44.66571835,44.08893709
2022,101,162,263,304,458,762,693,937,1630,38.40304183,39.89501312,42.51533742
2023,110,131,241,316,425,741,683,774,1457,45.64315353,42.64507422,46.87714482
2024,102,142,244,334,388,722,589,665,1254,41.80327869,46.26038781,46.96969697
2025,107,125,232,318,348,666,574,602,1176,46.12068966,47.74774775,48.80952381
