,Fine/ Comm. Serv/ Fee,Credit for time served,Probation,Probation plus Jail,Jail,Comm. Corr.,Youth Corr.,Prison
Sentences in 2024,1879,368,1181,271,158,126,39,219
Change since 2023,-10.09569378,-13.20754717,-4.061738424,-24.51253482,-31.30434783,-1.5625,-20.40816327,-26.01351351
