Disposition Year,Black No Pretrial,Black Pretrial,Black Total Cases,Hispanic No Pretrial,Hispanic Pretrial,Hispanic Total Cases,White No Pretrial,White Pretrial,White Total Cases,Percent of sentenced Black defendants detained pretrial,Percent of sentenced Hispanic defendants detained pretrial,Percent of sentenced White defendants detained pretrial
2017.0,59.0,44.0,103.0,220.0,190.0,410.0,1591.0,979.0,2570.0,42.7184466,46.34146341,38.09338521
2018.0,62.0,62.0,124.0,302.0,219.0,521.0,1923.0,1155.0,3078.0,50.0,42.03454894,37.52436647
2019.0,62.0,45.0,107.0,285.0,173.0,458.0,1852.0,1139.0,2991.0,42.05607477,37.77292576,38.08090939
2020.0,64.0,47.0,111.0,187.0,150.0,337.0,1110.0,682.0,1792.0,42.34234234,44.51038576,38.05803571
2021.0,37.0,26.0,63.0,306.0,177.0,483.0,1500.0,799.0,2299.0,41.26984127,36.64596273,34.75424097
2022.0,47.0,37.0,84.0,283.0,206.0,489.0,1608.0,1034.0,2642.0,44.04761905,42.12678937,39.13701741
2023.0,16.0,11.0,27.0,72.0,42.0,114.0,362.0,196.0,558.0,40.74074074,36.84210526,35.12544803
