,Fine/ Comm. Serv/ Fee,Credit for time served,Probation,Probation plus Jail,Jail,Comm. Corr.,Youth Corr.,Prison
Sentences in 2024,1857,359,1164,268,155,126,39,214
Change since 2023,-11.14832536,-15.33018868,-5.288852726,-25.34818942,-32.60869565,-1.5625,-20.40816327,-27.7027027
