,Fine/ Comm. Serv/ Fee,Credit for time served,Probation,Probation plus Jail,Jail,Comm. Corr.,Youth Corr.,Prison
Sentences in 2023,1932,395,1141,335,209,124,36,269
Change since 2022,-10.05586592,-15.41755889,-24.08516301,20.93862816,4.5,-12.67605634,33.33333333,-8.19112628
