,Fine/ Comm. Serv/ Fee,Credit for time served,Probation,Probation plus Jail,Jail,Comm. Corr.,Youth Corr.,Prison
Sentences in 2022,2102,462,1473,270,197,132,25,283
Change since 2021,19.10430839,71.00371747,20.16393443,5.882352941,-2,-23.52941176,-14.81481481,-0.354609929
