,Fine/ Comm. Serv/ Fee,Credit for time served,Probation,Probation plus Jail,Jail,Comm. Corr.,Youth Corr.,Prison
Sentences in 2023,2056,415,1191,350,222,127,38,283
Change since 2022,-5.253456221,-11.32478632,-21.48978247,26.8115942,9.900990099,-10.56338028,35.71428571,-3.741496599
