Disposition Year,Private Attorney Incarceration,Private Attorney No Incarceration,Private Attorney Total Cases,Public Defender Incarceration,Public Defender No Incarceration,Public Defender Total Cases,Percent of cases with a private attorney incarcerated,Percent of cases with a public defender incarcerated
2017.0,413.0,202.0,615.0,177.0,141.0,318.0,67.15447154,55.66037736
2018.0,391.0,195.0,586.0,274.0,172.0,446.0,66.72354949,61.43497758
2019.0,317.0,147.0,464.0,284.0,172.0,456.0,68.31896552,62.28070175
2020.0,232.0,107.0,339.0,171.0,112.0,283.0,68.43657817,60.42402827
2021.0,240.0,130.0,370.0,259.0,120.0,379.0,64.86486486,68.33773087
2022.0,208.0,119.0,327.0,241.0,182.0,423.0,63.60856269,56.97399527
2023.0,47.0,15.0,62.0,53.0,23.0,76.0,75.80645161,69.73684211
