Disposition Year,Black No Pretrial,Black Pretrial,Black Total Cases,Hispanic No Pretrial,Hispanic Pretrial,Hispanic Total Cases,White No Pretrial,White Pretrial,White Total Cases,Percent of Black defendants detained pretrial,Percent of Hispanic defendants detained pretrial,Percent of White defendants detained pretrial
2019,26,7,33,121,37,158,896,284,1180,21.21212121,23.41772152,24.06779661
2020,39,10,49,102,25,127,765,227,992,20.40816327,19.68503937,22.88306452
2021,39,7,46,111,31,142,742,222,964,15.2173913,21.83098592,23.02904564
2022,32,9,41,94,36,130,632,195,827,21.95121951,27.69230769,23.57920193
2023,34,5,39,77,17,94,454,142,596,12.82051282,18.08510638,23.82550336
2024,7,1,8,18,2,20,73,29,102,,10,28.43137255
