Disposition Year,Black Incarceration,Black No Incarceration,Black Total,Hispanic Incarceration,Hispanic No Incarceration,Hispanic Total,White Incarceration,White No Incarceration,White Total,Percent of Black defendants incarcerated,Percent of Hispanic defendants incarcerated,Percent of White defendants incarcerated
2019,14,1,15,41,14,55,134,96,230,,74.54545455,58.26086957
2020,17,4,21,26,10,36,126,58,184,80.95238095,72.22222222,68.47826087
2021,24,2,26,34,9,43,135,66,201,92.30769231,79.06976744,67.1641791
2022,18,2,20,31,12,43,123,74,197,90,72.09302326,62.43654822
2023,8,6,14,20,8,28,85,43,128,,71.42857143,66.40625
2024,8,3,11,24,4,28,95,34,129,,85.71428571,73.64341085
2025,7,1,8,10,3,13,33,16,49,,,67.34693878
