Disposition Year,Black Incarceration,Black No Incarceration,Black Total,Hispanic Incarceration,Hispanic No Incarceration,Hispanic Total,White Incarceration,White No Incarceration,White Total,Percent of Black defendants incarcerated,Percent of Hispanic defendants incarcerated,Percent of White defendants incarcerated
2019,14,1,15,40,14,54,134,96,230,,74.07407407,58.26086957
2020,17,4,21,26,10,36,126,57,183,80.95238095,72.22222222,68.85245902
2021,24,2,26,34,9,43,135,66,201,92.30769231,79.06976744,67.1641791
2022,18,2,20,31,12,43,120,74,194,90,72.09302326,61.8556701
2023,8,6,14,21,8,29,84,44,128,57.14285714,72.4137931,65.625
2024,6,2,8,18,4,22,67,25,92,,81.81818182,72.82608696
