Disposition Year,Black No Pretrial,Black Pretrial,Black Total Cases,Hispanic No Pretrial,Hispanic Pretrial,Hispanic Total Cases,White No Pretrial,White Pretrial,White Total Cases,Percent of Black defendants detained pretrial,Percent of Hispanic defendants detained pretrial,Percent of White defendants detained pretrial
2019,26,7,33,123,38,161,896,284,1180,21.21212121,23.60248447,24.06779661
2020,39,10,49,104,25,129,766,227,993,20.40816327,19.37984496,22.86002014
2021,39,7,46,111,31,142,742,221,963,15.2173913,21.83098592,22.94911734
2022,33,9,42,95,36,131,639,197,836,21.42857143,27.48091603,23.5645933
2023,33,6,39,80,17,97,467,153,620,15.38461538,17.5257732,24.67741935
2024,25,5,30,81,20,101,430,174,604,16.66666667,19.8019802,28.80794702
