Disposition Year,Black No Pretrial,Black Pretrial,Black Total Cases,Hispanic No Pretrial,Hispanic Pretrial,Hispanic Total Cases,White No Pretrial,White Pretrial,White Total Cases,Percent of Black defendants detained pretrial,Percent of Hispanic defendants detained pretrial,Percent of White defendants detained pretrial
2019,25,7,32,123,38,161,898,285,1183,21.875,23.60248447,24.09129332
2020,39,10,49,105,25,130,765,227,992,20.40816327,19.23076923,22.88306452
2021,39,7,46,112,31,143,743,222,965,15.2173913,21.67832168,23.00518135
2022,33,9,42,95,37,132,643,199,842,21.42857143,28.03030303,23.63420428
2023,33,6,39,79,18,97,468,152,620,15.38461538,18.55670103,24.51612903
2024,27,5,32,90,22,112,470,187,657,15.625,19.64285714,28.46270928
2025,17,3,20,39,11,50,216,75,291,15,22,25.77319588
