Disposition Year,Black Incarceration,Black No Incarceration,Black Total,Hispanic Incarceration,Hispanic No Incarceration,Hispanic Total,White Incarceration,White No Incarceration,White Total,Percent of Black defendants incarcerated,Percent of Hispanic defendants incarcerated,Percent of White defendants incarcerated
2019,14,1,15,39,14,53,135,96,231,,73.58490566,58.44155844
2020,17,4,21,26,10,36,126,57,183,80.95238095,72.22222222,68.85245902
2021,24,2,26,34,9,43,135,66,201,92.30769231,79.06976744,67.1641791
2022,18,2,20,31,12,43,120,74,194,90,72.09302326,61.8556701
2023,8,6,14,20,8,28,82,44,126,57.14285714,71.42857143,65.07936508
2024,4,1,5,14,3,17,43,16,59,,,72.88135593
