Disposition Year,Black Incarceration,Black No Incarceration,Black Total,Hispanic Incarceration,Hispanic No Incarceration,Hispanic Total,White Incarceration,White No Incarceration,White Total,Percent of Black defendants incarcerated,Percent of Hispanic defendants incarcerated,Percent of White defendants incarcerated
2020,17,4,21,26,11,37,126,58,184,80.95238095,70.27027027,68.47826087
2021,24,2,26,35,9,44,137,66,203,92.30769231,79.54545455,67.48768473
2022,18,2,20,31,12,43,123,74,197,90,72.09302326,62.43654822
2023,8,6,14,22,8,30,86,46,132,,73.33333333,65.15151515
2024,8,2,10,24,4,28,99,36,135,,85.71428571,73.33333333
2025,11,1,12,18,5,23,67,51,118,,78.26086957,56.77966102
