Disposition Year,Black No Pretrial,Black Pretrial,Black Total Cases,Hispanic No Pretrial,Hispanic Pretrial,Hispanic Total Cases,White No Pretrial,White Pretrial,White Total Cases,Percent of Black defendants detained pretrial,Percent of Hispanic defendants detained pretrial,Percent of White defendants detained pretrial
2019,25,7,32,123,38,161,896,285,1181,21.875,23.60248447,24.13209145
2020,39,10,49,105,25,130,765,227,992,20.40816327,19.23076923,22.88306452
2021,39,7,46,111,31,142,744,222,966,15.2173913,21.83098592,22.98136646
2022,33,9,42,95,37,132,643,197,840,21.42857143,28.03030303,23.45238095
2023,32,6,38,79,18,97,463,152,615,15.78947368,18.55670103,24.71544715
2024,27,5,32,81,22,103,446,182,628,15.625,21.3592233,28.98089172
2025,9,1,10,11,3,14,97,28,125,,,22.4
