Disposition Year,Black No Pretrial,Black Pretrial,Black Total Cases,Hispanic No Pretrial,Hispanic Pretrial,Hispanic Total Cases,White No Pretrial,White Pretrial,White Total Cases,Percent of Black defendants detained pretrial,Percent of Hispanic defendants detained pretrial,Percent of White defendants detained pretrial
2019,26,7,33,122,37,159,899,284,1183,21.21212121,23.27044025,24.00676247
2020,39,10,49,103,25,128,766,227,993,20.40816327,19.53125,22.86002014
2021,39,7,46,111,31,142,742,221,963,15.2173913,21.83098592,22.94911734
2022,33,9,42,94,36,130,632,195,827,21.42857143,27.69230769,23.57920193
2023,33,6,39,77,17,94,462,143,605,15.38461538,18.08510638,23.63636364
2024,15,1,16,42,6,48,182,76,258,,12.5,29.45736434
