Disposition Year,Black Incarceration,Black No Incarceration,Black Total,Hispanic Incarceration,Hispanic No Incarceration,Hispanic Total,White Incarceration,White No Incarceration,White Total,Percent of Black defendants incarcerated,Percent of Hispanic defendants incarcerated,Percent of White defendants incarcerated
2019,14,1,15,41,14,55,134,96,230,,74.54545455,58.26086957
2020,17,4,21,26,10,36,126,58,184,80.95238095,72.22222222,68.47826087
2021,24,2,26,34,9,43,135,66,201,92.30769231,79.06976744,67.1641791
2022,18,2,20,31,12,43,121,74,195,90,72.09302326,62.05128205
2023,8,6,14,21,8,29,85,45,130,,72.4137931,65.38461538
2024,7,3,10,24,4,28,87,33,120,,85.71428571,72.5
