Disposition Year,Black No Pretrial,Black Pretrial,Black Total Cases,Hispanic No Pretrial,Hispanic Pretrial,Hispanic Total Cases,White No Pretrial,White Pretrial,White Total Cases,Percent of Black defendants detained pretrial,Percent of Hispanic defendants detained pretrial,Percent of White defendants detained pretrial
2020,38,10,48,107,25,132,765,227,992,20.83333333,18.93939394,22.88306452
2021,38,7,45,116,31,147,743,225,968,15.55555556,21.08843537,23.24380165
2022,33,9,42,96,37,133,643,199,842,21.42857143,27.81954887,23.63420428
2023,32,5,37,80,19,99,479,154,633,13.51351351,19.19191919,24.328594
2024,27,5,32,92,23,115,485,189,674,15.625,20,28.04154303
2025,30,11,41,87,25,112,489,195,684,26.82926829,22.32142857,28.50877193
