Disposition Year,Black No Pretrial,Black Pretrial,Black Total Cases,Hispanic No Pretrial,Hispanic Pretrial,Hispanic Total Cases,White No Pretrial,White Pretrial,White Total Cases,Percent of Black defendants detained pretrial,Percent of Hispanic defendants detained pretrial,Percent of White defendants detained pretrial
2019,26,7,33,123,37,160,897,284,1181,21.21212121,23.125,24.04741744
2020,39,10,49,104,25,129,765,227,992,20.40816327,19.37984496,22.88306452
2021,39,7,46,111,31,142,742,221,963,15.2173913,21.83098592,22.94911734
2022,33,9,42,94,36,130,633,196,829,21.42857143,27.69230769,23.64294331
2023,33,6,39,79,17,96,467,146,613,15.38461538,17.70833333,23.81729201
2024,23,2,25,62,12,74,294,119,413,8,16.21621622,28.81355932
