Filing Year,White Victim,NonWhite Victim,Total,Percent involving a white victim,Percent involving a non-white victim
2019,288,504,792,36.36363636,63.63636364
2020,250,549,799,31.28911139,68.71088861
2021,209,613,822,25.42579075,74.57420925
2022,180,614,794,22.67002519,77.32997481
2023,204,624,828,24.63768116,75.36231884
2024,203,593,796,25.50251256,74.49748744
2025,47,200,247,19.02834008,80.97165992
