Disposition Year,Highest Income Neighbood Cases Dismissed,Highest Income Neighborhood Cases Not Dismissed,Highest Income Neighborhood Total Cases Disposed,Lowest Income Neighbood Cases Dismissed,Lowest Income Neighborhood Cases Not Dismissed,Lowest Income Neighborhood Total Cases Disposed,Percent of cases in highest income zip codes dismissed,Percent of cases in lowest income zip codes dismissed
2017,64,331,395,57,358,415,16.20253165,13.73493976
2018,50,401,451,58,430,488,11.0864745,11.8852459
2019,50,356,406,57,381,438,12.31527094,13.01369863
2020,50,300,350,64,302,366,14.28571429,17.4863388
2021,66,367,433,61,366,427,15.24249423,14.28571429
2022,88,353,441,81,474,555,19.95464853,14.59459459
2023,93,310,403,141,488,629,23.07692308,22.41653418
2024,13,56,69,47,114,161,18.84057971,29.19254658
