Disposition Year,Non-White Victim Cases Dismissed,Non-White Victim Cases Not Dismissed,Non-White Victim Total Cases,White Victim Cases Dismissed,White Victim Cases Not Dismissed,White Victim Cases Total,Percent of cases dismissed involving non-white victims,Percent of cases dismissed involving white victims
2019,604,4149,4753,748,2769,3517,12.70776352,21.26812624
2020,608,3158,3766,722,2159,2881,16.14445035,25.0607428
2021,929,4339,5268,976,2657,3633,17.63477601,26.86484999
2022,1042,4722,5764,826,2441,3267,18.0777238,25.28313437
2023,1279,5058,6337,966,2257,3223,20.18305192,29.97207571
2024,966,3672,4638,552,1487,2039,20.82794308,27.07209416
