Disposition Year,Non-White Victim Cases Dismissed,Non-White Victim Cases Not Dismissed,Non-White Victim Total Cases,White Victim Cases Dismissed,White Victim Cases Not Dismissed,White Victim Cases Total,Percent of cases dismissed involving non-white victims,Percent of cases dismissed involving white victims
2019,475,3009,3484,412,1579,1991,13.63375431,20.69311904
2020,487,2360,2847,415,1217,1632,17.10572532,25.42892157
2021,702,3238,3940,588,1541,2129,17.81725888,27.61860028
2022,782,3436,4218,464,1557,2021,18.53959222,22.95893122
2023,1017,3848,4865,560,1445,2005,20.90441932,27.93017456
2024,990,3761,4751,385,1203,1588,20.83771838,24.24433249
