Filing Year,White Victim,NonWhite Victim,Total,Percent involving a white victim,Percent involving a non-white victim
2019,288,503,791,36.40960809,63.59039191
2020,250,543,793,31.5258512,68.4741488
2021,209,613,822,25.42579075,74.57420925
2022,179,614,793,22.57250946,77.42749054
2023,203,624,827,24.54655381,75.45344619
2024,203,591,794,25.56675063,74.43324937
