Filing Year,White Victim,NonWhite Victim,Total,Percent involving a white victim,Percent involving a non-white victim
2019,383,616,999,38.33833834,61.66166166
2020,354,646,1000,35.4,64.6
2021,311,706,1017,30.58013766,69.41986234
2022,279,697,976,28.58606557,71.41393443
2023,344,703,1047,32.85577841,67.14422159
2024,180,332,512,35.15625,64.84375
