Disposition Year,Highest Income Neighbood Cases Dismissed,Highest Income Neighborhood Cases Not Dismissed,Highest Income Neighborhood Total Cases Disposed,Lowest Income Neighbood Cases Dismissed,Lowest Income Neighborhood Cases Not Dismissed,Lowest Income Neighborhood Total Cases Disposed,Percent of cases in highest income zip codes dismissed,Percent of cases in lowest income zip codes dismissed
2017,175,440,615,188,546,734,28.45528455,25.61307902
2018,178,461,639,226,498,724,27.85602504,31.21546961
2019,181,464,645,191,616,807,28.0620155,23.66790582
2020,157,387,544,181,442,623,28.86029412,29.0529695
2021,219,492,711,241,624,865,30.80168776,27.86127168
2022,193,438,631,192,609,801,30.58637084,23.97003745
2023,166,283,449,204,469,673,36.97104677,30.31203566
