Filing Year,White Victim,NonWhite Victim,Total,Percent involving a white victim,Percent involving a non-white victim
2019,383,616,999,38.33833834,61.66166166
2020,353,647,1000,35.3,64.7
2021,311,707,1018,30.55009823,69.44990177
2022,280,697,977,28.6591607,71.3408393
2023,344,706,1050,32.76190476,67.23809524
2024,267,514,781,34.18693982,65.81306018
