Disposition Year,Non-White Victim Cases Dismissed,Non-White Victim Cases Not Dismissed,Non-White Victim Total Cases,White Victim Cases Dismissed,White Victim Cases Not Dismissed,White Victim Cases Total,Percent of cases dismissed involving non-white victims,Percent of cases dismissed involving white victims
2019,603,4151,4754,748,2769,3517,12.68405553,21.26812624
2020,608,3156,3764,719,2160,2879,16.15302869,24.97394929
2021,915,4321,5236,965,2647,3612,17.47517189,26.71650055
2022,1035,4693,5728,825,2421,3246,18.06913408,25.41589649
2023,1276,4964,6240,964,2212,3176,20.44871795,30.35264484
2024,314,1173,1487,171,413,584,21.11634163,29.28082192
