Filing Year,White Victim,NonWhite Victim,Total,Percent involving a white victim,Percent involving a non-white victim
2019,288,504,792,36.36363636,63.63636364
2020,250,549,799,31.28911139,68.71088861
2021,209,613,822,25.42579075,74.57420925
2022,179,616,795,22.51572327,77.48427673
2023,204,625,829,24.6079614,75.3920386
2024,206,596,802,25.68578554,74.31421446
2025,177,683,860,20.58139535,79.41860465
