Disposition Year,Non-White Victim Cases Dismissed,Non-White Victim Cases Not Dismissed,Non-White Victim Total Cases,White Victim Cases Dismissed,White Victim Cases Not Dismissed,White Victim Cases Total,Percent of cases dismissed involving non-white victims,Percent of cases dismissed involving white victims
2019,477,3008,3485,413,1578,1991,13.68723099,20.74334505
2020,488,2363,2851,417,1215,1632,17.11680112,25.55147059
2021,706,3237,3943,591,1540,2131,17.90514836,27.73345847
2022,792,3429,4221,467,1555,2022,18.76332623,23.09594461
2023,1024,3848,4872,563,1446,2009,21.0180624,28.02389248
2024,1001,3830,4831,390,1222,1612,20.72034775,24.19354839
2025,309,914,1223,97,340,437,25.26573998,22.19679634
