Disposition Year,Non-White Victim Cases Dismissed,Non-White Victim Cases Not Dismissed,Non-White Victim Total Cases,White Victim Cases Dismissed,White Victim Cases Not Dismissed,White Victim Cases Total,Percent of cases dismissed involving non-white victims,Percent of cases dismissed involving white victims
2017,618,3830,4448,590,2680,3270,13.89388489,18.04281346
2018,672,3694,4366,633,2685,3318,15.39166285,19.07775769
2019,597,4171,4768,730,2796,3526,12.52097315,20.70334657
2020,597,3188,3785,704,2167,2871,15.77278732,24.5210728
2021,898,4342,5240,948,2672,3620,17.13740458,26.1878453
2022,986,4734,5720,807,2461,3268,17.23776224,24.69400245
2023,1214,4868,6082,905,2173,3078,19.9605393,29.40220923
