Filing Year,White Victim,NonWhite Victim,Total,Percent involving a white victim,Percent involving a non-white victim
2017,290,345,635,45.66929134,54.33070866
2018,249,461,710,35.07042254,64.92957746
2019,262,448,710,36.90140845,63.09859155
2020,238,487,725,32.82758621,67.17241379
2021,223,525,748,29.81283422,70.18716578
2022,208,506,714,29.13165266,70.86834734
2023,131,243,374,35.02673797,64.97326203
