Disposition Year,Non-White Victim Cases Dismissed,Non-White Victim Cases Not Dismissed,Non-White Victim Total Cases,White Victim Cases Dismissed,White Victim Cases Not Dismissed,White Victim Cases Total,Percent of cases dismissed involving non-white victims,Percent of cases dismissed involving white victims
2017,669,3759,4428,686,2536,3222,15.10840108,21.29112353
2018,695,3689,4384,652,2698,3350,15.85310219,19.46268657
2019,610,4142,4752,756,2771,3527,12.83670034,21.43464701
2020,617,3146,3763,728,2149,2877,16.39649216,25.30413625
2021,904,4137,5041,954,2516,3470,17.93294981,27.49279539
2022,718,3205,3923,616,1638,2254,18.30231965,27.32919255