Filing Year,White Victim,NonWhite Victim,Total,Percent involving a white victim,Percent involving a non-white victim
2017,290,345,635,45.66929134,54.33070866
2018,249,461,710,35.07042254,64.92957746
2019,262,448,710,36.90140845,63.09859155
2020,238,488,726,32.78236915,67.21763085
2021,222,527,749,29.63951936,70.36048064
2022,207,512,719,28.78998609,71.21001391
2023,206,378,584,35.2739726,64.7260274
