Disposition Year,Highest Income Neighbood Cases Dismissed,Highest Income Neighborhood Cases Not Dismissed,Highest Income Neighborhood Total Cases Disposed,Lowest Income Neighbood Cases Dismissed,Lowest Income Neighborhood Cases Not Dismissed,Lowest Income Neighborhood Total Cases Disposed,Percent of cases in highest income zip codes dismissed,Percent of cases in lowest income zip codes dismissed
2017.0,62.0,335.0,397.0,56.0,359.0,415.0,15.61712846,13.4939759
2018.0,50.0,402.0,452.0,58.0,431.0,489.0,11.0619469,11.8609407
2019.0,50.0,356.0,406.0,57.0,381.0,438.0,12.31527094,13.01369863
2020.0,49.0,301.0,350.0,65.0,304.0,369.0,14.0,17.61517615
2021.0,64.0,363.0,427.0,59.0,360.0,419.0,14.9882904,14.08114558
2022.0,84.0,340.0,424.0,76.0,454.0,530.0,19.81132075,14.33962264
2023.0,17.0,65.0,82.0,14.0,120.0,134.0,20.73170732,10.44776119
