Disposition Year,Non-White Victim Cases Dismissed,Non-White Victim Cases Not Dismissed,Non-White Victim Total Cases,White Victim Cases Dismissed,White Victim Cases Not Dismissed,White Victim Cases Total,Percent of cases dismissed involving non-white victims,Percent of cases dismissed involving white victims
2017.0,653.0,3774.0,4427.0,669.0,2550.0,3219.0,14.7503953,20.78285182
2018.0,680.0,3702.0,4382.0,642.0,2710.0,3352.0,15.5180283,19.15274463
2019.0,600.0,4153.0,4753.0,743.0,2781.0,3524.0,12.62360614,21.08399546
2020.0,607.0,3157.0,3764.0,720.0,2162.0,2882.0,16.12646121,24.98265094
2021.0,897.0,4259.0,5156.0,950.0,2617.0,3567.0,17.39720714,26.63302495
2022.0,999.0,4561.0,5560.0,805.0,2330.0,3135.0,17.9676259,25.67783094
2023.0,283.0,1122.0,1405.0,242.0,531.0,773.0,20.14234875,31.30659767
