Disposition Year,Non-White Victim Cases Dismissed,Non-White Victim Cases Not Dismissed,Non-White Victim Total Cases,White Victim Cases Dismissed,White Victim Cases Not Dismissed,White Victim Cases Total,Percent of cases dismissed involving non-white victims,Percent of cases dismissed involving white victims
2020,486,2360,2846,415,1215,1630,17.07659874,25.4601227
2021,707,3237,3944,591,1540,2131,17.92596349,27.73345847
2022,788,3439,4227,466,1558,2024,18.64206293,23.02371542
2023,1038,3857,4895,566,1451,2017,21.20531154,28.06147744
2024,1018,3896,4914,396,1237,1633,20.71632072,24.24984691
2025,1241,4053,5294,407,1143,1550,23.44163204,26.25806452
