Filing Year,White Victim,NonWhite Victim,Total,Percent involving a white victim,Percent involving a non-white victim
2019,288,504,792,36.36363636,63.63636364
2020,250,549,799,31.28911139,68.71088861
2021,209,613,822,25.42579075,74.57420925
2022,179,615,794,22.5440806,77.4559194
2023,204,624,828,24.63768116,75.36231884
2024,205,597,802,25.56109726,74.43890274
2025,79,343,422,18.72037915,81.27962085
