Disposition Year,Highest Income Neighbood Cases Dismissed,Highest Income Neighborhood Cases Not Dismissed,Highest Income Neighborhood Total Cases Disposed,Lowest Income Neighbood Cases Dismissed,Lowest Income Neighborhood Cases Not Dismissed,Lowest Income Neighborhood Total Cases Disposed,Percent of cases in highest income zip codes dismissed,Percent of cases in lowest income zip codes dismissed
2017,165,461,626,180,553,733,26.35782748,24.55661664
2018,176,454,630,226,498,724,27.93650794,31.21546961
2019,181,473,654,189,620,809,27.67584098,23.36217553
2020,157,377,534,177,451,628,29.40074906,28.18471338
2021,217,500,717,242,626,868,30.26499303,27.88018433
2022,193,448,641,189,624,813,30.10920437,23.24723247
2023,203,396,599,266,617,883,33.88981636,30.12457531
