Disposition Year,Non-White Victim Cases Dismissed,Non-White Victim Cases Not Dismissed,Non-White Victim Total Cases,White Victim Cases Dismissed,White Victim Cases Not Dismissed,White Victim Cases Total,Percent of cases dismissed involving non-white victims,Percent of cases dismissed involving white victims
2017,653,3774,4427,669,2551,3220,14.7503953,20.77639752
2018,680,3701,4381,642,2710,3352,15.52157042,19.15274463
2019,600,4153,4753,743,2781,3524,12.62360614,21.08399546
2020,607,3159,3766,721,2162,2883,16.11789697,25.00867152
2021,900,4276,5176,956,2626,3582,17.38794436,26.68900056
2022,1004,4602,5606,807,2359,3166,17.9093828,25.48957675
2023,611,2218,2829,478,1108,1586,21.59773772,30.13871375
