Disposition Year,Non-White Victim Cases Dismissed,Non-White Victim Cases Not Dismissed,Non-White Victim Total Cases,White Victim Cases Dismissed,White Victim Cases Not Dismissed,White Victim Cases Total,Percent of cases dismissed involving non-white victims,Percent of cases dismissed involving white victims
2017,653,3774,4427,670,2550,3220,14.7503953,20.80745342
2018,680,3701,4381,642,2710,3352,15.52157042,19.15274463
2019,600,4154,4754,743,2781,3524,12.62095078,21.08399546
2020,607,3159,3766,721,2165,2886,16.11789697,24.98267498
2021,907,4290,5197,961,2632,3593,17.45237637,26.74645143
2022,1008,4641,5649,817,2382,3199,17.84386617,25.53923101
2023,920,3583,4503,738,1680,2418,20.4308239,30.52109181
