Filing Year,White Victim,NonWhite Victim,Total,Percent involving a white victim,Percent involving a non-white victim
2017,290,345,635,45.66929134,54.33070866
2018,249,461,710,35.07042254,64.92957746
2019,262,448,710,36.90140845,63.09859155
2020,237,490,727,32.5997249,67.4002751
2021,220,529,749,29.37249666,70.62750334
2022,207,514,721,28.71012483,71.28987517
2023,272,506,778,34.96143959,65.03856041
