Disposition Year,Hispanic Plea to Lesser Charge,Hispanic No Plea to Lesser Charge,Hispanic Total Guilty Pleas,White Plea to Lesser Charge,White No Plea to Lesser Charge,White Total Guilty Pleas,Percent of Hispanic defendants pleading to a lesser charge,Percent of White defendants pleading to a lesser charge
2017,42,63,105,216,243,459,40,47.05882353
2018,46,56,102,219,223,442,45.09803922,49.54751131
2019,72,61,133,275,214,489,54.13533835,56.23721881
2020,59,60,119,194,193,387,49.57983193,50.12919897
2021,69,67,136,205,182,387,50.73529412,52.97157623
2022,52,68,120,205,165,370,43.33333333,55.40540541
2023,48,59,107,129,137,266,44.85981308,48.4962406
