Disposition Year,Hispanic Plea to Lesser Charge,Hispanic No Plea to Lesser Charge,Hispanic Total Guilty Pleas,White Plea to Lesser Charge,White No Plea to Lesser Charge,White Total Guilty Pleas,Percent of Hispanic defendants pleading to a lesser charge,Percent of White defendants pleading to a lesser charge
2019,72,59,131,276,216,492,54.96183206,56.09756098
2020,59,61,120,194,192,386,49.16666667,50.25906736
2021,69,66,135,205,184,389,51.11111111,52.69922879
2022,50,70,120,207,163,370,41.66666667,55.94594595
2023,51,55,106,133,143,276,48.11320755,48.1884058
2024,22,25,47,63,51,114,46.80851064,55.26315789
