Disposition Year,Hispanic Plea to Lesser Charge,Hispanic No Plea to Lesser Charge,Hispanic Total Guilty Pleas,White Plea to Lesser Charge,White No Plea to Lesser Charge,White Total Guilty Pleas,Percent of Hispanic defendants pleading to a lesser charge,Percent of White defendants pleading to a lesser charge
2019,71,60,131,277,215,492,54.19847328,56.30081301
2020,62,61,123,193,194,387,50.40650407,49.87080103
2021,68,67,135,208,188,396,50.37037037,52.52525253
2022,49,71,120,209,162,371,40.83333333,56.33423181
2023,51,56,107,139,148,287,47.6635514,48.43205575
2024,42,41,83,160,106,266,50.60240964,60.15037594
2025,27,18,45,66,50,116,60,56.89655172
