Disposition Year,Hispanic Plea to Lesser Charge,Hispanic No Plea to Lesser Charge,Hispanic Total Guilty Pleas,White Plea to Lesser Charge,White No Plea to Lesser Charge,White Total Guilty Pleas,Percent of Hispanic defendants pleading to a lesser charge,Percent of White defendants pleading to a lesser charge
2019,72,59,131,276,216,492,54.96183206,56.09756098
2020,60,62,122,194,191,385,49.18032787,50.38961039
2021,69,66,135,205,185,390,51.11111111,52.56410256
2022,49,70,119,208,164,372,41.17647059,55.91397849
2023,51,55,106,136,145,281,48.11320755,48.39857651
2024,31,35,66,98,78,176,46.96969697,55.68181818
