Disposition Year,Hispanic Plea to Lesser Charge,Hispanic No Plea to Lesser Charge,Hispanic Total Guilty Pleas,White Plea to Lesser Charge,White No Plea to Lesser Charge,White Total Guilty Pleas,Percent of Hispanic defendants pleading to a lesser charge,Percent of White defendants pleading to a lesser charge
2020,62,61,123,193,194,387,50.40650407,49.87080103
2021,69,67,136,208,187,395,50.73529412,52.65822785
2022,49,71,120,209,163,372,40.83333333,56.1827957
2023,50,56,106,139,148,287,47.16981132,48.43205575
2024,43,42,85,160,105,265,50.58823529,60.37735849
2025,47,41,88,128,109,237,53.40909091,54.00843882
