Disposition Year,Hispanic Plea to Lesser Charge,Hispanic No Plea to Lesser Charge,Hispanic Total Guilty Pleas,White Plea to Lesser Charge,White No Plea to Lesser Charge,White Total Guilty Pleas,Percent of Hispanic defendants pleading to a lesser charge,Percent of White defendants pleading to a lesser charge
2017,16,21,37,239,284,523,43.24324324,45.69789675
2018,22,19,41,242,257,499,53.65853659,48.49699399
2019,40,25,65,303,247,550,61.53846154,55.09090909
2020,25,39,64,223,211,434,39.0625,51.38248848
2021,39,41,80,230,204,434,48.75,52.99539171
2022,37,49,86,164,157,321,43.02325581,51.09034268