Disposition Year,Hispanic Plea to Lesser Charge,Hispanic No Plea to Lesser Charge,Hispanic Total Guilty Pleas,White Plea to Lesser Charge,White No Plea to Lesser Charge,White Total Guilty Pleas,Percent of Hispanic defendants pleading to a lesser charge,Percent of White defendants pleading to a lesser charge
2019,72,60,132,277,216,493,54.54545455,56.18661258
2020,61,64,125,194,191,385,48.8,50.38961039
2021,68,66,134,208,187,395,50.74626866,52.65822785
2022,49,71,120,209,163,372,40.83333333,56.1827957
2023,53,55,108,137,149,286,49.07407407,47.9020979
2024,42,42,84,154,106,260,50,59.23076923
