Disposition Year,Hispanic Plea to Lesser Charge,Hispanic No Plea to Lesser Charge,Hispanic Total Guilty Pleas,White Plea to Lesser Charge,White No Plea to Lesser Charge,White Total Guilty Pleas,Percent of Hispanic defendants pleading to a lesser charge,Percent of White defendants pleading to a lesser charge
2017.0,41.0,62.0,103.0,216.0,244.0,460.0,39.80582524,46.95652174
2018.0,46.0,53.0,99.0,218.0,224.0,442.0,46.46464646,49.32126697
2019.0,72.0,61.0,133.0,273.0,213.0,486.0,54.13533835,56.17283951
2020.0,58.0,58.0,116.0,194.0,192.0,386.0,50.0,50.25906736
2021.0,69.0,67.0,136.0,204.0,182.0,386.0,50.73529412,52.84974093
2022.0,51.0,68.0,119.0,206.0,167.0,373.0,42.85714286,55.22788204
2023.0,14.0,22.0,36.0,37.0,38.0,75.0,38.88888889,49.33333333
