Disposition Year,Hispanic Plea to Lesser Charge,Hispanic No Plea to Lesser Charge,Hispanic Total Guilty Pleas,White Plea to Lesser Charge,White No Plea to Lesser Charge,White Total Guilty Pleas,Percent of Hispanic defendants pleading to a lesser charge,Percent of White defendants pleading to a lesser charge
2017,42,63,105,216,242,458,40,47.16157205
2018,46,54,100,218,224,442,46,49.32126697
2019,72,61,133,274,214,488,54.13533835,56.14754098
2020,59,60,119,194,192,386,49.57983193,50.25906736
2021,69,67,136,203,182,385,50.73529412,52.72727273
2022,51,68,119,205,165,370,42.85714286,55.40540541
2023,34,44,78,93,105,198,43.58974359,46.96969697
