Disposition Year,Hispanic Plea to Lesser Charge,Hispanic No Plea to Lesser Charge,Hispanic Total Guilty Pleas,White Plea to Lesser Charge,White No Plea to Lesser Charge,White Total Guilty Pleas,Percent of Hispanic defendants pleading to a lesser charge,Percent of White defendants pleading to a lesser charge
2019,71,61,132,276,214,490,53.78787879,56.32653061
2020,59,61,120,194,191,385,49.16666667,50.38961039
2021,69,66,135,205,184,389,51.11111111,52.69922879
2022,51,70,121,205,164,369,42.14876033,55.55555556
2023,51,55,106,131,142,273,48.11320755,47.98534799
2024,14,15,29,27,26,53,48.27586207,50.94339623
