Title,Prosecutor,IT/Data Analytics,Paralegal,Investigator,Victim/Witness,Support Staff,Diversion,Total Staff,"Percent of staff in clerical, paralegal, or general support positions"
2016.0,31.19,1.0,0.0,9.0,13.5,21.5,4.6,80.79,26.61220448
2017.0,30.6,1.0,0.0,9.0,13.75,22.5,5.0,81.85,27.48930971
2018.0,32.59,1.0,0.0,10.0,14.76,26.0,5.0,89.35,29.09904868
2019.0,32.59,1.0,0.0,10.0,13.76,25.0,5.0,87.35,28.62049227
2020.0,34.58,1.0,0.0,10.0,12.75,25.0,6.0,89.33,27.98611889
2021.0,36.6,2.0,0.0,11.0,13.75,25.0,6.0,94.35,26.49708532
2022.0,38.6,3.0,3.0,14.0,18.75,24.0,6.0,107.35,25.15137401
