Year,Prosecutors,"Clerical, Paralegal, and Admin.",Victim/Witness Staff,Investigators/Officers,Other,Total Staff,"Percent of staff in clerical, paralegal, or general support positions"
2017,30,22,13,9,6,80,27.5
2018,30,26,14,10,6,86,30.23255814
2019,32,23,13,10,8,86,26.74418605
2020,35,24,13,11,10,93,25.80645161
2021,37,26,18,13,11,105,24.76190476
2022,39,25,17,14,11,106,23.58490566
2023,38,24,18,15,11,106,22.64150943
2024,36,24,18,15,11,104,23.07692308
