Disposition Year,Non-White Victim Cases Dismissed,Non-White Victim Cases Not Dismissed,Non-White Victim Total Cases,White Victim Cases Dismissed,White Victim Cases Not Dismissed,White Victim Cases Total,Percent of cases dismissed involving non-white victims,Percent of cases dismissed involving white victims
2019,39,285,324,159,855,1014,12.03703704,15.68047337
2020,76,395,471,184,583,767,16.1358811,23.98956975
2021,137,528,665,162,491,653,20.60150376,24.8085758
2022,152,513,665,173,418,591,22.85714286,29.27241963
2023,143,619,762,180,416,596,18.7664042,30.20134228
2024,44,115,159,29,71,100,27.67295597,29
