Filing Year,White Victim,NonWhite Victim,Total,Percent involving a white victim,Percent involving a non-white victim
2019,102,57,159,64.1509434,35.8490566
2020,82,61,143,57.34265734,42.65734266
2021,75,74,149,50.33557047,49.66442953
2022,87,96,183,47.54098361,52.45901639
2023,85,84,169,50.29585799,49.70414201
2024,20,15,35,57.14285714,42.85714286
