Disposition Year,Non-White Victim Cases Dismissed,Non-White Victim Cases Not Dismissed,Non-White Victim Total Cases,White Victim Cases Dismissed,White Victim Cases Not Dismissed,White Victim Cases Total,Percent of cases dismissed involving non-white victims,Percent of cases dismissed involving white victims
2019,39,285,324,159,855,1014,12.03703704,15.68047337
2020,76,395,471,184,583,767,16.1358811,23.98956975
2021,137,528,665,162,492,654,20.60150376,24.7706422
2022,152,514,666,173,418,591,22.82282282,29.27241963
2023,145,623,768,180,416,596,18.88020833,30.20134228
2024,91,272,363,65,170,235,25.06887052,27.65957447
