Filing Year,White Victim,NonWhite Victim,Total,Percent involving a white victim,Percent involving a non-white victim
2020,59,45,104,56.73076923,43.26923077
2021,41,77,118,34.74576271,65.25423729
2022,50,68,118,42.37288136,57.62711864
2023,59,64,123,47.96747967,52.03252033
