Filing Year,White Victim,NonWhite Victim,Total,Percent involving a white victim,Percent involving a non-white victim
2020,59,45,104,56.73076923,43.26923077
2021,41,77,118,34.74576271,65.25423729
2022,49,67,116,42.24137931,57.75862069
2023,35,29,64,54.6875,45.3125
