Disposition Year,Non-White Victim Cases Dismissed,Non-White Victim Cases Not Dismissed,Non-White Victim Total Cases,White Victim Cases Dismissed,White Victim Cases Not Dismissed,White Victim Cases Total,Percent of cases dismissed involving non-white victims,Percent of cases dismissed involving white victims
2020,55,157,212,88,275,363,25.94339623,24.24242424
2021,141,271,412,188,270,458,34.22330097,41.04803493
2022,143,368,511,143,277,420,27.98434442,34.04761905
2023,77,254,331,76,267,343,23.26283988,22.1574344
2024,91,297,388,86,197,283,23.45360825,30.38869258
2025,74,196,270,43,135,178,27.40740741,24.15730337
