Disposition Year,Non-White Victim Cases Dismissed,Non-White Victim Cases Not Dismissed,Non-White Victim Total Cases,White Victim Cases Dismissed,White Victim Cases Not Dismissed,White Victim Cases Total,Percent of cases dismissed involving non-white victims,Percent of cases dismissed involving white victims
2020,56,158,214,89,275,364,26.1682243,24.45054945
2021,142,272,414,190,272,462,34.29951691,41.12554113
2022,143,377,520,144,281,425,27.5,33.88235294
2023,80,267,347,79,276,355,23.05475504,22.25352113
2024,103,327,430,96,210,306,23.95348837,31.37254902
2025,152,401,553,83,285,368,27.48643761,22.55434783
