Filing Year,White Victim,NonWhite Victim,Total,Percent involving a white victim,Percent involving a non-white victim
2020,83,62,145,57.24137931,42.75862069
2021,59,94,153,38.5620915,61.4379085
2022,68,85,153,44.44444444,55.55555556
2023,72,95,167,43.11377246,56.88622754
2024,10,21,31,32.25806452,67.74193548
