Filing Year,White Victim,NonWhite Victim,Total,Percent involving a white victim,Percent involving a non-white victim
2020,59,45,104,56.73076923,43.26923077
2021,41,77,118,34.74576271,65.25423729
2022,49,68,117,41.88034188,58.11965812
2023,48,41,89,53.93258427,46.06741573
