Filing Year,White Victim,NonWhite Victim,Total,Percent involving a white victim,Percent involving a non-white victim
2020,83,61,144,57.63888889,42.36111111
2021,59,94,153,38.5620915,61.4379085
2022,67,85,152,44.07894737,55.92105263
2023,72,96,168,42.85714286,57.14285714
2024,28,69,97,28.86597938,71.13402062
