Disposition Year,Native American Plea to Lesser Charge,Native American No Plea to Lesser Charge,Native American Total Guilty Pleas,Hispanic Plea to Lesser Charge,Hispanic No Plea to Lesser Charge,Hispanic Total Guilty Pleas,White Plea to Lesser Charge,White No Plea to Lesser Charge,White Total Guilty Pleas,Percent of Native American defendants pleading to a lesser charge,Percent of Hispanic defendants pleading to a lesser charge,Percent of White defendants pleading to a lesser charge
2017.0,20.0,26.0,46.0,8.0,35.0,43.0,73.0,133.0,206.0,43.47826087,18.60465116,35.4368932
2018.0,23.0,28.0,51.0,17.0,46.0,63.0,79.0,160.0,239.0,45.09803922,26.98412698,33.05439331
2019.0,16.0,34.0,50.0,14.0,39.0,53.0,79.0,168.0,247.0,32.0,26.41509434,31.98380567
2020.0,26.0,18.0,44.0,16.0,27.0,43.0,66.0,111.0,177.0,59.09090909,37.20930233,37.28813559
2021.0,22.0,17.0,39.0,16.0,38.0,54.0,78.0,106.0,184.0,56.41025641,29.62962963,42.39130435
2022.0,21.0,18.0,39.0,24.0,17.0,41.0,56.0,96.0,152.0,53.84615385,58.53658537,36.84210526
2023.0,5.0,4.0,9.0,4.0,7.0,11.0,9.0,25.0,34.0,,,26.47058824
