Disposition Year,Black Plea to Lesser Charge,Black No Plea to Lesser Charge,Black Total Guilty Pleas,Hispanic Plea to Lesser Charge,Hispanic No Plea to Lesser Charge,Hispanic Total Guilty Pleas,White Plea to Lesser Charge,White No Plea to Lesser Charge,White Total Guilty Pleas,Percent of Black defendants pleading to a lesser charge,Percent of Hispanic defendants pleading to a lesser charge,Percent of White defendants pleading to a lesser charge
2020,261,322,583,187,239,426,441,434,875,44.76843911,43.89671362,50.4
2021,212,366,578,173,286,459,371,533,904,36.67820069,37.69063181,41.03982301
2022,218,395,613,197,319,516,344,590,934,35.56280587,38.17829457,36.83083512
2023,213,412,625,202,360,562,303,549,852,34.08,35.9430605,35.56338028
2024,206,377,583,215,359,574,363,422,785,35.33447684,37.45644599,46.24203822
2025,253,342,595,260,344,604,401,404,805,42.5210084,43.04635762,49.8136646
