Disposition Year,Black Plea to Lesser Charge,Black No Plea to Lesser Charge,Black Total Guilty Pleas,Hispanic Plea to Lesser Charge,Hispanic No Plea to Lesser Charge,Hispanic Total Guilty Pleas,White Plea to Lesser Charge,White No Plea to Lesser Charge,White Total Guilty Pleas,Percent of Black defendants pleading to a lesser charge,Percent of Hispanic defendants pleading to a lesser charge,Percent of White defendants pleading to a lesser charge
2019,371,514,885,268,300,568,759,675,1434,41.92090395,47.18309859,52.92887029
2020,262,322,584,183,235,418,445,441,886,44.8630137,43.77990431,50.22573363
2021,213,367,580,173,285,458,369,532,901,36.72413793,37.77292576,40.95449501
2022,219,394,613,196,325,521,342,582,924,35.72593801,37.61996161,37.01298701
2023,213,408,621,202,358,560,302,545,847,34.29951691,36.07142857,35.65525384
2024,208,374,582,216,349,565,362,410,772,35.73883162,38.2300885,46.89119171
2025,60,86,146,58,80,138,101,110,211,41.09589041,42.02898551,47.86729858
