Disposition Year,Black Plea to Lesser Charge,Black No Plea to Lesser Charge,Black Total Guilty Pleas,Hispanic Plea to Lesser Charge,Hispanic No Plea to Lesser Charge,Hispanic Total Guilty Pleas,White Plea to Lesser Charge,White No Plea to Lesser Charge,White Total Guilty Pleas,Percent of Black defendants pleading to a lesser charge,Percent of Hispanic defendants pleading to a lesser charge,Percent of White defendants pleading to a lesser charge
2019,407,597,1004,307,398,705,1005,1100,2105,40.53784861,43.54609929,47.74346793
2020,285,377,662,232,308,540,626,716,1342,43.05135952,42.96296296,46.64679583
2021,261,428,689,241,393,634,602,857,1459,37.88098694,38.0126183,41.26113777
2022,247,456,703,239,433,672,486,955,1441,35.13513514,35.56547619,33.72657876
2023,236,476,712,247,491,738,411,903,1314,33.14606742,33.46883469,31.27853881
2024,112,212,324,134,181,315,221,289,510,34.56790123,42.53968254,43.33333333
