Disposition Year,Black Plea to Lesser Charge,Black No Plea to Lesser Charge,Black Total Guilty Pleas,Hispanic Plea to Lesser Charge,Hispanic No Plea to Lesser Charge,Hispanic Total Guilty Pleas,White Plea to Lesser Charge,White No Plea to Lesser Charge,White Total Guilty Pleas,Percent of Black defendants pleading to a lesser charge,Percent of Hispanic defendants pleading to a lesser charge,Percent of White defendants pleading to a lesser charge
2017,345,398,743,83,85,168,1200,1336,2536,46.4333782,49.4047619,47.31861199
2018,304,522,826,87,134,221,979,1429,2408,36.80387409,39.36651584,40.65614618
2019,407,598,1005,153,188,341,1161,1314,2475,40.49751244,44.86803519,46.90909091
2020,283,384,667,146,212,358,714,807,1521,42.42878561,40.78212291,46.94280079
2021,252,414,666,149,264,413,670,904,1574,37.83783784,36.07748184,42.56670902
2022,166,300,466,124,190,314,384,677,1061,35.6223176,39.49044586,36.19227144