Disposition Year,Black Plea to Lesser Charge,Black No Plea to Lesser Charge,Black Total Guilty Pleas,Hispanic Plea to Lesser Charge,Hispanic No Plea to Lesser Charge,Hispanic Total Guilty Pleas,White Plea to Lesser Charge,White No Plea to Lesser Charge,White Total Guilty Pleas,Percent of Black defendants pleading to a lesser charge,Percent of Hispanic defendants pleading to a lesser charge,Percent of White defendants pleading to a lesser charge
2017,348,397,745,264,316,580,1010,1101,2111,46.7114094,45.51724138,47.8446234
2018,303,520,823,227,357,584,839,1205,2044,36.81652491,38.86986301,41.04696673
2019,408,598,1006,305,390,695,1009,1106,2115,40.55666004,43.88489209,47.70685579
2020,284,379,663,228,310,538,628,712,1340,42.83559578,42.37918216,46.86567164
2021,261,422,683,234,388,622,608,854,1462,38.21376281,37.62057878,41.58686731
2022,248,445,693,230,415,645,483,948,1431,35.78643579,35.65891473,33.75262055
2023,172,334,506,180,351,531,300,625,925,33.99209486,33.89830508,32.43243243
