Disposition Year,Black Plea to Lesser Charge,Black No Plea to Lesser Charge,Black Total Guilty Pleas,Hispanic Plea to Lesser Charge,Hispanic No Plea to Lesser Charge,Hispanic Total Guilty Pleas,White Plea to Lesser Charge,White No Plea to Lesser Charge,White Total Guilty Pleas,Percent of Black defendants pleading to a lesser charge,Percent of Hispanic defendants pleading to a lesser charge,Percent of White defendants pleading to a lesser charge
2019,374,515,889,270,299,569,754,677,1431,42.06974128,47.4516696,52.69042628
2020,263,323,586,182,236,418,444,438,882,44.88054608,43.54066986,50.34013605
2021,214,365,579,174,286,460,367,532,899,36.96027634,37.82608696,40.82313682
2022,219,392,611,197,326,523,342,582,924,35.84288052,37.66730402,37.01298701
2023,212,406,618,203,354,557,299,544,843,34.30420712,36.44524237,35.46856465
2024,206,359,565,212,340,552,352,387,739,36.46017699,38.4057971,47.63193505
