Disposition Year,Black Plea to Lesser Charge,Black No Plea to Lesser Charge,Black Total Guilty Pleas,Hispanic Plea to Lesser Charge,Hispanic No Plea to Lesser Charge,Hispanic Total Guilty Pleas,White Plea to Lesser Charge,White No Plea to Lesser Charge,White Total Guilty Pleas,Percent of Black defendants pleading to a lesser charge,Percent of Hispanic defendants pleading to a lesser charge,Percent of White defendants pleading to a lesser charge
2019,406,595,1001,306,399,705,1005,1101,2106,40.55944056,43.40425532,47.72079772
2020,285,370,655,230,311,541,627,718,1345,43.51145038,42.51386322,46.61710037
2021,259,429,688,239,400,639,606,851,1457,37.64534884,37.40219092,41.59231297
2022,249,455,704,240,436,676,486,956,1442,35.36931818,35.50295858,33.70319001
2023,240,483,723,250,495,745,418,931,1349,33.19502075,33.55704698,30.98591549
2024,166,333,499,202,340,542,375,516,891,33.26653307,37.26937269,42.08754209
