Disposition Year,Black Plea to Lesser Charge,Black No Plea to Lesser Charge,Black Total Guilty Pleas,Hispanic Plea to Lesser Charge,Hispanic No Plea to Lesser Charge,Hispanic Total Guilty Pleas,White Plea to Lesser Charge,White No Plea to Lesser Charge,White Total Guilty Pleas,Percent of Black defendants pleading to a lesser charge,Percent of Hispanic defendants pleading to a lesser charge,Percent of White defendants pleading to a lesser charge
2019,408,600,1008,307,394,701,1007,1104,2111,40.47619048,43.79457917,47.70251066
2020,283,377,660,230,308,538,631,716,1347,42.87878788,42.75092937,46.84484039
2021,258,427,685,239,392,631,604,862,1466,37.66423358,37.87638669,41.2005457
2022,250,454,704,235,428,663,486,957,1443,35.51136364,35.44494721,33.67983368
2023,236,476,712,242,474,716,407,899,1306,33.14606742,33.79888268,31.16385911
2024,58,106,164,59,87,146,99,122,221,35.36585366,40.4109589,44.79638009
