Disposition Year,Black Plea to Lesser Charge,Black No Plea to Lesser Charge,Black Total Guilty Pleas,Hispanic Plea to Lesser Charge,Hispanic No Plea to Lesser Charge,Hispanic Total Guilty Pleas,White Plea to Lesser Charge,White No Plea to Lesser Charge,White Total Guilty Pleas,Percent of Black defendants pleading to a lesser charge,Percent of Hispanic defendants pleading to a lesser charge,Percent of White defendants pleading to a lesser charge
2017,347,399,746,264,318,582,1012,1103,2115,46.51474531,45.36082474,47.84869976
2018,303,522,825,228,355,583,838,1203,2041,36.72727273,39.10806175,41.05830475
2019,408,601,1009,306,392,698,1009,1105,2114,40.43607532,43.83954155,47.72942289
2020,284,379,663,232,309,541,631,717,1348,42.83559578,42.88354898,46.81008902
2021,260,426,686,236,389,625,606,862,1468,37.90087464,37.76,41.28065395
2022,252,449,701,230,422,652,489,956,1445,35.94864479,35.27607362,33.84083045
2023,230,453,683,231,443,674,386,828,1214,33.6749634,34.27299703,31.79571664
