Year,Prosecutors,"Clerical, Paralegal, and Admin.",Victim/Witness Staff,Investigators/Officers,Other,Total Staff,"Percent of staff in clerical, paralegal, or general support positions"
2017,37,24,9,10,5,85,28.23529412
2018,37,24,9,10,5,85,28.23529412
2019,39,20,12,10,6,87,22.98850575
2020,40,23,13,8,6,90,25.55555556
2021,41,22,13,9,6,91,24.17582418
2022,41,23,14,9,9,96,23.95833333
2023,42,25,14,9,10,100,25
2024,42,23,14,9,11,99,23.23232323
