Year,Prosecutors,Support staff,Total Staff,Percent of staff in support positions
2016,32.5,42,74.5,56.37583893
2017,34.5,43,77.5,55.48387097
2018,35.5,47,82.5,56.96969697
2019,37.5,48,85.5,56.14035088
2020,39.5,50,89.5,55.86592179
2021,40,50,90,55.55555556
2022,41,53,94,56.38297872
