Year,Prosecutors,Support staff,Total Staff,Percent of staff in support positions
2016.0,32.5,42.0,74.5,56.37583893
2017.0,34.5,43.0,77.5,55.48387097
2018.0,35.5,47.0,82.5,56.96969697
2019.0,37.5,48.0,85.5,56.14035088
2020.0,39.5,50.0,89.5,55.86592179
2021.0,40.0,50.0,90.0,55.55555556
2022.0,41.0,53.0,94.0,56.38297872
