Disposition Year,Black Plea to Lesser Charge,Black No Plea to Lesser Charge,Black Total Guilty Pleas,Hispanic Plea to Lesser Charge,Hispanic No Plea to Lesser Charge,Hispanic Total Guilty Pleas,White Plea to Lesser Charge,White No Plea to Lesser Charge,White Total Guilty Pleas,Percent of Black defendants pleading to a lesser charge,Percent of Hispanic defendants pleading to a lesser charge,Percent of White defendants pleading to a lesser charge
2017,387,546,933,386,597,983,911,979,1890,41.47909968,39.26754832,48.2010582
2018,496,644,1140,492,573,1065,1237,1097,2334,43.50877193,46.1971831,52.9991431
2019,540,694,1234,564,635,1199,1314,1153,2467,43.76012966,47.03919933,53.26307256
2020,408,475,883,362,506,868,811,821,1632,46.20611552,41.70506912,49.69362745
2021,432,655,1087,399,586,985,725,1017,1742,39.7424103,40.50761421,41.61882893
2022,427,705,1132,368,724,1092,653,1145,1798,37.72084806,33.6996337,36.31813126
2023,303,657,960,291,667,958,559,967,1526,31.5625,30.37578288,36.63171691
