Disposition Year,Black Plea to Lesser Charge,Black No Plea to Lesser Charge,Black Total Guilty Pleas,Hispanic Plea to Lesser Charge,Hispanic No Plea to Lesser Charge,Hispanic Total Guilty Pleas,White Plea to Lesser Charge,White No Plea to Lesser Charge,White Total Guilty Pleas,Percent of Black defendants pleading to a lesser charge,Percent of Hispanic defendants pleading to a lesser charge,Percent of White defendants pleading to a lesser charge
2019,543,686,1229,571,650,1221,1305,1136,2441,44.182262,46.76494676,53.46169603
2020,402,476,878,368,512,880,811,817,1628,45.78587699,41.81818182,49.81572482
2021,432,660,1092,414,605,1019,719,999,1718,39.56043956,40.62806673,41.85098952
2022,430,710,1140,381,761,1142,652,1133,1785,37.71929825,33.36252189,36.52661064
2023,331,729,1060,326,762,1088,582,1052,1634,31.22641509,29.96323529,35.61811506
2024,317,741,1058,391,864,1255,542,910,1452,29.96219282,31.15537849,37.32782369
2025,193,296,489,210,369,579,238,410,648,39.46830266,36.26943005,36.72839506
