Disposition Year,Black Plea to Lesser Charge,Black No Plea to Lesser Charge,Black Total Guilty Pleas,Hispanic Plea to Lesser Charge,Hispanic No Plea to Lesser Charge,Hispanic Total Guilty Pleas,White Plea to Lesser Charge,White No Plea to Lesser Charge,White Total Guilty Pleas,Percent of Black defendants pleading to a lesser charge,Percent of Hispanic defendants pleading to a lesser charge,Percent of White defendants pleading to a lesser charge
2017,386,547,933,386,597,983,916,977,1893,41.37191854,39.26754832,48.38880085
2018,489,641,1130,490,571,1061,1238,1102,2340,43.27433628,46.18284637,52.90598291
2019,539,693,1232,561,631,1192,1316,1156,2472,43.75,47.06375839,53.23624595
2020,406,472,878,356,504,860,815,824,1639,46.24145786,41.39534884,49.72544234
2021,434,654,1088,399,583,982,726,1021,1747,39.88970588,40.63136456,41.55695478
2022,426,693,1119,365,716,1081,656,1146,1802,38.06970509,33.76503238,36.40399556
2023,230,510,740,217,488,705,423,735,1158,31.08108108,30.78014184,36.52849741
