Disposition Year,Black Plea to Lesser Charge,Black No Plea to Lesser Charge,Black Total Guilty Pleas,Hispanic Plea to Lesser Charge,Hispanic No Plea to Lesser Charge,Hispanic Total Guilty Pleas,White Plea to Lesser Charge,White No Plea to Lesser Charge,White Total Guilty Pleas,Percent of Black defendants pleading to a lesser charge,Percent of Hispanic defendants pleading to a lesser charge,Percent of White defendants pleading to a lesser charge
2019,541,689,1230,567,640,1207,1310,1150,2460,43.98373984,46.97597349,53.25203252
2020,409,474,883,364,515,879,808,814,1622,46.3193658,41.41069397,49.81504316
2021,433,659,1092,404,596,1000,725,1007,1732,39.65201465,40.4,41.8591224
2022,424,707,1131,379,741,1120,656,1143,1799,37.48894783,33.83928571,36.46470261
2023,323,716,1039,315,739,1054,578,1037,1615,31.08758422,29.88614801,35.78947368
2024,150,292,442,170,353,523,249,381,630,33.93665158,32.50478011,39.52380952
