Disposition Year,Black Plea to Lesser Charge,Black No Plea to Lesser Charge,Black Total Guilty Pleas,Hispanic Plea to Lesser Charge,Hispanic No Plea to Lesser Charge,Hispanic Total Guilty Pleas,White Plea to Lesser Charge,White No Plea to Lesser Charge,White Total Guilty Pleas,Percent of Black defendants pleading to a lesser charge,Percent of Hispanic defendants pleading to a lesser charge,Percent of White defendants pleading to a lesser charge
2019,542,690,1232,574,645,1219,1306,1138,2444,43.99350649,47.08777687,53.43698854
2020,405,475,880,367,518,885,809,812,1621,46.02272727,41.46892655,49.90746453
2021,432,656,1088,407,595,1002,725,1004,1729,39.70588235,40.61876248,41.93175246
2022,429,710,1139,385,756,1141,650,1134,1784,37.66461809,33.74233129,36.43497758
2023,325,726,1051,320,751,1071,580,1047,1627,30.92293054,29.87861811,35.6484327
2024,309,705,1014,383,797,1180,527,860,1387,30.47337278,32.45762712,37.99567412
