Disposition Year,Black Plea to Lesser Charge,Black No Plea to Lesser Charge,Black Total Guilty Pleas,Hispanic Plea to Lesser Charge,Hispanic No Plea to Lesser Charge,Hispanic Total Guilty Pleas,White Plea to Lesser Charge,White No Plea to Lesser Charge,White Total Guilty Pleas,Percent of Black defendants pleading to a lesser charge,Percent of Hispanic defendants pleading to a lesser charge,Percent of White defendants pleading to a lesser charge
2019,538,689,1227,571,645,1216,1306,1141,2447,43.84678077,46.95723684,53.37147528
2020,406,473,879,365,515,880,809,813,1622,46.18885097,41.47727273,49.87669544
2021,434,657,1091,406,599,1005,723,999,1722,39.78001833,40.39800995,41.98606272
2022,426,705,1131,384,746,1130,653,1138,1791,37.66578249,33.98230088,36.46007817
2023,323,724,1047,316,742,1058,579,1043,1622,30.85004776,29.86767486,35.69667078
2024,218,513,731,267,573,840,405,623,1028,29.82216142,31.78571429,39.39688716
