Disposition Year,Black Plea to Lesser Charge,Black No Plea to Lesser Charge,Black Total Guilty Pleas,Hispanic Plea to Lesser Charge,Hispanic No Plea to Lesser Charge,Hispanic Total Guilty Pleas,White Plea to Lesser Charge,White No Plea to Lesser Charge,White Total Guilty Pleas,Percent of Black defendants pleading to a lesser charge,Percent of Hispanic defendants pleading to a lesser charge,Percent of White defendants pleading to a lesser charge
2017,387,545,932,386,597,983,914,980,1894,41.52360515,39.26754832,48.25765576
2018,495,645,1140,496,568,1064,1233,1102,2335,43.42105263,46.61654135,52.80513919
2019,538,685,1223,567,642,1209,1313,1150,2463,43.99018806,46.89826303,53.3089728
2020,407,476,883,363,509,872,810,818,1628,46.09286523,41.62844037,49.75429975
2021,436,657,1093,402,594,996,727,1008,1735,39.89021043,40.36144578,41.90201729
2022,425,710,1135,376,732,1108,652,1147,1799,37.44493392,33.93501805,36.24235686
2023,318,707,1025,303,710,1013,575,1017,1592,31.02439024,29.91115499,36.11809045
2024,65,110,175,72,136,208,104,173,277,37.14285714,34.61538462,37.54512635
