Disposition Year,Black Plea to Lesser Charge,Black No Plea to Lesser Charge,Black Total Guilty Pleas,Hispanic Plea to Lesser Charge,Hispanic No Plea to Lesser Charge,Hispanic Total Guilty Pleas,White Plea to Lesser Charge,White No Plea to Lesser Charge,White Total Guilty Pleas,Percent of Black defendants pleading to a lesser charge,Percent of Hispanic defendants pleading to a lesser charge,Percent of White defendants pleading to a lesser charge
2017,387,548,935,379,594,973,925,984,1909,41.39037433,38.95169579,48.45468832
2018,491,639,1130,485,566,1051,1245,1103,2348,43.45132743,46.14652712,53.02385009
2019,544,693,1237,555,621,1176,1321,1161,2482,43.97736459,47.19387755,53.22320709
2020,407,474,881,351,495,846,817,833,1650,46.19750284,41.4893617,49.51515152
2021,432,656,1088,402,584,986,725,1018,1743,39.70588235,40.77079108,41.59495123
2022,430,686,1116,351,701,1052,663,1156,1819,38.53046595,33.36501901,36.44859813
2023,156,337,493,134,334,468,301,499,800,31.64300203,28.63247863,37.625
