Disposition Year,Black Plea to Lesser Charge,Black No Plea to Lesser Charge,Black Total Guilty Pleas,Hispanic Plea to Lesser Charge,Hispanic No Plea to Lesser Charge,Hispanic Total Guilty Pleas,White Plea to Lesser Charge,White No Plea to Lesser Charge,White Total Guilty Pleas,Percent of Black defendants pleading to a lesser charge,Percent of Hispanic defendants pleading to a lesser charge,Percent of White defendants pleading to a lesser charge
2017,380,550,930,77,130,207,1196,1429,2625,40.86021505,37.19806763,45.56190476
2018,484,636,1120,101,129,230,1547,1533,3080,43.21428571,43.91304348,50.22727273
2019,532,690,1222,146,145,291,1656,1628,3284,43.53518822,50.17182131,50.42630938
2020,398,477,875,89,150,239,1045,1173,2218,45.48571429,37.23849372,47.11451758
2021,423,648,1071,121,162,283,987,1432,2419,39.49579832,42.75618375,40.80198429
2022,303,483,786,64,130,194,707,1169,1876,38.54961832,32.98969072,37.68656716