Disposition Year,Black Plea to Lesser Charge,Black No Plea to Lesser Charge,Black Total Guilty Pleas,Hispanic Plea to Lesser Charge,Hispanic No Plea to Lesser Charge,Hispanic Total Guilty Pleas,White Plea to Lesser Charge,White No Plea to Lesser Charge,White Total Guilty Pleas,Percent of Black defendants pleading to a lesser charge,Percent of Hispanic defendants pleading to a lesser charge,Percent of White defendants pleading to a lesser charge
2017.0,387.0,549.0,936.0,374.0,581.0,955.0,928.0,995.0,1923.0,41.34615385,39.16230366,48.25793032
2018.0,489.0,639.0,1128.0,486.0,563.0,1049.0,1246.0,1107.0,2353.0,43.35106383,46.32983794,52.95367616
2019.0,539.0,691.0,1230.0,554.0,615.0,1169.0,1322.0,1165.0,2487.0,43.82113821,47.39093242,53.15641335
2020.0,407.0,475.0,882.0,347.0,490.0,837.0,821.0,834.0,1655.0,46.14512472,41.45758662,49.60725076
2021.0,433.0,653.0,1086.0,399.0,585.0,984.0,723.0,1020.0,1743.0,39.87108656,40.54878049,41.48020654
2022.0,421.0,672.0,1093.0,350.0,685.0,1035.0,660.0,1153.0,1813.0,38.51784081,33.81642512,36.40375069
2023.0,72.0,155.0,227.0,66.0,169.0,235.0,140.0,209.0,349.0,31.71806167,28.08510638,40.11461318
