Disposition Year,Black Plea to Lesser Charge,Black No Plea to Lesser Charge,Black Total Guilty Pleas,Hispanic Plea to Lesser Charge,Hispanic No Plea to Lesser Charge,Hispanic Total Guilty Pleas,White Plea to Lesser Charge,White No Plea to Lesser Charge,White Total Guilty Pleas,Percent of Black defendants pleading to a lesser charge,Percent of Hispanic defendants pleading to a lesser charge,Percent of White defendants pleading to a lesser charge
2020,404,471,875,372,512,884,805,817,1622,46.17142857,42.08144796,49.63008631
2021,432,661,1093,421,606,1027,718,994,1712,39.5242452,40.99318403,41.93925234
2022,427,711,1138,383,759,1142,651,1142,1793,37.52196837,33.53765324,36.30786392
2023,337,740,1077,332,773,1105,577,1064,1641,31.2906221,30.04524887,35.1614869
2024,320,758,1078,400,863,1263,547,926,1473,29.68460111,31.67062549,37.13509844
2025,375,662,1037,405,818,1223,552,863,1415,36.16200579,33.11529027,39.01060071
