Disposition Year,Black Cases Deferred,Black Cases Not Deferred,Black Total Cases Disposed,Hispanic Cases Deferred,Hispanic Cases Not Deferred,Hispanic Total Cases Disposed,White Cases Deferred,White Cases Not Deferred,White Total Cases Disposed,Percent of Black defendants deferred,Percent of Hispanic defendants deferred,Percent of White defendants deferred
2019,26,126,152,35,149,184,243,737,980,17.10526316,19.02173913,24.79591837
2020,20,79,99,14,129,143,211,528,739,20.2020202,9.79020979,28.55209743
2021,36,120,156,33,201,234,205,673,878,23.07692308,14.1025641,23.34851936
2022,26,110,136,28,174,202,155,616,771,19.11764706,13.86138614,20.10376135
2023,29,131,160,19,202,221,116,609,725,18.125,8.597285068,16
2024,19,141,160,24,204,228,136,576,712,11.875,10.52631579,19.1011236
2025,3,44,47,12,83,95,39,228,267,6.382978723,12.63157895,14.60674157
