Disposition Year,Black Cases Deferred,Black Cases Not Deferred,Black Total Cases Disposed,Hispanic Cases Deferred,Hispanic Cases Not Deferred,Hispanic Total Cases Disposed,White Cases Deferred,White Cases Not Deferred,White Total Cases Disposed,Percent of Black defendants deferred,Percent of Hispanic defendants deferred,Percent of White defendants deferred
2019,26,126,152,38,150,188,240,736,976,17.10526316,20.21276596,24.59016393
2020,20,81,101,15,132,147,211,524,735,19.8019802,10.20408163,28.70748299
2021,37,120,157,34,200,234,203,671,874,23.56687898,14.52991453,23.22654462
2022,26,111,137,28,170,198,153,613,766,18.97810219,14.14141414,19.97389034
2023,30,129,159,17,201,218,110,604,714,18.86792453,7.798165138,15.40616246
2024,19,123,142,20,174,194,110,506,616,13.38028169,10.30927835,17.85714286
