Disposition Year,Black Cases Deferred,Black Cases Not Deferred,Black Total Cases Disposed,Hispanic Cases Deferred,Hispanic Cases Not Deferred,Hispanic Total Cases Disposed,White Cases Deferred,White Cases Not Deferred,White Total Cases Disposed,Percent of Black defendants deferred,Percent of Hispanic defendants deferred,Percent of White defendants deferred
2019,26,125,151,38,147,185,240,738,978,17.21854305,20.54054054,24.5398773
2020,20,79,99,15,129,144,210,528,738,20.2020202,10.41666667,28.45528455
2021,37,120,157,34,200,234,203,673,876,23.56687898,14.52991453,23.17351598
2022,26,109,135,29,172,201,153,615,768,19.25925926,14.4278607,19.921875
2023,30,129,159,18,202,220,112,604,716,18.86792453,8.181818182,15.6424581
2024,18,138,156,23,200,223,129,562,691,11.53846154,10.31390135,18.66859624
2025,1,25,26,7,45,52,24,121,145,3.846153846,13.46153846,16.55172414
