Referral Year,Black Felony Referrals Filed,Black Felony Referrals Not Filed,Black Total Felony Referrals,Hispanic Felony Referrals Filed,Hispanic Felony Referrals Not Filed,Hispanic Total Felony Referrals,White Felony Referrals Filed,White Felony Referrals Not Filed,White Total Felony Referrals,Percent of cases involving Black defendants declined,Percent of cases involving Hispanic defendants declined,Percent of cases involving White defendants declined
2019,77,8,85,306,41,347,675,100,775,9.411764706,11.81556196,12.90322581
2020,69,5,74,233,46,279,658,113,771,6.756756757,16.4874552,14.65629053
2021,52,18,70,244,41,285,648,92,740,25.71428571,14.38596491,12.43243243
2022,70,5,75,210,26,236,523,83,606,6.666666667,11.01694915,13.69636964
2023,59,4,63,187,24,211,508,50,558,6.349206349,11.37440758,8.960573477
2024,27,4,31,166,28,194,484,38,522,12.90322581,14.43298969,7.279693487
