Referral Year,Felony Referrals Filed,Felony Referrals Not Filed,Total Felony Referrals,Felony Cases Acquitted,Felony Cases Deferred,Felony Cases Dismissed,Felony Cases Found Guilty,Felony Cases Plea Dismissal,Felony Cases Plead Guilty,Total Felony Cases Disposed,Percent of felony referrals declined,Percent of felony cases dismissed after filing
2017,1004,126,1130,8,95,50,11,52,632,848,11.15044248,5.896226415
2018,1066,172,1238,5,80,66,8,73,627,859,13.89337641,7.683352736
2019,1114,163,1277,8,70,78,8,97,585,846,12.76429131,9.219858156
2020,1002,182,1184,2,65,93,11,91,587,849,15.37162162,10.9540636
2021,983,178,1161,1,74,159,14,132,531,911,15.33161068,17.45334797
2022,841,134,975,2,87,128,7,145,466,835,13.74358974,15.32934132
2023,792,78,870,1,78,115,2,113,426,735,8.965517241,15.6462585
2024,190,6,196,1,16,30,0,23,84,154,3.06122449,19.48051948
