Referral Year,Filed,Declined,Total Felony Referrals,Percent Declined
2017,1005,125,1130,11.0619469
2018,1066,172,1238,13.89337641
2019,1114,163,1277,12.76429131
2020,1001,182,1183,15.38461538
2021,983,178,1161,15.33161068
2022,840,135,975,13.84615385
2023,791,98,889,11.02362205
2024,708,88,796,11.05527638
