Referral Year,Felony Referrals Filed,Felony Referrals Not Filed,Total Felony Referrals,Felony Cases Acquitted,Felony Cases Deferred,Felony Cases Dismissed,Felony Cases Found Guilty,Felony Cases Plea Dismissal,Felony Cases Plead Guilty,Total Felony Cases Disposed,Percent of felony referrals declined,Percent of felony cases dismissed after filing
2017,1005,125,1130,8,95,50,11,52,632,848,11.0619469,5.896226415
2018,1066,172,1238,5,80,66,8,73,628,860,13.89337641,7.674418605
2019,1114,163,1277,8,70,78,8,97,585,846,12.76429131,9.219858156
2020,1001,182,1183,2,65,93,11,91,587,849,15.38461538,10.9540636
2021,983,178,1161,1,74,159,14,132,532,912,15.33161068,17.43421053
2022,840,134,974,2,87,128,7,145,467,836,13.75770021,15.31100478
2023,791,84,875,1,77,116,3,113,428,738,9.6,15.71815718
2024,362,18,380,2,38,72,1,46,196,355,4.736842105,20.28169014
