Disposition Year,Black Cases Deferred,Black Cases Not Deferred,Black Total Cases Disposed,Hispanic Cases Deferred,Hispanic Cases Not Deferred,Hispanic Total Cases Disposed,White Cases Deferred,White Cases Not Deferred,White Total Cases Disposed,Percent of Black defendants deferred,Percent of Hispanic defendants deferred,Percent of White defendants deferred
2017,10,114,124,57,415,472,222,1303,1525,8.064516129,12.07627119,14.55737705
2018,15,136,151,56,453,509,232,1421,1653,9.933774834,11.00196464,14.03508772
2019,13,133,146,58,447,505,221,1376,1597,8.904109589,11.48514851,13.83844709
2020,16,93,109,48,304,352,160,907,1067,14.67889908,13.63636364,14.99531396
2021,13,122,135,59,388,447,221,1079,1300,9.62962963,13.19910515,17
2022,8,122,130,54,449,503,164,1079,1243,6.153846154,10.73558648,13.19388576
2023,13,114,127,62,402,464,158,883,1041,10.23622047,13.36206897,15.17771374
