Disposition Year,Black Cases Deferred,Black Cases Not Deferred,Black Total Cases Disposed,Hispanic Cases Deferred,Hispanic Cases Not Deferred,Hispanic Total Cases Disposed,White Cases Deferred,White Cases Not Deferred,White Total Cases Disposed,Percent of Black defendants deferred,Percent of Hispanic defendants deferred,Percent of White defendants deferred
2017,10,113,123,57,413,470,222,1306,1528,8.130081301,12.12765957,14.52879581
2018,15,137,152,57,453,510,231,1418,1649,9.868421053,11.17647059,14.00848999
2019,13,133,146,59,447,506,220,1376,1596,8.904109589,11.66007905,13.78446115
2020,15,94,109,48,306,354,156,912,1068,13.76146789,13.55932203,14.60674157
2021,11,124,135,59,392,451,219,1077,1296,8.148148148,13.08203991,16.89814815
2022,7,123,130,52,450,502,160,1086,1246,5.384615385,10.35856574,12.84109149
2023,13,118,131,69,432,501,161,967,1128,9.923664122,13.77245509,14.27304965
