Disposition Year,Black Cases Deferred,Black Cases Not Deferred,Black Total Cases Disposed,Hispanic Cases Deferred,Hispanic Cases Not Deferred,Hispanic Total Cases Disposed,White Cases Deferred,White Cases Not Deferred,White Total Cases Disposed,Percent of Black defendants deferred,Percent of Hispanic defendants deferred,Percent of White defendants deferred
2019,14,130,144,60,442,502,224,1354,1578,9.722222222,11.95219124,14.19518378
2020,15,95,110,49,307,356,171,939,1110,13.63636364,13.76404494,15.40540541
2021,11,126,137,62,386,448,233,1056,1289,8.02919708,13.83928571,18.07602793
2022,7,119,126,57,448,505,185,1055,1240,5.555555556,11.28712871,14.91935484
2023,14,118,132,74,445,519,166,1003,1169,10.60606061,14.25818882,14.20017109
2024,13,116,129,76,469,545,184,925,1109,10.07751938,13.94495413,16.5915239
