Disposition Year,Black Cases Deferred,Black Cases Not Deferred,Black Total Cases Disposed,Hispanic Cases Deferred,Hispanic Cases Not Deferred,Hispanic Total Cases Disposed,White Cases Deferred,White Cases Not Deferred,White Total Cases Disposed,Percent of Black defendants deferred,Percent of Hispanic defendants deferred,Percent of White defendants deferred
2017,10,112,122,59,404,463,224,1264,1488,8.196721311,12.74298056,15.05376344
2018,15,134,149,60,452,512,235,1427,1662,10.06711409,11.71875,14.13959085
2019,13,131,144,60,444,504,225,1352,1577,9.027777778,11.9047619,14.2675967
2020,15,96,111,50,302,352,169,923,1092,13.51351351,14.20454545,15.47619048
2021,11,125,136,63,390,453,233,1055,1288,8.088235294,13.90728477,18.09006211
2022,7,119,126,56,442,498,185,1056,1241,5.555555556,11.24497992,14.9073328
2023,14,115,129,73,439,512,165,966,1131,10.85271318,14.2578125,14.58885942
2024,2,29,31,13,107,120,41,230,271,6.451612903,10.83333333,15.12915129
