Disposition Year,Black Cases Deferred,Black Cases Not Deferred,Black Total Cases Disposed,Hispanic Cases Deferred,Hispanic Cases Not Deferred,Hispanic Total Cases Disposed,White Cases Deferred,White Cases Not Deferred,White Total Cases Disposed,Percent of Black defendants deferred,Percent of Hispanic defendants deferred,Percent of White defendants deferred
2017,10,110,120,13,150,163,264,1507,1771,8.333333333,7.975460123,14.9068323
2018,15,130,145,20,173,193,272,1665,1937,10.34482759,10.3626943,14.04233351
2019,14,129,143,22,188,210,253,1554,1807,9.79020979,10.47619048,14.00110681
2020,16,86,102,11,112,123,188,1004,1192,15.68627451,8.943089431,15.77181208
2021,12,119,131,23,186,209,253,1183,1436,9.160305344,11.00478469,17.6183844
2022,5,77,82,12,144,156,148,847,995,6.097560976,7.692307692,14.87437186