Disposition Year,Black Cases Deferred,Black Cases Not Deferred,Black Total Cases Disposed,Hispanic Cases Deferred,Hispanic Cases Not Deferred,Hispanic Total Cases Disposed,White Cases Deferred,White Cases Not Deferred,White Total Cases Disposed,Percent of Black defendants deferred,Percent of Hispanic defendants deferred,Percent of White defendants deferred
2017,10,112,122,59,400,459,223,1268,1491,8.196721311,12.8540305,14.9564051
2018,15,134,149,59,441,500,236,1437,1673,10.06711409,11.8,14.1063957
2019,13,131,144,59,444,503,225,1346,1571,9.027777778,11.72962227,14.32208784
2020,16,94,110,50,295,345,177,915,1092,14.54545455,14.49275362,16.20879121
2021,13,123,136,62,388,450,238,1053,1291,9.558823529,13.77777778,18.43532146
2022,8,118,126,61,435,496,191,1047,1238,6.349206349,12.2983871,15.42810985
2023,11,76,87,50,272,322,127,638,765,12.64367816,15.52795031,16.60130719
