Disposition Year,Black Cases Deferred,Black Cases Not Deferred,Black Total Cases Disposed,Hispanic Cases Deferred,Hispanic Cases Not Deferred,Hispanic Total Cases Disposed,White Cases Deferred,White Cases Not Deferred,White Total Cases Disposed,Percent of Black defendants deferred,Percent of Hispanic defendants deferred,Percent of White defendants deferred
2019,14,127,141,60,444,504,224,1362,1586,9.929078014,11.9047619,14.12358134
2020,15,94,109,49,316,365,172,949,1121,13.76146789,13.42465753,15.34344335
2021,11,128,139,62,385,447,235,1058,1293,7.913669065,13.87024609,18.17478732
2022,6,119,125,58,448,506,188,1056,1244,4.8,11.46245059,15.11254019
2023,16,118,134,74,445,519,166,1001,1167,11.94029851,14.25818882,14.22450728
2024,17,120,137,80,486,566,196,965,1161,12.40875912,14.13427562,16.88199828
2025,10,61,71,40,272,312,86,430,516,14.08450704,12.82051282,16.66666667
