Disposition Year,Black Cases Deferred,Black Cases Not Deferred,Black Total Cases Disposed,Hispanic Cases Deferred,Hispanic Cases Not Deferred,Hispanic Total Cases Disposed,White Cases Deferred,White Cases Not Deferred,White Total Cases Disposed,Percent of Black defendants deferred,Percent of Hispanic defendants deferred,Percent of White defendants deferred
2019,14,129,143,60,442,502,224,1352,1576,9.79020979,11.95219124,14.21319797
2020,15,94,109,49,303,352,170,930,1100,13.76146789,13.92045455,15.45454545
2021,11,127,138,63,385,448,233,1055,1288,7.971014493,14.0625,18.09006211
2022,7,119,126,57,447,504,184,1054,1238,5.555555556,11.30952381,14.86268174
2023,14,116,130,74,439,513,166,986,1152,10.76923077,14.42495127,14.40972222
2024,7,91,98,59,337,396,131,664,795,7.142857143,14.8989899,16.47798742
