Disposition Year,Black Cases Deferred,Black Cases Not Deferred,Black Total Cases Disposed,Hispanic Cases Deferred,Hispanic Cases Not Deferred,Hispanic Total Cases Disposed,White Cases Deferred,White Cases Not Deferred,White Total Cases Disposed,Percent of Black defendants deferred,Percent of Hispanic defendants deferred,Percent of White defendants deferred
2019,14,129,143,60,439,499,224,1365,1589,9.79020979,12.0240481,14.0969163
2020,15,96,111,49,314,363,172,949,1121,13.51351351,13.49862259,15.34344335
2021,11,127,138,62,384,446,235,1060,1295,7.971014493,13.90134529,18.14671815
2022,6,119,125,58,444,502,184,1060,1244,4.8,11.55378486,14.79099678
2023,15,118,133,74,446,520,165,1001,1166,11.27819549,14.23076923,14.1509434
2024,14,119,133,79,489,568,189,970,1159,10.52631579,13.9084507,16.30716135
2025,9,35,44,21,130,151,45,218,263,20.45454545,13.90728477,17.11026616
