Disposition Year,Black Cases Deferred,Black Cases Not Deferred,Black Total Cases Disposed,Hispanic Cases Deferred,Hispanic Cases Not Deferred,Hispanic Total Cases Disposed,White Cases Deferred,White Cases Not Deferred,White Total Cases Disposed,Percent of Black defendants deferred,Percent of Hispanic defendants deferred,Percent of White defendants deferred
2019,14,129,143,60,442,502,224,1352,1576,9.79020979,11.95219124,14.21319797
2020,15,95,110,49,304,353,170,927,1097,13.63636364,13.88101983,15.49680948
2021,11,124,135,63,391,454,233,1056,1289,8.148148148,13.87665198,18.07602793
2022,7,119,126,56,448,504,186,1052,1238,5.555555556,11.11111111,15.02423263
2023,14,116,130,74,444,518,166,978,1144,10.76923077,14.28571429,14.51048951
2024,7,67,74,42,206,248,91,447,538,9.459459459,16.93548387,16.91449814
