Disposition Year,Black Cases Deferred,Black Cases Not Deferred,Black Total Cases Disposed,Hispanic Cases Deferred,Hispanic Cases Not Deferred,Hispanic Total Cases Disposed,White Cases Deferred,White Cases Not Deferred,White Total Cases Disposed,Percent of Black defendants deferred,Percent of Hispanic defendants deferred,Percent of White defendants deferred
2020,15,95,110,50,318,368,171,947,1118,13.63636364,13.58695652,15.29516995
2021,11,128,139,62,387,449,235,1055,1290,7.913669065,13.80846325,18.21705426
2022,6,118,124,60,452,512,188,1055,1243,4.838709677,11.71875,15.12469831
2023,16,120,136,73,442,515,167,1005,1172,11.76470588,14.17475728,14.24914676
2024,17,120,137,82,490,572,195,960,1155,12.40875912,14.33566434,16.88311688
2025,18,100,118,76,447,523,167,775,942,15.25423729,14.53154876,17.72823779
