Disposition Year,Black Cases Deferred,Black Cases Not Deferred,Black Total Cases Disposed,Hispanic Cases Deferred,Hispanic Cases Not Deferred,Hispanic Total Cases Disposed,White Cases Deferred,White Cases Not Deferred,White Total Cases Disposed,Percent of Black defendants deferred,Percent of Hispanic defendants deferred,Percent of White defendants deferred
2017,10,110,120,57,394,451,224,1270,1494,8.333333333,12.63858093,14.99330656
2018,16,132,148,60,438,498,234,1412,1646,10.81081081,12.04819277,14.2162819
2019,13,132,145,57,434,491,228,1345,1573,8.965517241,11.6089613,14.49459631
2020,17,92,109,48,290,338,172,901,1073,15.59633028,14.20118343,16.02982293
2021,13,126,139,60,375,435,233,1038,1271,9.352517986,13.79310345,18.33202203
2022,8,114,122,59,423,482,189,1028,1217,6.557377049,12.2406639,15.52999178
2023,10,41,51,37,180,217,90,411,501,19.60784314,17.05069124,17.96407186
