Filing Year,White Victim,NonWhite Victim,Total,Percent involving a white victim,Percent involving a non-white victim
2017.0,184.0,359.0,543.0,33.88581952,66.11418048
2018.0,131.0,459.0,590.0,22.20338983,77.79661017
2019.0,139.0,402.0,541.0,25.69316081,74.30683919
2020.0,83.0,515.0,598.0,13.87959866,86.12040134
2021.0,104.0,479.0,583.0,17.83876501,82.16123499
2022.0,100.0,405.0,505.0,19.8019802,80.1980198
2023.0,23.0,127.0,150.0,15.33333333,84.66666667
