Disposition Year,Highest Income Neighbood Cases Dismissed,Highest Income Neighborhood Cases Not Dismissed,Highest Income Neighborhood Total Cases Disposed,Lowest Income Neighbood Cases Dismissed,Lowest Income Neighborhood Cases Not Dismissed,Lowest Income Neighborhood Total Cases Disposed,Percent of cases in highest income zip codes dismissed,Percent of cases in lowest income zip codes dismissed
2017.0,61.0,544.0,605.0,84.0,406.0,490.0,10.08264463,17.14285714
2018.0,90.0,590.0,680.0,82.0,383.0,465.0,13.23529412,17.6344086
2019.0,94.0,506.0,600.0,91.0,435.0,526.0,15.66666667,17.30038023
2020.0,78.0,431.0,509.0,61.0,261.0,322.0,15.32416503,18.94409938
2021.0,129.0,514.0,643.0,124.0,380.0,504.0,20.0622084,24.6031746
2022.0,141.0,554.0,695.0,129.0,408.0,537.0,20.28776978,24.02234637
2023.0,32.0,133.0,165.0,16.0,108.0,124.0,19.39393939,12.90322581
