Disposition Year,Highest Income Neighbood Cases Dismissed,Highest Income Neighborhood Cases Not Dismissed,Highest Income Neighborhood Total Cases Disposed,Lowest Income Neighbood Cases Dismissed,Lowest Income Neighborhood Cases Not Dismissed,Lowest Income Neighborhood Total Cases Disposed,Percent of cases in highest income zip codes dismissed,Percent of cases in lowest income zip codes dismissed
2017,43,598,641,22,252,274,6.708268331,8.02919708
2018,53,516,569,32,243,275,9.314586995,11.63636364
2019,51,608,659,26,271,297,7.738998483,8.754208754
2020,48,416,464,26,161,187,10.34482759,13.90374332
2021,61,471,532,38,220,258,11.46616541,14.72868217
2022,61,648,709,45,243,288,8.603667137,15.625
2023,80,578,658,44,258,302,12.15805471,14.56953642
2024,34,161,195,16,57,73,17.43589744,21.91780822
