Disposition Year,Non-White Victim Cases Dismissed,Non-White Victim Cases Not Dismissed,Non-White Victim Total Cases,White Victim Cases Dismissed,White Victim Cases Not Dismissed,White Victim Cases Total,Percent of cases dismissed involving non-white victims,Percent of cases dismissed involving white victims
2017.0,328.0,5457.0,5785.0,428.0,2737.0,3165.0,5.669835782,13.52290679
2018.0,463.0,5836.0,6299.0,384.0,2375.0,2759.0,7.350373075,13.91808626
2019.0,500.0,6225.0,6725.0,346.0,2087.0,2433.0,7.434944238,14.22112618
2020.0,490.0,4115.0,4605.0,245.0,1270.0,1515.0,10.64060803,16.17161716
2021.0,867.0,5940.0,6807.0,347.0,1506.0,1853.0,12.7368885,18.72638964
2022.0,863.0,6163.0,7026.0,456.0,1838.0,2294.0,12.28294905,19.87794246
2023.0,234.0,1609.0,1843.0,96.0,456.0,552.0,12.69669018,17.39130435
