Disposition Year,Highest Income Neighbood Cases Dismissed,Highest Income Neighborhood Cases Not Dismissed,Highest Income Neighborhood Total Cases Disposed,Lowest Income Neighbood Cases Dismissed,Lowest Income Neighborhood Cases Not Dismissed,Lowest Income Neighborhood Total Cases Disposed,Percent of cases in highest income zip codes dismissed,Percent of cases in lowest income zip codes dismissed
2017.0,43.0,598.0,641.0,22.0,252.0,274.0,6.708268331,8.02919708
2018.0,53.0,516.0,569.0,31.0,245.0,276.0,9.314586995,11.23188406
2019.0,51.0,607.0,658.0,26.0,270.0,296.0,7.750759878,8.783783784
2020.0,45.0,418.0,463.0,26.0,162.0,188.0,9.719222462,13.82978723
2021.0,58.0,472.0,530.0,36.0,222.0,258.0,10.94339623,13.95348837
2022.0,52.0,645.0,697.0,39.0,246.0,285.0,7.460545194,13.68421053
2023.0,20.0,150.0,170.0,12.0,71.0,83.0,11.76470588,14.45783133
