Disposition Year,Highest Income Neighbood Cases Dismissed,Highest Income Neighborhood Cases Not Dismissed,Highest Income Neighborhood Total Cases Disposed,Lowest Income Neighbood Cases Dismissed,Lowest Income Neighborhood Cases Not Dismissed,Lowest Income Neighborhood Total Cases Disposed,Percent of cases in highest income zip codes dismissed,Percent of cases in lowest income zip codes dismissed
2017,61,543,604,85,409,494,10.09933775,17.20647773
2018,90,591,681,82,386,468,13.21585903,17.52136752
2019,95,510,605,91,439,530,15.70247934,17.16981132
2020,78,440,518,61,262,323,15.05791506,18.88544892
2021,127,515,642,122,384,506,19.78193146,24.11067194
2022,137,581,718,128,421,549,19.08077994,23.3151184
2023,131,533,664,98,413,511,19.72891566,19.17808219
