Filing Year,White Victim,NonWhite Victim,Total,Percent involving a white victim,Percent involving a non-white victim
2017,96,124,220,43.63636364,56.36363636
2018,104,109,213,48.82629108,51.17370892
2019,95,114,209,45.45454545,54.54545455
2020,102,106,208,49.03846154,50.96153846
2021,111,113,224,49.55357143,50.44642857
2022,116,117,233,49.78540773,50.21459227
2023,56,51,107,52.3364486,47.6635514
