Filing Year,White Victim,NonWhite Victim,Total,Percent involving a white victim,Percent involving a non-white victim
2017,96,124,220,43.63636364,56.36363636
2018,104,109,213,48.82629108,51.17370892
2019,95,114,209,45.45454545,54.54545455
2020,102,106,208,49.03846154,50.96153846
2021,109,115,224,48.66071429,51.33928571
2022,116,118,234,49.57264957,50.42735043
2023,129,111,240,53.75,46.25
