Disposition Quarter,Number of cases resulting in conviction,Number of cases resulting in no conviction,Total Cases Disposed,Percent of cases resulting in conviction
2017,40,6,46,86.95652174
2018,30,13,43,69.76744186
2019,36,14,50,72
2020,25,10,35,71.42857143
2021,34,5,39,87.17948718
2022,16,8,24,66.66666667
2023,26,9,35,74.28571429
