Disposition Quarter,Number of cases resulting in conviction,Number of cases resulting in no conviction,Total Cases Disposed,Percent of cases resulting in conviction
2017,40,5,45,88.88888889
2018,30,13,43,69.76744186
2019,36,14,50,72
2020,24,6,30,80
2021,35,6,41,85.36585366
2022,16,6,22,72.72727273
2023,29,9,38,76.31578947
2024,36,9,45,80
2025,11,1,12,91.66666667
