Disposition Quarter,Number of cases resulting in conviction,Number of cases resulting in no conviction,Total Cases Disposed,Percent of cases resulting in conviction
2017,40,5,45,88.88888889
2018,30,12,42,71.42857143
2019,36,14,50,72
2020,25,6,31,80.64516129
2021,34,6,40,85
2022,16,6,22,72.72727273
2023,27,9,36,75
2024,30,7,37,81.08108108
