Filing Year,White Victim,NonWhite Victim,Total,Percent involving a white victim,Percent involving a non-white victim
2017,134,162,296,45.27027027,54.72972973
2018,131,174,305,42.95081967,57.04918033
2019,137,164,301,45.51495017,54.48504983
2020,150,149,299,50.16722408,49.83277592
2021,165,161,326,50.61349693,49.38650307
2022,177,165,342,51.75438596,48.24561404
2023,180,152,332,54.21686747,45.78313253
2024,43,25,68,63.23529412,36.76470588
