Disposition Year,Non-White Victim Cases Dismissed,Non-White Victim Cases Not Dismissed,Non-White Victim Total Cases,White Victim Cases Dismissed,White Victim Cases Not Dismissed,White Victim Cases Total,Percent of cases dismissed involving non-white victims,Percent of cases dismissed involving white victims
2017.0,190.0,1413.0,1603.0,279.0,1053.0,1332.0,11.85277604,20.94594595
2018.0,182.0,1688.0,1870.0,330.0,1601.0,1931.0,9.732620321,17.08959089
2019.0,293.0,2030.0,2323.0,302.0,1145.0,1447.0,12.61300043,20.8707671
2020.0,246.0,1323.0,1569.0,222.0,828.0,1050.0,15.67877629,21.14285714
2021.0,305.0,1901.0,2206.0,308.0,1360.0,1668.0,13.82592928,18.46522782
2022.0,278.0,1743.0,2021.0,338.0,1341.0,1679.0,13.75556655,20.13103038
2023.0,47.0,316.0,363.0,98.0,296.0,394.0,12.9476584,24.87309645
