Disposition Quarter,Number of cases resulting in conviction,Number of cases resulting in no conviction,Total Cases Disposed,Percent of cases resulting in conviction
2017.0,40.0,6.0,46.0,86.95652174
2018.0,30.0,11.0,41.0,73.17073171
2019.0,36.0,13.0,49.0,73.46938776
2020.0,25.0,5.0,30.0,83.33333333
2021.0,34.0,4.0,38.0,89.47368421
2022.0,16.0,5.0,21.0,76.19047619
