Filing Year,White Victim,NonWhite Victim,Total,Percent involving a white victim,Percent involving a non-white victim
2020,150,149,299,50.16722408,49.83277592
2021,166,162,328,50.6097561,49.3902439
2022,176,166,342,51.4619883,48.5380117
2023,180,153,333,54.05405405,45.94594595
2024,187,138,325,57.53846154,42.46153846
2025,173,142,315,54.92063492,45.07936508
