Disposition Year,Highest Income Neighbood Cases Dismissed,Highest Income Neighborhood Cases Not Dismissed,Highest Income Neighborhood Total Cases Disposed,Lowest Income Neighbood Cases Dismissed,Lowest Income Neighborhood Cases Not Dismissed,Lowest Income Neighborhood Total Cases Disposed,Percent of cases in highest income zip codes dismissed,Percent of cases in lowest income zip codes dismissed
2017.0,48.0,247.0,295.0,47.0,217.0,264.0,16.27118644,17.8030303
2018.0,43.0,297.0,340.0,47.0,244.0,291.0,12.64705882,16.15120275
2019.0,75.0,285.0,360.0,62.0,215.0,277.0,20.83333333,22.38267148
2020.0,50.0,227.0,277.0,52.0,153.0,205.0,18.05054152,25.36585366
2021.0,68.0,251.0,319.0,67.0,235.0,302.0,21.31661442,22.18543046
2022.0,76.0,269.0,345.0,67.0,283.0,350.0,22.02898551,19.14285714
2023.0,19.0,43.0,62.0,17.0,53.0,70.0,30.64516129,24.28571429
