Filing Month,Actual Average number of days to victim contact,Average number of days to victim contact
2021 Q1,23.4178,28.79935
2021 Q2,34.1809,25.59576667
2021 Q3,19.1886,24.1938
2021 Q4,19.2119,17.67593333
2022 Q1,14.6273,16.20856667
2022 Q2,14.7865,16.2062
2022 Q3,19.2048,15.5586
2022 Q4,12.6845,15.94465
2023 Q1,12.5594,12.62195
2023 Q2,3.8595,8.20945
