Filing Year,White Victim,NonWhite Victim,Total,Percent involving a white victim,Percent involving a non-white victim
2019,136,164,300,45.33333333,54.66666667
2020,150,149,299,50.16722408,49.83277592
2021,165,161,326,50.61349693,49.38650307
2022,176,166,342,51.4619883,48.5380117
2023,179,153,332,53.91566265,46.08433735
2024,152,98,250,60.8,39.2
