Disposition Year,Non-White Victim Cases Dismissed,Non-White Victim Cases Not Dismissed,Non-White Victim Total Cases,White Victim Cases Dismissed,White Victim Cases Not Dismissed,White Victim Cases Total,Percent of cases dismissed involving non-white victims,Percent of cases dismissed involving white victims
2020,212,646,858,75,185,260,24.70862471,28.84615385
2021,284,711,995,125,311,436,28.54271357,28.66972477
2022,265,753,1018,156,301,457,26.03143418,34.1356674
2023,338,694,1032,132,247,379,32.75193798,34.82849604
2024,316,796,1112,87,136,223,28.41726619,39.01345291
2025,276,687,963,90,205,295,28.66043614,30.50847458
