Disposition Year,Non-White Victim Cases Dismissed,Non-White Victim Cases Not Dismissed,Non-White Victim Total Cases,White Victim Cases Dismissed,White Victim Cases Not Dismissed,White Victim Cases Total,Percent of cases dismissed involving non-white victims,Percent of cases dismissed involving white victims
2019,209,755,964,37,160,197,21.68049793,18.78172589
2020,212,647,859,75,184,259,24.6798603,28.95752896
2021,285,707,992,125,312,437,28.72983871,28.60411899
2022,267,745,1012,156,302,458,26.38339921,34.06113537
2023,336,676,1012,132,243,375,33.20158103,35.2
2024,149,327,476,40,60,100,31.30252101,40
