Disposition Year,Non-White Victim Cases Dismissed,Non-White Victim Cases Not Dismissed,Non-White Victim Total Cases,White Victim Cases Dismissed,White Victim Cases Not Dismissed,White Victim Cases Total,Percent of cases dismissed involving non-white victims,Percent of cases dismissed involving white victims
2019,209,755,964,37,160,197,21.68049793,18.78172589
2020,212,646,858,75,185,260,24.70862471,28.84615385
2021,283,707,990,125,312,437,28.58585859,28.60411899
2022,265,748,1013,156,302,458,26.15992103,34.06113537
2023,335,684,1019,132,245,377,32.87536801,35.0132626
2024,293,730,1023,77,117,194,28.64125122,39.69072165
