Filing Year,White Victim,NonWhite Victim,Total,Percent involving a white victim,Percent involving a non-white victim
2019,29,141,170,17.05882353,82.94117647
2020,66,147,213,30.98591549,69.01408451
2021,94,133,227,41.40969163,58.59030837
2022,65,108,173,37.57225434,62.42774566
2023,47,119,166,28.31325301,71.68674699
2024,12,21,33,36.36363636,63.63636364
