Filing Year,White Victim,NonWhite Victim,Total,Percent involving a white victim,Percent involving a non-white victim
2019,29,141,170,17.05882353,82.94117647
2020,66,148,214,30.8411215,69.1588785
2021,94,133,227,41.40969163,58.59030837
2022,66,108,174,37.93103448,62.06896552
2023,47,120,167,28.14371257,71.85628743
2024,36,160,196,18.36734694,81.63265306
