Filing Year,White Victim,NonWhite Victim,Total,Percent involving a white victim,Percent involving a non-white victim
2019,29,141,170,17.05882353,82.94117647
2020,66,148,214,30.8411215,69.1588785
2021,94,134,228,41.22807018,58.77192982
2022,66,108,174,37.93103448,62.06896552
2023,47,120,167,28.14371257,71.85628743
2024,36,162,198,18.18181818,81.81818182
2025,10,27,37,27.02702703,72.97297297
