Disposition Year,Non-White Victim Cases Dismissed,Non-White Victim Cases Not Dismissed,Non-White Victim Total Cases,White Victim Cases Dismissed,White Victim Cases Not Dismissed,White Victim Cases Total,Percent of cases dismissed involving non-white victims,Percent of cases dismissed involving white victims
2019,209,754,963,37,160,197,21.70301142,18.78172589
2020,212,646,858,75,184,259,24.70862471,28.95752896
2021,285,708,993,125,312,437,28.70090634,28.60411899
2022,267,745,1012,156,301,457,26.38339921,34.1356674
2023,339,666,1005,131,240,371,33.73134328,35.30997305
2024,57,111,168,20,30,50,33.92857143,40
