Referral Year,Filed,Declined,Total Felony Referrals,Percent Declined
2017,2338,402,2740,14.67153285
2018,2438,355,2793,12.7103473
2019,2343,337,2680,12.57462687
2020,1732,305,2037,14.97299951
2021,1882,254,2136,11.89138577
2022,1688,257,1945,13.21336761
