Referral Year,Black Felony Referrals Filed,Black Felony Referrals Not Filed,Black Total Felony Referrals,Hispanic Felony Referrals Filed,Hispanic Felony Referrals Not Filed,Hispanic Total Felony Referrals,White Felony Referrals Filed,White Felony Referrals Not Filed,White Total Felony Referrals,Percent of cases involving Black defendants declined,Percent of cases involving Hispanic defendants declined,Percent of cases involving White defendants declined
2017.0,95.0,8.0,103.0,315.0,54.0,369.0,1864.0,320.0,2184.0,7.766990291,14.63414634,14.65201465
2018.0,97.0,17.0,114.0,330.0,38.0,368.0,1946.0,271.0,2217.0,14.9122807,10.32608696,12.22372576
2019.0,94.0,4.0,98.0,310.0,34.0,344.0,1854.0,250.0,2104.0,4.081632653,9.88372093,11.88212928
2020.0,85.0,9.0,94.0,274.0,38.0,312.0,1320.0,239.0,1559.0,9.574468085,12.17948718,15.33033996
2021.0,63.0,10.0,73.0,298.0,34.0,332.0,1470.0,196.0,1666.0,13.69863014,10.24096386,11.76470588
2022.0,70.0,4.0,74.0,289.0,38.0,327.0,1294.0,198.0,1492.0,5.405405405,11.62079511,13.27077748
2023.0,15.0,2.0,17.0,39.0,4.0,43.0,291.0,27.0,318.0,11.76470588,9.302325581,8.490566038
