Referral Year,Filed,Declined,Total Felony Referrals,Percent Declined
2017,2339,405,2744,14.75947522
2018,2439,354,2793,12.6745435
2019,2342,337,2679,12.57932064
2020,1733,306,2039,15.00735655
2021,1880,253,2133,11.86122832
2022,1688,265,1953,13.56886841
2023,1437,263,1700,15.47058824
2024,1405,277,1682,16.46848989
2025,1257,245,1502,16.31158455
