Referral Year,Felony Referrals Filed,Felony Referrals Not Filed,Total Felony Referrals,Felony Cases Acquitted,Felony Cases Deferred,Felony Cases Dismissed,Felony Cases Found Guilty,Felony Cases Plea Dismissal,Felony Cases Plead Guilty,Total Felony Cases Disposed,Percent of felony referrals declined,Percent of felony cases dismissed after filing
2017,2339,404,2743,9,198,154,46,173,1581,2161,14.72839956,7.126330403
2018,2439,355,2794,15,193,221,41,191,1792,2453,12.70579814,9.009376274
2019,2342,337,2679,12,163,200,53,155,1761,2344,12.57932064,8.532423208
2020,1733,305,2038,4,124,220,24,125,1229,1726,14.9656526,12.74623407
2021,1878,254,2132,9,142,245,19,186,1279,1880,11.91369606,13.03191489
2022,1688,261,1949,8,154,207,29,167,1389,1954,13.39148281,10.59365404
2023,1437,258,1695,9,112,187,17,138,1181,1644,15.22123894,11.37469586
2024,1050,180,1230,6,70,80,23,61,717,957,14.63414634,8.359456635
