Referral Year,Felony Referrals Filed,Felony Referrals Not Filed,Total Felony Referrals,Felony Cases Acquitted,Felony Cases Deferred,Felony Cases Dismissed,Felony Cases Found Guilty,Felony Cases Plea Dismissal,Felony Cases Plead Guilty,Total Felony Cases Disposed,Percent of felony referrals declined,Percent of felony cases dismissed after filing
2017,2339,404,2743,9,198,154,46,173,1581,2161,14.72839956,7.126330403
2018,2439,355,2794,15,193,222,42,191,1792,2455,12.70579814,9.042769857
2019,2342,337,2679,12,163,199,53,155,1761,2343,12.57932064,8.49338455
2020,1733,306,2039,4,124,215,24,125,1229,1721,15.00735655,12.49273678
2021,1880,254,2134,9,144,240,19,187,1280,1879,11.90253046,12.77275146
2022,1688,264,1952,8,164,209,29,169,1400,1979,13.52459016,10.56088934
2023,1437,258,1695,9,141,201,18,145,1207,1721,15.22123894,11.67925625
2024,1406,256,1662,8,132,146,35,92,975,1388,15.40312876,10.51873199
