Referral Year,Filed,Declined,Total Felony Referrals,Percent Declined
2017,2339,404,2743,14.72839956
2018,2439,355,2794,12.70579814
2019,2342,337,2679,12.57932064
2020,1733,306,2039,15.00735655
2021,1880,254,2134,11.90253046
2022,1688,264,1952,13.52459016
2023,1437,261,1698,15.37102473
2024,1405,275,1680,16.36904762
