Referral Year,Felony Referrals Filed,Felony Referrals Not Filed,Total Felony Referrals,Felony Cases Acquitted,Felony Cases Deferred,Felony Cases Dismissed,Felony Cases Found Guilty,Felony Cases Plea Dismissal,Felony Cases Plead Guilty,Total Felony Cases Disposed,Percent of felony referrals declined,Percent of felony cases dismissed after filing
2017,2339,404,2743,9,198,154,46,173,1581,2161,14.72839956,7.126330403
2018,2439,355,2794,15,193,221,41,191,1792,2453,12.70579814,9.009376274
2019,2342,337,2679,12,163,200,53,155,1761,2344,12.57932064,8.532423208
2020,1733,305,2038,4,124,220,24,125,1229,1726,14.9656526,12.74623407
2021,1878,254,2132,9,142,246,19,185,1278,1879,11.91369606,13.09207025
2022,1688,261,1949,8,148,204,29,165,1388,1942,13.39148281,10.5046344
2023,1435,254,1689,9,105,188,17,136,1172,1627,15.03848431,11.55500922
2024,684,103,787,2,47,57,13,43,488,650,13.08767471,8.769230769
