Referral Year,Filed,Declined,Total Felony Referrals,Percent Declined
2017,2338,404,2742,14.73377097
2018,2438,355,2793,12.7103473
2019,2343,337,2680,12.57462687
2020,1732,305,2037,14.97299951
2021,1882,254,2136,11.89138577
2022,1688,261,1949,13.39148281
2023,1436,251,1687,14.87848251
2024,348,35,383,9.138381201
