Referral Year,Filed,Declined,Total Felony Referrals,Percent Declined
2017,2339,404,2743,14.72839956
2018,2439,355,2794,12.70579814
2019,2342,337,2679,12.57932064
2020,1733,305,2038,14.9656526
2021,1878,254,2132,11.91369606
2022,1688,261,1949,13.39148281
2023,1437,258,1695,15.22123894
