Disposition Year,Black Plea to Lesser Charge,Black No Plea to Lesser Charge,Black Total Guilty Pleas,Hispanic Plea to Lesser Charge,Hispanic No Plea to Lesser Charge,Hispanic Total Guilty Pleas,White Plea to Lesser Charge,White No Plea to Lesser Charge,White Total Guilty Pleas,Percent of Black defendants pleading to a lesser charge,Percent of Hispanic defendants pleading to a lesser charge,Percent of White defendants pleading to a lesser charge
2017.0,19.0,39.0,58.0,73.0,147.0,220.0,558.0,757.0,1315.0,32.75862069,33.18181818,42.43346008
2018.0,22.0,43.0,65.0,116.0,147.0,263.0,623.0,841.0,1464.0,33.84615385,44.10646388,42.55464481
2019.0,30.0,35.0,65.0,120.0,108.0,228.0,696.0,767.0,1463.0,46.15384615,52.63157895,47.57347915
2020.0,30.0,39.0,69.0,76.0,114.0,190.0,489.0,467.0,956.0,43.47826087,40.0,51.15062762
2021.0,10.0,24.0,34.0,73.0,135.0,208.0,433.0,584.0,1017.0,29.41176471,35.09615385,42.57620452
2022.0,14.0,24.0,38.0,77.0,116.0,193.0,494.0,603.0,1097.0,36.84210526,39.89637306,45.0319052
2023.0,5.0,3.0,8.0,20.0,25.0,45.0,81.0,105.0,186.0,62.5,44.44444444,43.5483871
