Referral Year,Filed,Declined,Total Felony Referrals,Percent Declined
2017.0,4945.0,554.0,5499.0,10.07455901
2018.0,5127.0,544.0,5671.0,9.592664433
2019.0,5380.0,538.0,5918.0,9.090909091
2020.0,4413.0,521.0,4934.0,10.55938387
2021.0,4031.0,535.0,4566.0,11.71703898
2022.0,4048.0,547.0,4595.0,11.90424374
2023.0,954.0,84.0,1038.0,8.092485549
