Referral Year,Filed,Declined,Total Felony Referrals,Percent Declined
2017,3421,362,3783,9.569125033
2018,3666,363,4029,9.009679821
2019,3851,347,4198,8.265840877
2020,3030,323,3353,9.63316433
2021,2729,326,3055,10.6710311
2022,2740,316,3056,10.34031414
2023,2814,334,3148,10.60991105
2024,3018,308,3326,9.26037282
