Referral Year,Filed,Declined,Total Felony Referrals,Percent Declined
2017,4945,554,5499,10.07455901
2018,5127,545,5672,9.608603667
2019,5381,540,5921,9.120081067
2020,4413,525,4938,10.63183475
2021,4031,536,4567,11.73636961
2022,4048,558,4606,12.11463309
