Referral Year,Filed,Declined,Total Felony Referrals,Percent Declined
2017,4945,553,5498,10.05820298
2018,5127,539,5666,9.512883869
2019,5380,533,5913,9.014036868
2020,4413,512,4925,10.39593909
2021,4031,529,4560,11.60087719