Referral Year,Black Felony Referrals Filed,Black Felony Referrals Not Filed,Black Total Felony Referrals,Hispanic Felony Referrals Filed,Hispanic Felony Referrals Not Filed,Hispanic Total Felony Referrals,White Felony Referrals Filed,White Felony Referrals Not Filed,White Total Felony Referrals,Percent of cases involving Black defendants declined,Percent of cases involving Hispanic defendants declined,Percent of cases involving White defendants declined
2017,986,148,1134,727,76,803,3015,306,3321,13.05114638,9.464508095,9.214092141
2018,1163,124,1287,834,86,920,2967,308,3275,9.634809635,9.347826087,9.404580153
2019,1180,123,1303,1027,72,1099,2940,312,3252,9.439754413,6.551410373,9.594095941
2020,1025,114,1139,912,94,1006,2281,287,2568,10.00877963,9.343936382,11.17601246
2021,971,126,1097,858,97,955,2047,292,2339,11.48587056,10.15706806,12.48396751
2022,1009,112,1121,950,122,1072,1947,301,2248,9.991079393,11.38059701,13.38967972
2023,957,112,1069,1074,81,1155,2080,291,2371,10.47708138,7.012987013,12.2733024
