Referral Year,Black Felony Referrals Filed,Black Felony Referrals Not Filed,Black Total Felony Referrals,Hispanic Felony Referrals Filed,Hispanic Felony Referrals Not Filed,Hispanic Total Felony Referrals,White Felony Referrals Filed,White Felony Referrals Not Filed,White Total Felony Referrals,Percent of cases involving Black defendants declined,Percent of cases involving Hispanic defendants declined,Percent of cases involving White defendants declined
2019,1174,124,1298,1030,72,1102,2926,310,3236,9.553158706,6.533575318,9.579728059
2020,1022,113,1135,919,93,1012,2271,291,2562,9.955947137,9.18972332,11.35831382
2021,963,123,1086,864,100,964,2030,290,2320,11.32596685,10.37344398,12.5
2022,1008,118,1126,945,122,1067,1942,301,2243,10.47957371,11.4339269,13.41952742
2023,956,134,1090,1058,101,1159,2091,318,2409,12.29357798,8.714408973,13.20049813
2024,500,45,545,576,46,622,1007,125,1132,8.256880734,7.395498392,11.04240283
