Referral Year,Felony Referrals Filed,Felony Referrals Not Filed,Total Felony Referrals,Felony Cases Acquitted,Felony Cases Deferred,Felony Cases Dismissed,Felony Cases Found Guilty,Felony Cases Plea Dismissal,Felony Cases Plead Guilty,Total Felony Cases Disposed,Percent of felony referrals declined,Percent of felony cases dismissed after filing
2017,4945,554,5499,22,710,395,112,202,3481,4922,10.07455901,8.025193011
2018,5127,545,5672,22,860,395,122,202,3462,5063,9.608603667,7.801698598
2019,5381,540,5921,20,856,365,139,187,3814,5381,9.120081067,6.783125813
2020,4413,525,4938,7,642,369,57,132,2578,3785,10.63183475,9.749009247
2021,4031,536,4567,20,665,421,80,172,2770,4128,11.73636961,10.19864341
2022,4048,558,4606,18,616,433,110,179,2736,4092,12.11463309,10.58162268
2023,2028,193,2221,8,279,216,42,41,1295,1881,8.689779379,11.48325359
