Referral Year,Felony Referrals Filed,Felony Referrals Not Filed,Total Felony Referrals,Felony Cases Acquitted,Felony Cases Deferred,Felony Cases Dismissed,Felony Cases Found Guilty,Felony Cases Plea Dismissal,Felony Cases Plead Guilty,Total Felony Cases Disposed,Percent of felony referrals declined,Percent of felony cases dismissed after filing
2017,3426,362,3788,16,377,311,88,161,2611,3564,9.556494192,8.726150393
2018,3670,363,4033,18,479,318,91,180,2508,3594,9.000743863,8.848080134
2019,3856,347,4203,17,526,303,117,163,2871,3997,8.256007614,7.580685514
2020,3041,324,3365,6,374,303,37,113,1919,2752,9.628528975,11.01017442
2021,2734,326,3060,16,379,335,61,138,1940,2869,10.65359477,11.67654235
2022,2746,322,3068,16,396,361,76,157,2054,3060,10.49543677,11.79738562
2023,2822,334,3156,21,386,398,77,145,2017,3044,10.58301648,13.07490145
2024,3022,339,3361,32,450,350,72,117,1915,2936,10.08628384,11.92098093
2025,1610,117,1727,13,231,198,13,63,977,1495,6.774753909,13.24414716
