Referral Year,Filed,Declined,Total Felony Referrals,Percent Declined
2017,3426,363,3789,9.580364212
2018,3670,363,4033,9.000743863
2019,3855,347,4202,8.257972394
2020,3041,324,3365,9.628528975
2021,2735,326,3061,10.65011434
2022,2746,322,3068,10.49543677
2023,2823,337,3160,10.66455696
2024,3022,346,3368,10.27315914
2025,3245,328,3573,9.179960817
