Referral Year,Black Felony Referrals Filed,Black Felony Referrals Not Filed,Black Total Felony Referrals,Hispanic Felony Referrals Filed,Hispanic Felony Referrals Not Filed,Hispanic Total Felony Referrals,White Felony Referrals Filed,White Felony Referrals Not Filed,White Total Felony Referrals,Percent of cases involving Black defendants declined,Percent of cases involving Hispanic defendants declined,Percent of cases involving White defendants declined
2017,985,150,1135,729,76,805,3014,304,3318,13.21585903,9.440993789,9.162145871
2018,1163,124,1287,831,86,917,2968,308,3276,9.634809635,9.378407852,9.401709402
2019,1181,123,1304,1024,72,1096,2940,312,3252,9.432515337,6.569343066,9.594095941
2020,1028,114,1142,910,94,1004,2281,289,2570,9.982486865,9.362549801,11.24513619
2021,971,126,1097,857,97,954,2049,291,2340,11.48587056,10.16771488,12.43589744
2022,1010,112,1122,951,122,1073,1945,297,2242,9.982174688,11.36999068,13.2471008
2023,715,80,795,803,54,857,1538,200,1738,10.06289308,6.301050175,11.50747986
