Referral Year,Black Felony Referrals Filed,Black Felony Referrals Not Filed,Black Total Felony Referrals,Hispanic Felony Referrals Filed,Hispanic Felony Referrals Not Filed,Hispanic Total Felony Referrals,White Felony Referrals Filed,White Felony Referrals Not Filed,White Total Felony Referrals,Percent of cases involving Black defendants declined,Percent of cases involving Hispanic defendants declined,Percent of cases involving White defendants declined
2019,1182,124,1306,1027,72,1099,2941,310,3251,9.494640123,6.551410373,9.53552753
2020,1024,113,1137,915,94,1009,2281,288,2569,9.938434477,9.316154609,11.21058778
2021,970,126,1096,865,99,964,2040,291,2331,11.49635036,10.26970954,12.48391248
2022,1010,114,1124,950,121,1071,1948,302,2250,10.14234875,11.29785247,13.42222222
2023,958,130,1088,1065,97,1162,2093,317,2410,11.94852941,8.34767642,13.15352697
2024,249,17,266,293,21,314,485,53,538,6.390977444,6.687898089,9.851301115
