Referral Year,Black Felony Referrals Filed,Black Felony Referrals Not Filed,Black Total Felony Referrals,Hispanic Felony Referrals Filed,Hispanic Felony Referrals Not Filed,Hispanic Total Felony Referrals,White Felony Referrals Filed,White Felony Referrals Not Filed,White Total Felony Referrals,Percent of cases involving Black defendants declined,Percent of cases involving Hispanic defendants declined,Percent of cases involving White defendants declined
2019,1171,125,1296,1033,72,1105,2921,310,3231,9.645061728,6.515837104,9.59455277
2020,1017,114,1131,923,95,1018,2272,288,2560,10.0795756,9.332023576,11.25
2021,964,124,1088,864,100,964,2029,290,2319,11.39705882,10.37344398,12.50539025
2022,1009,116,1125,944,123,1067,1944,301,2245,10.31111111,11.52764761,13.40757238
2023,955,138,1093,1058,104,1162,2092,322,2414,12.62580055,8.950086059,13.33885667
2024,760,70,830,892,69,961,1561,173,1734,8.43373494,7.180020812,9.976931949
