Referral Year,Black Felony Referrals Filed,Black Felony Referrals Not Filed,Black Total Felony Referrals,Hispanic Felony Referrals Filed,Hispanic Felony Referrals Not Filed,Hispanic Total Felony Referrals,White Felony Referrals Filed,White Felony Referrals Not Filed,White Total Felony Referrals,Percent of cases involving Black defendants declined,Percent of cases involving Hispanic defendants declined,Percent of cases involving White defendants declined
2019,1013,109,1122,819,50,869,1857,166,2023,9.714795009,5.753739931,8.205635195
2020,869,95,964,672,65,737,1379,144,1523,9.854771784,8.81953867,9.455022981
2021,803,98,901,624,71,695,1195,144,1339,10.87680355,10.21582734,10.75429425
2022,849,89,938,674,76,750,1125,131,1256,9.488272921,10.13333333,10.42993631
2023,764,111,875,779,58,837,1189,144,1333,12.68571429,6.929510155,10.80270068
2024,813,84,897,878,82,960,1239,127,1366,9.364548495,8.541666667,9.297218155
