Referral Year,Filed,Declined,Total Felony Referrals,Percent Declined
2017,3426,362,3788,9.556494192
2018,3670,363,4033,9.000743863
2019,3856,347,4203,8.256007614
2020,3042,324,3366,9.625668449
2021,2735,326,3061,10.65011434
2022,2747,319,3066,10.40443575
2023,2826,334,3160,10.56962025
2024,3023,337,3360,10.0297619
