Referral Year,Felony Referrals Filed,Felony Referrals Not Filed,Total Felony Referrals,Felony Cases Acquitted,Felony Cases Deferred,Felony Cases Dismissed,Felony Cases Found Guilty,Felony Cases Plea Dismissal,Felony Cases Plead Guilty,Total Felony Cases Disposed,Percent of felony referrals declined,Percent of felony cases dismissed after filing
2017,4932,556,5488,22,703,394,112,203,3461,4895,10.13119534,8.049029622
2018,5123,546,5669,22,854,396,120,202,3458,5052,9.631328277,7.83847981
2019,5362,538,5900,20,847,372,139,188,3812,5378,9.118644068,6.917069543
2020,4399,532,4931,7,634,371,57,131,2578,3778,10.78888664,9.820010588
2021,4015,540,4555,20,669,432,81,180,2790,4172,11.85510428,10.35474593
2022,4033,584,4617,18,615,457,114,190,2799,4193,12.64890622,10.89911758
2023,4232,588,4820,29,539,493,121,175,2740,4097,12.19917012,12.03319502
2024,2158,223,2381,10,271,213,37,71,1152,1754,9.365812684,12.14367161
