Referral Year,Felony Referrals Filed,Felony Referrals Not Filed,Total Felony Referrals,Felony Cases Acquitted,Felony Cases Deferred,Felony Cases Dismissed,Felony Cases Found Guilty,Felony Cases Plea Dismissal,Felony Cases Plead Guilty,Total Felony Cases Disposed,Percent of felony referrals declined,Percent of felony cases dismissed after filing
2017,4945,556,5501,22,710,396,112,202,3481,4923,10.10725323,8.043875686
2018,5127,545,5672,22,860,395,121,202,3463,5063,9.608603667,7.801698598
2019,5381,539,5920,20,856,366,140,187,3814,5383,9.120081067,6.799182612
2020,4414,531,4945,7,643,369,57,132,2581,3789,10.63183475,9.73871734
2021,4031,539,4570,20,669,425,80,173,2774,4141,11.73636961,10.26322144
2022,4047,569,4616,18,622,436,110,181,2757,4124,12.11463309,10.57225994
2023,3151,355,3506,16,392,328,77,126,1954,2893,8.689779379,11.33771172
