Referral Year,Filed,Declined,Total Felony Referrals,Percent Declined
2017,4945,556,5501,10.10725323
2018,5127,546,5673,9.624537282
2019,5381,538,5919,9.089373205
2020,4415,531,4946,10.73594824
2021,4032,540,4572,11.81102362
2022,4047,578,4625,12.4972973
2023,4250,578,4828,11.97183099
