Referral Year,Filed,Declined,Total Felony Referrals,Percent Declined
2017,4945,556,5501,10.10725323
2018,5127,545,5672,9.608603667
2019,5381,539,5920,9.10472973
2020,4415,531,4946,10.73594824
2021,4032,540,4572,11.81102362
2022,4048,574,4622,12.41886629
2023,4244,518,4762,10.87778244
