Referral Year,Filed,Declined,Total Felony Referrals,Percent Declined
2017,4933,556,5489,10.12934961
2018,5123,545,5668,9.615384615
2019,5362,539,5901,9.134045077
2020,4399,532,4931,10.78888664
2021,4015,540,4555,11.85510428
2022,4034,584,4618,12.64616717
2023,4234,601,4835,12.43019648
2024,3319,327,3646,8.968732858
