Referral Year,Filed,Declined,Total Felony Referrals,Percent Declined
2017,4945,556,5501,10.10725323
2018,5127,545,5672,9.608603667
2019,5381,539,5920,9.10472973
2020,4414,531,4945,10.73811931
2021,4031,539,4570,11.79431072
2022,4047,569,4616,12.32668977
,,,,
