Referral Year,Black Felony Referrals Filed,Black Felony Referrals Not Filed,Black Total Felony Referrals,Hispanic Felony Referrals Filed,Hispanic Felony Referrals Not Filed,Hispanic Total Felony Referrals,White Felony Referrals Filed,White Felony Referrals Not Filed,White Total Felony Referrals,Percent of cases involving Black defendants declined,Percent of cases involving Hispanic defendants declined,Percent of cases involving White defendants declined
2017,984,148,1132,725,75,800,3016,304,3320,13.07420495,9.375,9.156626506
2018,1164,124,1288,823,86,909,2977,307,3284,9.627329193,9.460946095,9.348355664
2019,1182,124,1306,1023,72,1095,2945,312,3257,9.494640123,6.575342466,9.579367516
2020,1030,114,1144,905,93,998,2291,290,2581,9.965034965,9.318637275,11.23595506
2021,979,123,1102,855,97,952,2048,291,2339,11.1615245,10.18907563,12.44121419
2022,1008,109,1117,951,119,1070,1947,293,2240,9.75828111,11.12149533,13.08035714
2023,462,46,508,502,24,526,999,110,1109,9.05511811,4.562737643,9.918845807
