Referral Year,Felony Referrals Filed,Felony Referrals Not Filed,Total Felony Referrals,Felony Cases Acquitted,Felony Cases Deferred,Felony Cases Dismissed,Felony Cases Found Guilty,Felony Cases Plea Dismissal,Felony Cases Plead Guilty,Total Felony Cases Disposed,Percent of felony referrals declined,Percent of felony cases dismissed after filing
2017,3426,362,3788,16,377,311,88,161,2611,3564,9.556494192,8.726150393
2018,3670,363,4033,18,479,318,91,180,2508,3594,9.000743863,8.848080134
2019,3856,347,4203,17,526,304,117,162,2871,3997,8.256007614,7.605704278
2020,3042,324,3366,6,374,303,37,113,1919,2752,9.625668449,11.01017442
2021,2735,326,3061,16,378,334,61,138,1938,2865,10.65011434,11.65794066
2022,2747,319,3066,16,396,363,76,157,2052,3060,10.40443575,11.8627451
2023,2826,334,3160,21,384,398,76,145,2016,3040,10.56962025,13.09210526
2024,3023,337,3360,32,447,350,69,115,1905,2918,10.0297619,11.99451679
2025,813,60,873,5,122,108,4,39,499,777,6.872852234,13.8996139
