Referral Year,Black Felony Referrals Filed,Black Felony Referrals Not Filed,Black Total Felony Referrals,Hispanic Felony Referrals Filed,Hispanic Felony Referrals Not Filed,Hispanic Total Felony Referrals,White Felony Referrals Filed,White Felony Referrals Not Filed,White Total Felony Referrals,Percent of cases involving Black defendants declined,Percent of cases involving Hispanic defendants declined,Percent of cases involving White defendants declined
2019,1013,109,1122,816,49,865,1866,167,2033,9.714795009,5.664739884,8.214461387
2020,872,95,967,674,65,739,1383,145,1528,9.824198552,8.795669824,9.489528796
2021,802,98,900,623,72,695,1200,144,1344,10.88888889,10.35971223,10.71428571
2022,851,89,940,670,77,747,1132,132,1264,9.468085106,10.30789826,10.44303797
2023,763,111,874,783,58,841,1200,144,1344,12.70022883,6.896551724,10.71428571
2024,817,96,913,878,88,966,1242,136,1378,10.51478642,9.109730849,9.869375907
2025,233,14,247,222,18,240,332,25,357,5.668016194,7.5,7.00280112
