Referral Year,Black Felony Referrals Filed,Black Felony Referrals Not Filed,Black Total Felony Referrals,Hispanic Felony Referrals Filed,Hispanic Felony Referrals Not Filed,Hispanic Total Felony Referrals,White Felony Referrals Filed,White Felony Referrals Not Filed,White Total Felony Referrals,Percent of cases involving Black defendants declined,Percent of cases involving Hispanic defendants declined,Percent of cases involving White defendants declined
2020,873,95,968,667,63,730,1386,147,1533,9.814049587,8.630136986,9.589041096
2021,800,101,901,627,74,701,1202,142,1344,11.20976693,10.55634807,10.56547619
2022,852,92,944,672,77,749,1132,134,1266,9.745762712,10.28037383,10.58451817
2023,759,109,868,785,60,845,1199,147,1346,12.55760369,7.100591716,10.92124814
2024,819,99,918,872,90,962,1246,139,1385,10.78431373,9.355509356,10.03610108
2025,893,97,990,899,87,986,1346,131,1477,9.797979798,8.823529412,8.869329722
