Referral Year,Filed,Declined,Total Felony Referrals,Percent Declined
2017,3426,362,3788,9.556494192
2018,3670,363,4033,9.000743863
2019,3856,347,4203,8.256007614
2020,3041,324,3365,9.628528975
2021,2734,326,3060,10.65359477
2022,2746,322,3068,10.49543677
2023,2822,334,3156,10.58301648
2024,3022,339,3361,10.08628384
2025,1610,117,1727,6.774753909
