Referral Year,Black Felony Referrals Filed,Black Felony Referrals Not Filed,Black Total Felony Referrals,Hispanic Felony Referrals Filed,Hispanic Felony Referrals Not Filed,Hispanic Total Felony Referrals,White Felony Referrals Filed,White Felony Referrals Not Filed,White Total Felony Referrals,Percent of cases involving Black defendants declined,Percent of cases involving Hispanic defendants declined,Percent of cases involving White defendants declined
2019,1012,109,1121,818,50,868,1865,166,2031,9.723461195,5.760368664,8.173313639
2020,875,95,970,673,65,738,1383,145,1528,9.793814433,8.807588076,9.489528796
2021,799,98,897,624,72,696,1201,144,1345,10.92530658,10.34482759,10.7063197
2022,852,93,945,671,76,747,1135,134,1269,9.841269841,10.17402945,10.55949567
2023,762,110,872,788,58,846,1191,145,1336,12.6146789,6.855791962,10.85329341
2024,813,97,910,881,90,971,1242,135,1377,10.65934066,9.268795057,9.803921569
2025,443,29,472,441,37,478,675,44,719,6.144067797,7.740585774,6.11961057
