Referral Year,Felony Referrals Filed,Felony Referrals Not Filed,Total Felony Referrals,Felony Cases Acquitted,Felony Cases Deferred,Felony Cases Dismissed,Felony Cases Found Guilty,Felony Cases Plea Dismissal,Felony Cases Plead Guilty,Total Felony Cases Disposed,Percent of felony referrals declined,Percent of felony cases dismissed after filing
2017,4945,553,5498,22,710,419,114,176,3484,4925,10.05820298,8.507614213
2018,5127,539,5666,21,861,412,124,178,3467,5063,9.512883869,8.137467904
2019,5380,533,5913,20,855,374,141,175,3816,5381,9.014036868,6.95038097
2020,4413,512,4925,7,643,377,57,121,2575,3780,10.39593909,9.973544974
2021,4031,529,4560,19,649,416,78,160,2655,3977,11.60087719,10.46014584
2022,3092,359,3451,13,413,324,53,121,1844,2768,10.4027818,11.70520231