Referral Year,Black Felony Referrals Filed,Black Felony Referrals Not Filed,Black Total Felony Referrals,Hispanic Felony Referrals Filed,Hispanic Felony Referrals Not Filed,Hispanic Total Felony Referrals,White Felony Referrals Filed,White Felony Referrals Not Filed,White Total Felony Referrals,Percent of cases involving Black defendants declined,Percent of cases involving Hispanic defendants declined,Percent of cases involving White defendants declined
2017.0,984.0,148.0,1132.0,723.0,75.0,798.0,3019.0,305.0,3324.0,13.07420495,9.398496241,9.175691937
2018.0,1163.0,124.0,1287.0,821.0,85.0,906.0,2981.0,307.0,3288.0,9.634809635,9.381898455,9.336982968
2019.0,1183.0,124.0,1307.0,1022.0,71.0,1093.0,2943.0,311.0,3254.0,9.487375669,6.495882891,9.557467732
2020.0,1028.0,117.0,1145.0,902.0,92.0,994.0,2296.0,284.0,2580.0,10.21834061,9.255533199,11.00775194
2021.0,977.0,123.0,1100.0,851.0,96.0,947.0,2051.0,290.0,2341.0,11.18181818,10.13727561,12.38786843
2022.0,1005.0,107.0,1112.0,956.0,120.0,1076.0,1943.0,284.0,2227.0,9.622302158,11.15241636,12.75258195
2023.0,230.0,18.0,248.0,228.0,13.0,241.0,462.0,44.0,506.0,7.258064516,5.394190871,8.695652174
