Referral Year,Felony Referrals Filed,Felony Referrals Not Filed,Total Felony Referrals,Felony Cases Acquitted,Felony Cases Deferred,Felony Cases Dismissed,Felony Cases Found Guilty,Felony Cases Plea Dismissal,Felony Cases Plead Guilty,Total Felony Cases Disposed,Percent of felony referrals declined,Percent of felony cases dismissed after filing
2017,4933,556,5489,22,704,395,112,203,3462,4898,10.12934961,8.064516129
2018,5123,545,5668,22,854,396,120,202,3459,5053,9.615384615,7.836928557
2019,5362,539,5901,20,847,373,138,187,3812,5377,9.134045077,6.936953692
2020,4399,532,4931,7,634,371,58,131,2578,3779,10.78888664,9.817412014
2021,4015,540,4555,20,669,433,81,180,2791,4174,11.85510428,10.37374221
2022,4034,584,4618,18,621,457,114,192,2807,4209,12.64616717,10.85768591
2023,4234,601,4835,29,550,494,124,177,2790,4164,12.43019648,11.8635927
2024,3319,327,3646,22,436,330,56,122,1932,2898,8.968732858,11.38716356
