Referral Year,Filed,Declined,Total Felony Referrals,Percent Declined
2017,4932,556,5488,10.13119534
2018,5123,546,5669,9.631328277
2019,5362,538,5900,9.118644068
2020,4399,532,4931,10.78888664
2021,4015,540,4555,11.85510428
2022,4033,584,4617,12.64890622
2023,4232,588,4820,12.19917012
