Disposition Quarter,No new criminal case within 2 years,New criminal case within 2 years,Total,Percent with new criminal case within 2 years
2017 Q1,89.0,18.0,107.0,16.82242991
2017 Q2,78.0,23.0,101.0,22.77227723
2017 Q3,86.0,22.0,108.0,20.37037037
2017 Q4,71.0,16.0,87.0,18.3908046
2018 Q1,71.0,12.0,83.0,14.45783133
2018 Q2,79.0,13.0,92.0,14.13043478
2018 Q3,56.0,7.0,63.0,11.11111111
2018 Q4,72.0,14.0,86.0,16.27906977
2019 Q1,71.0,12.0,83.0,14.45783133
