Disposition Year,Black Cases Deferred,Black Cases Not Deferred,Black Total Cases Disposed,Hispanic Cases Deferred,Hispanic Cases Not Deferred,Hispanic Total Cases Disposed,White Cases Deferred,White Cases Not Deferred,White Total Cases Disposed,Percent of Black defendants deferred,Percent of Hispanic defendants deferred,Percent of White defendants deferred
2017,29,319,348,39,822,861,153,2132,2285,8.333333333,4.529616725,6.695842451
2018,21,339,360,42,988,1030,204,2852,3056,5.833333333,4.077669903,6.67539267
2019,18,349,367,45,1081,1126,272,3057,3329,4.904632153,3.996447602,8.170621808
2020,21,221,242,34,706,740,244,1970,2214,8.67768595,4.594594595,11.02077687
2021,26,318,344,36,811,847,253,2201,2454,7.558139535,4.250295159,10.30969845
2022,32,330,362,87,848,935,267,2006,2273,8.839779006,9.304812834,11.74659041
2023,22,215,237,72,616,688,183,1350,1533,9.282700422,10.46511628,11.93737769
