Disposition Year,Black Cases Deferred,Black Cases Not Deferred,Black Total Cases Disposed,Hispanic Cases Deferred,Hispanic Cases Not Deferred,Hispanic Total Cases Disposed,White Cases Deferred,White Cases Not Deferred,White Total Cases Disposed,Percent of Black defendants deferred,Percent of Hispanic defendants deferred,Percent of White defendants deferred
2017,29,319,348,42,828,870,153,2143,2296,8.333333333,4.827586207,6.663763066
2018,21,343,364,42,983,1025,200,2863,3063,5.769230769,4.097560976,6.529546197
2019,17,351,368,43,1085,1128,272,3055,3327,4.619565217,3.812056738,8.175533514
2020,21,219,240,33,704,737,242,1974,2216,8.75,4.47761194,10.92057762
2021,27,318,345,32,809,841,251,2210,2461,7.826086957,3.804994055,10.19910605
2022,32,328,360,83,841,924,269,2015,2284,8.888888889,8.982683983,11.77758319
2023,27,294,321,93,834,927,237,1821,2058,8.411214953,10.03236246,11.51603499
2024,5,75,80,19,182,201,58,380,438,6.25,9.452736318,13.24200913
