Disposition Year,Black Cases Deferred,Black Cases Not Deferred,Black Total Cases Disposed,Hispanic Cases Deferred,Hispanic Cases Not Deferred,Hispanic Total Cases Disposed,White Cases Deferred,White Cases Not Deferred,White Total Cases Disposed,Percent of Black defendants deferred,Percent of Hispanic defendants deferred,Percent of White defendants deferred
2019,17,348,365,35,1098,1133,278,3052,3330,4.657534247,3.089143866,8.348348348
2020,21,226,247,34,718,752,245,1948,2193,8.502024291,4.521276596,11.17191062
2021,24,320,344,32,827,859,249,2192,2441,6.976744186,3.725261932,10.2007374
2022,31,323,354,74,855,929,279,2009,2288,8.757062147,7.96555436,12.19405594
2023,28,291,319,71,837,908,256,1824,2080,8.777429467,7.81938326,12.30769231
2024,27,295,322,73,816,889,248,1607,1855,8.385093168,8.211473566,13.36927224
2025,12,132,144,40,360,400,126,773,899,8.333333333,10,14.01557286
