Disposition Year,Black Cases Deferred,Black Cases Not Deferred,Black Total Cases Disposed,Hispanic Cases Deferred,Hispanic Cases Not Deferred,Hispanic Total Cases Disposed,White Cases Deferred,White Cases Not Deferred,White Total Cases Disposed,Percent of Black defendants deferred,Percent of Hispanic defendants deferred,Percent of White defendants deferred
2019,17,350,367,38,1100,1138,275,3045,3320,4.632152589,3.339191564,8.28313253
2020,21,215,236,36,725,761,244,1951,2195,8.898305085,4.730617608,11.11617312
2021,24,318,342,32,813,845,250,2208,2458,7.01754386,3.786982249,10.17087063
2022,31,324,355,80,845,925,271,2015,2286,8.732394366,8.648648649,11.85476815
2023,27,293,320,83,835,918,246,1826,2072,8.4375,9.041394336,11.87258687
2024,27,284,311,80,805,885,235,1560,1795,8.681672026,9.039548023,13.09192201
