Disposition Year,Black Cases Deferred,Black Cases Not Deferred,Black Total Cases Disposed,Hispanic Cases Deferred,Hispanic Cases Not Deferred,Hispanic Total Cases Disposed,White Cases Deferred,White Cases Not Deferred,White Total Cases Disposed,Percent of Black defendants deferred,Percent of Hispanic defendants deferred,Percent of White defendants deferred
2017,29,316,345,38,801,839,152,2132,2284,8.405797101,4.52920143,6.654991243
2018,21,338,359,42,973,1015,203,2856,3059,5.849582173,4.137931034,6.636155606
2019,18,350,368,45,1066,1111,272,3070,3342,4.891304348,4.050405041,8.138839019
2020,21,222,243,33,695,728,245,1976,2221,8.641975309,4.532967033,11.03106709
2021,26,319,345,38,801,839,251,2212,2463,7.536231884,4.52920143,10.1908242
2022,32,328,360,86,844,930,268,2012,2280,8.888888889,9.247311828,11.75438596
2023,16,136,152,56,401,457,126,924,1050,10.52631579,12.25382932,12
