Disposition Year,Black Cases Deferred,Black Cases Not Deferred,Black Total Cases Disposed,Hispanic Cases Deferred,Hispanic Cases Not Deferred,Hispanic Total Cases Disposed,White Cases Deferred,White Cases Not Deferred,White Total Cases Disposed,Percent of Black defendants deferred,Percent of Hispanic defendants deferred,Percent of White defendants deferred
2017.0,29.0,316.0,345.0,37.0,787.0,824.0,152.0,2133.0,2285.0,8.405797101,4.490291262,6.652078775
2018.0,20.0,338.0,358.0,41.0,956.0,997.0,203.0,2862.0,3065.0,5.586592179,4.112337011,6.623164763
2019.0,18.0,348.0,366.0,45.0,1059.0,1104.0,272.0,3079.0,3351.0,4.918032787,4.076086957,8.116980006
2020.0,21.0,222.0,243.0,33.0,682.0,715.0,245.0,1990.0,2235.0,8.641975309,4.615384615,10.96196868
2021.0,26.0,319.0,345.0,40.0,795.0,835.0,249.0,2220.0,2469.0,7.536231884,4.790419162,10.08505468
2022.0,32.0,325.0,357.0,86.0,839.0,925.0,266.0,2011.0,2277.0,8.963585434,9.297297297,11.68203777
2023.0,8.0,53.0,61.0,24.0,194.0,218.0,52.0,456.0,508.0,13.1147541,11.00917431,10.23622047
