Disposition Year,Black Cases Deferred,Black Cases Not Deferred,Black Total Cases Disposed,Hispanic Cases Deferred,Hispanic Cases Not Deferred,Hispanic Total Cases Disposed,White Cases Deferred,White Cases Not Deferred,White Total Cases Disposed,Percent of Black defendants deferred,Percent of Hispanic defendants deferred,Percent of White defendants deferred
2020,21,226,247,33,736,769,246,1945,2191,8.502024291,4.291287386,11.22774989
2021,24,322,346,33,829,862,249,2185,2434,6.936416185,3.828306265,10.23007395
2022,31,328,359,74,859,933,279,1998,2277,8.635097493,7.931404073,12.25296443
2023,28,290,318,68,844,912,259,1818,2077,8.805031447,7.456140351,12.46990852
2024,27,299,326,65,820,885,257,1603,1860,8.282208589,7.344632768,13.8172043
2025,31,280,311,76,758,834,234,1490,1724,9.967845659,9.112709832,13.57308585