Disposition Year,Black Cases Deferred,Black Cases Not Deferred,Black Total Cases Disposed,Hispanic Cases Deferred,Hispanic Cases Not Deferred,Hispanic Total Cases Disposed,White Cases Deferred,White Cases Not Deferred,White Total Cases Disposed,Percent of Black defendants deferred,Percent of Hispanic defendants deferred,Percent of White defendants deferred
2017,29,316,345,15,175,190,171,2717,2888,8.405797101,7.894736842,5.921052632
2018,20,331,351,10,233,243,233,3578,3811,5.698005698,4.115226337,6.113880871
2019,19,345,364,8,239,247,308,3896,4204,5.21978022,3.238866397,7.326355852
2020,21,215,236,8,195,203,269,2475,2744,8.898305085,3.9408867,9.803206997
2021,26,318,344,6,272,278,284,2744,3028,7.558139535,2.158273381,9.379128137
2022,23,244,267,22,205,227,237,1878,2115,8.61423221,9.691629956,11.20567376