Disposition Year,Black Cases Deferred,Black Cases Not Deferred,Black Total Cases Disposed,Hispanic Cases Deferred,Hispanic Cases Not Deferred,Hispanic Total Cases Disposed,White Cases Deferred,White Cases Not Deferred,White Total Cases Disposed,Percent of Black defendants deferred,Percent of Hispanic defendants deferred,Percent of White defendants deferred
2019,17,351,368,40,1090,1130,273,3047,3320,4.619565217,3.539823009,8.222891566
2020,21,219,240,33,716,749,244,1954,2198,8.75,4.405874499,11.10100091
2021,25,318,343,33,815,848,248,2204,2452,7.288629738,3.891509434,10.1141925
2022,31,321,352,80,844,924,269,2018,2287,8.806818182,8.658008658,11.7621338
2023,27,290,317,89,833,922,241,1827,2068,8.517350158,9.652928416,11.65377176
2024,10,146,156,43,386,429,117,757,874,6.41025641,10.02331002,13.38672769
