Disposition Year,Black Cases Deferred,Black Cases Not Deferred,Black Total Cases Disposed,Hispanic Cases Deferred,Hispanic Cases Not Deferred,Hispanic Total Cases Disposed,White Cases Deferred,White Cases Not Deferred,White Total Cases Disposed,Percent of Black defendants deferred,Percent of Hispanic defendants deferred,Percent of White defendants deferred
2019,17,348,365,38,1103,1141,275,3047,3322,4.657534247,3.330411919,8.278145695
2020,21,217,238,37,723,760,242,1949,2191,8.823529412,4.868421053,11.04518485
2021,24,318,342,32,819,851,249,2203,2452,7.01754386,3.760282021,10.15497553
2022,31,323,354,75,850,925,277,2012,2289,8.757062147,8.108108108,12.1013543
2023,27,291,318,71,832,903,256,1829,2085,8.490566038,7.862679956,12.27817746
2024,27,295,322,77,812,889,243,1610,1853,8.385093168,8.661417323,13.1138694
2025,7,70,77,25,204,229,68,446,514,9.090909091,10.91703057,13.22957198
