Disposition Year,Black Cases Deferred,Black Cases Not Deferred,Black Total Cases Disposed,Hispanic Cases Deferred,Hispanic Cases Not Deferred,Hispanic Total Cases Disposed,White Cases Deferred,White Cases Not Deferred,White Total Cases Disposed,Percent of Black defendants deferred,Percent of Hispanic defendants deferred,Percent of White defendants deferred
2019,17,351,368,39,1092,1131,274,3048,3322,4.619565217,3.448275862,8.248043347
2020,21,218,239,35,718,753,243,1954,2197,8.786610879,4.648074369,11.0605371
2021,25,318,343,31,813,844,250,2206,2456,7.288629738,3.672985782,10.17915309
2022,31,324,355,81,841,922,269,2019,2288,8.732394366,8.785249458,11.75699301
2023,27,291,318,87,833,920,243,1830,2073,8.490566038,9.456521739,11.72214182
2024,21,222,243,64,575,639,185,1137,1322,8.641975309,10.01564945,13.99394856
