Year,Prosecutors,"Clerical, Paralegal, and Admin.",Victim/Witness Staff,Investigators/Officers,Other,Total Staff,"Percent of staff in clerical, paralegal, or general support positions"
2017,67,47,20,12,20,166,28.31325301
2018,70,49,21,13,17,170,28.82352941
2019,72,53,24,12,16,177,29.94350282
2020,77,55,23,15,18,188,29.25531915
2021,84,54,22,16,21,197,27.41116751
2022,84,62,25,17,19,207,29.95169082
2023,86,58,25,17,20,206,28.15533981
2024,89,55,25,14,25,208,26.44230769
