Filing Quarter,At least 1 prior violent conviction,No prior violent convictions,Total,Percent of defendants with prior violent conviction,Percent of defendants with no prior violent convictions
2020,15,129,144,10.41666667,89.58333333
2021,16,140,156,10.25641026,89.74358974
2022,19,137,156,12.17948718,87.82051282
2023,17,154,171,9.941520468,90.05847953
2024,11,116,127,8.661417323,91.33858268
