Filing Quarter,At least 1 prior violent conviction,No prior violent convictions,Total,Percent of defendants with prior violent conviction,Percent of defendants with no prior violent convictions
2020,15,129,144,10.41666667,89.58333333
2021,16,140,156,10.25641026,89.74358974
2022,20,136,156,12.82051282,87.17948718
2023,17,154,171,9.941520468,90.05847953
2024,5,64,69,7.246376812,92.75362319
