,Fine/ Comm. Serv/ Fee,Credit for time served,Probation,Probation plus jail,Jail,Comm. Corr.,Youth Corr.,Prison
Sentences in 2023,1807,513,1606,359,242,62,16,162
Change since 2022,22.75815217,-9.363957597,7.138092061,-17.66055046,-3.2,14.81481481,-23.80952381,4.516129032
