Disposition Year,Private Attorney Incarceration,Private Attorney No Incarceration,Private Attorney Total Cases,Public Defender Incarceration,Public Defender No Incarceration,Public Defender Total Cases,Percent of cases with a private attorney incarcerated,Percent of cases with a public defender incarcerated
2020,162,114,276,92,70,162,58.69565217,56.79012346
2021,153,74,227,129,74,203,67.40088106,63.54679803
2022,152,65,217,107,76,183,70.04608295,58.46994536
2023,136,82,218,127,96,223,62.3853211,56.95067265
2024,160,80,240,143,108,251,66.66666667,56.97211155
2025,136,69,205,163,94,257,66.34146341,63.42412451
