Disposition Year,Black Incarceration,Black No Incarceration,Black Total,Hispanic Incarceration,Hispanic No Incarceration,Hispanic Total,White Incarceration,White No Incarceration,White Total,Percent of Black defendants incarcerated,Percent of Hispanic defendants incarcerated,Percent of White defendants incarcerated
2019,21,21,42,79,69,148,186,209,395,50,53.37837838,47.08860759
2020,9,15,24,68,53,121,188,129,317,37.5,56.19834711,59.30599369
2021,18,13,31,110,38,148,229,123,352,58.06451613,74.32432432,65.05681818
2022,17,14,31,125,44,169,240,136,376,54.83870968,73.96449704,63.82978723
2023,28,15,43,103,70,173,257,149,406,65.11627907,59.53757225,63.30049261
2024,25,24,49,137,73,210,243,120,363,51.02040816,65.23809524,66.94214876
2025,10,12,22,81,61,142,105,79,184,45.45454545,57.04225352,57.06521739
