Disposition Year,Black Incarceration,Black No Incarceration,Black Total,Hispanic Incarceration,Hispanic No Incarceration,Hispanic Total,White Incarceration,White No Incarceration,White Total,Percent of Black defendants incarcerated,Percent of Hispanic defendants incarcerated,Percent of White defendants incarcerated
2017,16,19,35,76,94,170,199,250,449,45.71428571,44.70588235,44.32071269
2018,20,16,36,79,86,165,185,212,397,55.55555556,47.87878788,46.59949622
2019,21,22,43,83,68,151,184,209,393,48.8372093,54.96688742,46.81933842
2020,9,16,25,66,54,120,183,125,308,36,55,59.41558442
2021,17,12,29,114,37,151,227,124,351,58.62068966,75.49668874,64.67236467
2022,17,14,31,123,44,167,241,136,377,54.83870968,73.65269461,63.92572944
2023,23,19,42,83,80,163,205,151,356,54.76190476,50.9202454,57.58426966
