,Fine/ Comm. Serv/ Fee,Credit for time served,Probation,Probation plus jail,Jail,Comm. Corr.,Youth Corr.,Prison
Sentences in 2025,1897,489,1355,337,338,59,13,190
Change since 2024,4.059243006,-8.255159475,-18.47172082,-18.40193705,34.12698413,-27.16049383,-23.52941176,3.825136612
