Disposition Year,Black No Pretrial,Black Pretrial,Black Total Cases,Hispanic No Pretrial,Hispanic Pretrial,Hispanic Total Cases,White No Pretrial,White Pretrial,White Total Cases,Percent of Black defendants detained pretrial,Percent of Hispanic defendants detained pretrial,Percent of White defendants detained pretrial
2020,108,34,142,404,135,539,1191,408,1599,23.94366197,25.04638219,25.51594747
2021,90,64,154,453,186,639,1223,549,1772,41.55844156,29.10798122,30.98194131
2022,104,69,173,498,262,760,1195,671,1866,39.88439306,34.47368421,35.95927117
2023,84,37,121,431,126,557,890,418,1308,30.5785124,22.62118492,31.95718654
