Disposition Year,Black No Pretrial,Black Pretrial,Black Total Cases,Hispanic No Pretrial,Hispanic Pretrial,Hispanic Total Cases,White No Pretrial,White Pretrial,White Total Cases,Percent of Black defendants detained pretrial,Percent of Hispanic defendants detained pretrial,Percent of White defendants detained pretrial
2020,106,32,138,417,147,564,1197,418,1615,23.1884058,26.06382979,25.88235294
2021,89,65,154,456,185,641,1224,552,1776,42.20779221,28.86115445,31.08108108
2022,105,69,174,504,268,772,1203,682,1885,39.65517241,34.71502591,36.18037135
2023,112,66,178,644,225,869,1268,673,1941,37.07865169,25.89182969,34.67284905
2024,124,80,204,737,300,1037,1423,631,2054,39.21568627,28.92960463,30.72054528
2025,75,30,105,439,164,603,701,302,1003,28.57142857,27.1973466,30.10967099
