Disposition Year,Black No Pretrial,Black Pretrial,Black Total Cases,Hispanic No Pretrial,Hispanic Pretrial,Hispanic Total Cases,White No Pretrial,White Pretrial,White Total Cases,Percent of Black defendants detained pretrial,Percent of Hispanic defendants detained pretrial,Percent of White defendants detained pretrial
2020.0,108.0,34.0,142.0,346.0,124.0,470.0,1207.0,408.0,1615.0,23.94366197,26.38297872,25.26315789
2021.0,89.0,66.0,155.0,388.0,169.0,557.0,1243.0,550.0,1793.0,42.58064516,30.34111311,30.67484663
2022.0,102.0,64.0,166.0,439.0,240.0,679.0,1195.0,666.0,1861.0,38.55421687,35.3460972,35.78721118
2023.0,31.0,14.0,45.0,128.0,35.0,163.0,350.0,120.0,470.0,31.11111111,21.47239264,25.53191489
