Disposition Year,Black Incarceration,Black No Incarceration,Black Total,Hispanic Incarceration,Hispanic No Incarceration,Hispanic Total,White Incarceration,White No Incarceration,White Total,Percent of Black defendants incarcerated,Percent of Hispanic defendants incarcerated,Percent of White defendants incarcerated
2019,21,22,43,79,67,146,185,210,395,48.8372093,54.10958904,46.83544304
2020,9,15,24,68,53,121,187,128,315,37.5,56.19834711,59.36507937
2021,18,12,30,111,39,150,228,123,351,60,74,64.95726496
2022,17,14,31,124,45,169,240,136,376,54.83870968,73.37278107,63.82978723
2023,27,16,43,102,73,175,255,149,404,62.79069767,58.28571429,63.11881188
2024,20,26,46,117,85,202,202,144,346,43.47826087,57.92079208,58.38150289
