Disposition Year,Private Attorney Incarceration,Private Attorney No Incarceration,Private Attorney Total Cases,Public Defender Incarceration,Public Defender No Incarceration,Public Defender Total Cases,Percent of cases with a private attorney incarcerated,Percent of cases with a public defender incarcerated
2017,98,180,278,166,148,314,35.25179856,52.86624204
2018,97,156,253,173,146,319,38.33992095,54.23197492
2019,138,137,275,139,143,282,50.18181818,49.29078014
2020,139,105,244,115,74,189,56.96721311,60.84656085
2021,149,68,217,133,85,218,68.66359447,61.00917431
2022,145,63,208,127,91,218,69.71153846,58.25688073
2023,45,52,97,53,58,111,46.39175258,47.74774775
