Disposition Year,Private Attorney Incarceration,Private Attorney No Incarceration,Private Attorney Total Cases,Public Defender Incarceration,Public Defender No Incarceration,Public Defender Total Cases,Percent of cases with a private attorney incarcerated,Percent of cases with a public defender incarcerated
2019,155,149,304,119,132,251,50.98684211,47.41035857
2020,161,116,277,90,66,156,58.12274368,57.69230769
2021,157,74,231,125,74,199,67.96536797,62.81407035
2022,138,72,210,119,73,192,65.71428571,61.97916667
2023,120,84,204,142,96,238,58.82352941,59.66386555
2024,16,28,44,37,23,60,36.36363636,61.66666667
