Disposition Year,Private Attorney Incarceration,Private Attorney No Incarceration,Private Attorney Total Cases,Public Defender Incarceration,Public Defender No Incarceration,Public Defender Total Cases,Percent of cases with a private attorney incarcerated,Percent of cases with a public defender incarcerated
2019,153,148,301,118,133,251,50.83056478,47.01195219
2020,162,116,278,91,65,156,58.27338129,58.33333333
2021,155,74,229,123,74,197,67.68558952,62.43654822
2022,139,68,207,118,75,193,67.14975845,61.13989637
2023,125,85,210,138,94,232,59.52380952,59.48275862
2024,84,81,165,92,80,172,50.90909091,53.48837209
