Disposition Year,Private Attorney Incarceration,Private Attorney No Incarceration,Private Attorney Total Cases,Public Defender Incarceration,Public Defender No Incarceration,Public Defender Total Cases,Percent of cases with a private attorney incarcerated,Percent of cases with a public defender incarcerated
2019,154,139,293,119,138,257,52.55972696,46.30350195
2020,161,116,277,94,70,164,58.12274368,57.31707317
2021,155,74,229,128,74,202,67.68558952,63.36633663
2022,155,65,220,107,75,182,70.45454545,58.79120879
2023,137,86,223,128,95,223,61.43497758,57.39910314
2024,156,80,236,146,111,257,66.10169492,56.80933852
2025,61,63,124,98,57,155,49.19354839,63.22580645
