Disposition Year,Private Attorney Incarceration,Private Attorney No Incarceration,Private Attorney Total Cases,Public Defender Incarceration,Public Defender No Incarceration,Public Defender Total Cases,Percent of cases with a private attorney incarcerated,Percent of cases with a public defender incarcerated
2017.0,98.0,178.0,276.0,166.0,150.0,316.0,35.50724638,52.53164557
2018.0,95.0,144.0,239.0,175.0,157.0,332.0,39.74895397,52.71084337
2019.0,135.0,125.0,260.0,143.0,155.0,298.0,51.92307692,47.98657718
2020.0,124.0,92.0,216.0,130.0,88.0,218.0,57.40740741,59.63302752
2021.0,154.0,74.0,228.0,129.0,82.0,211.0,67.54385965,61.13744076
2022.0,147.0,67.0,214.0,121.0,89.0,210.0,68.69158879,57.61904762
2023.0,17.0,30.0,47.0,29.0,28.0,57.0,36.17021277,50.87719298
