Disposition Year,Black Incarceration,Black No Incarceration,Black Total,Hispanic Incarceration,Hispanic No Incarceration,Hispanic Total,White Incarceration,White No Incarceration,White Total,Percent of Black defendants incarcerated,Percent of Hispanic defendants incarcerated,Percent of White defendants incarcerated
2017.0,16.0,19.0,35.0,69.0,87.0,156.0,203.0,255.0,458.0,45.71428571,44.23076923,44.3231441
2018.0,20.0,16.0,36.0,77.0,70.0,147.0,185.0,221.0,406.0,55.55555556,52.38095238,45.56650246
2019.0,22.0,21.0,43.0,75.0,59.0,134.0,186.0,219.0,405.0,51.1627907,55.97014925,45.92592593
2020.0,8.0,15.0,23.0,59.0,49.0,108.0,188.0,120.0,308.0,34.7826087,54.62962963,61.03896104
2021.0,18.0,12.0,30.0,104.0,36.0,140.0,231.0,120.0,351.0,60.0,74.28571429,65.81196581
2022.0,15.0,13.0,28.0,112.0,37.0,149.0,228.0,138.0,366.0,53.57142857,75.16778523,62.29508197
2023.0,3.0,4.0,7.0,10.0,17.0,27.0,39.0,52.0,91.0,,37.03703704,42.85714286
