Disposition Year,Private Attorney Incarceration,Private Attorney No Incarceration,Private Attorney Total Cases,Public Defender Incarceration,Public Defender No Incarceration,Public Defender Total Cases,Percent of cases with a private attorney incarcerated,Percent of cases with a public defender incarcerated
2017,98,177,275,166,152,318,35.63636364,52.20125786
2018,94,145,239,176,158,334,39.33054393,52.69461078
2019,134,125,259,143,158,301,51.73745174,47.50830565
2020,123,92,215,132,91,223,57.20930233,59.19282511
2021,153,72,225,133,92,225,68,59.11111111
2022,70,65,135,105,60,165,51.85185185,63.63636364