,Fine/ Comm. Serv/ Fee,Credit for time served,Probation,Probation plus jail,Jail,Comm. Corr.,Youth Corr.,Prison
Sentences in 2023,1445,538,1432,417,246,47,13,147
Change since 2022,-6.47,2.868068834,5.062362436,-11.08742004,-9.89010989,-30.88235294,8.333333333,-0.675675676
