Disposition Year,Black Incarceration,Black No Incarceration,Black Total,Hispanic Incarceration,Hispanic No Incarceration,Hispanic Total,White Incarceration,White No Incarceration,White Total,Percent of Black defendants incarcerated,Percent of Hispanic defendants incarcerated,Percent of White defendants incarcerated
2019,21,21,42,78,68,146,187,210,397,50,53.42465753,47.10327456
2020,9,15,24,68,53,121,188,129,317,37.5,56.19834711,59.30599369
2021,18,12,30,110,39,149,229,123,352,60,73.82550336,65.05681818
2022,17,14,31,124,44,168,241,136,377,54.83870968,73.80952381,63.92572944
2023,27,16,43,103,71,174,256,148,404,62.79069767,59.1954023,63.36633663
2024,24,24,48,136,75,211,242,123,365,50,64.4549763,66.30136986
2025,3,9,12,26,38,64,41,57,98,,40.625,41.83673469
