Disposition Year,Black Incarceration,Black No Incarceration,Black Total,Hispanic Incarceration,Hispanic No Incarceration,Hispanic Total,White Incarceration,White No Incarceration,White Total,Percent of Black defendants incarcerated,Percent of Hispanic defendants incarcerated,Percent of White defendants incarcerated
2019,21,22,43,79,67,146,184,210,394,48.8372093,54.10958904,46.70050761
2020,9,15,24,67,54,121,184,125,309,37.5,55.37190083,59.54692557
2021,16,12,28,114,39,153,229,122,351,57.14285714,74.50980392,65.24216524
2022,17,14,31,125,45,170,240,136,376,54.83870968,73.52941176,63.82978723
2023,27,16,43,105,70,175,249,149,398,62.79069767,60,62.56281407
2024,6,16,22,51,39,90,85,76,161,27.27272727,56.66666667,52.79503106
