,Fine/ Comm. Serv/ Fee,Credit for time served,Probation,Probation plus jail,Jail,Comm. Corr.,Youth Corr.,Prison
Sentences in 2023,1463,556,1457,424,246,49,17,147
Change since 2022,-5.06164828,7.543520309,6.818181818,-9.401709402,-9.89010989,-27.94117647,30.76923077,-0.675675676
