Disposition Year,Black No Pretrial,Black Pretrial,Black Total Cases,Hispanic No Pretrial,Hispanic Pretrial,Hispanic Total Cases,White No Pretrial,White Pretrial,White Total Cases,Percent of Black defendants detained pretrial,Percent of Hispanic defendants detained pretrial,Percent of White defendants detained pretrial
2020,107,34,141,411,142,553,1191,408,1599,24.11347518,25.67811935,25.51594747
2021,90,62,152,455,188,643,1221,552,1773,40.78947368,29.23794712,31.13367174
2022,106,69,175,506,270,776,1200,673,1873,39.42857143,34.79381443,35.93166044
2023,112,64,176,637,230,867,1241,652,1893,36.36363636,26.52825836,34.44268357
2024,62,42,104,303,118,421,620,262,882,40.38461538,28.02850356,29.70521542
