Disposition Year,Private Attorney Incarceration,Private Attorney No Incarceration,Private Attorney Total Cases,Public Defender Incarceration,Public Defender No Incarceration,Public Defender Total Cases,Percent of cases with a private attorney incarcerated,Percent of cases with a public defender incarcerated
2019,155,145,300,118,131,249,51.66666667,47.38955823
2020,160,119,279,94,66,160,57.34767025,58.75
2021,158,76,234,124,72,196,67.52136752,63.26530612
2022,162,72,234,103,66,169,69.23076923,60.94674556
2023,137,86,223,122,88,210,61.43497758,58.0952381
2024,158,88,246,144,103,247,64.22764228,58.29959514
2025,19,38,57,49,35,84,33.33333333,58.33333333
