Disposition Year,Black No Pretrial,Black Pretrial,Black Total Cases,Hispanic No Pretrial,Hispanic Pretrial,Hispanic Total Cases,White No Pretrial,White Pretrial,White Total Cases,Percent of Black defendants detained pretrial,Percent of Hispanic defendants detained pretrial,Percent of White defendants detained pretrial
2020,109,32,141,413,147,560,1197,418,1615,22.69503546,26.25,25.88235294
2021,89,63,152,456,185,641,1224,554,1778,41.44736842,28.86115445,31.15860517
2022,105,69,174,504,266,770,1201,684,1885,39.65517241,34.54545455,36.28647215
2023,112,66,178,644,224,868,1267,673,1940,37.07865169,25.80645161,34.69072165
2024,122,80,202,738,300,1038,1430,628,2058,39.6039604,28.9017341,30.51506317
2025,50,16,66,243,80,323,377,165,542,24.24242424,24.76780186,30.44280443
