,Fine/ Comm. Serv/ Fee,Credit for time served,Probation,Probation plus jail,Jail,Comm. Corr.,Youth Corr.,Prison
Sentences in 2023,1824,534,1658,414,250,79,18,181
Change since 2022,23.91304348,-5.653710247,10.60707138,-5.04587156,-0.398406375,46.2962963,-14.28571429,15.2866242
