Disposition Year,Black No Pretrial,Black Pretrial,Black Total Cases,Hispanic No Pretrial,Hispanic Pretrial,Hispanic Total Cases,White No Pretrial,White Pretrial,White Total Cases,Percent of Black defendants detained pretrial,Percent of Hispanic defendants detained pretrial,Percent of White defendants detained pretrial
2020,108,34,142,411,140,551,1188,405,1593,23.94366197,25.40834846,25.42372881
2021,88,64,152,455,185,640,1225,550,1775,42.10526316,28.90625,30.98591549
2022,104,69,173,500,264,764,1207,676,1883,39.88439306,34.55497382,35.90015932
2023,108,61,169,599,194,793,1165,583,1748,36.09467456,24.46406053,33.35240275
