Disposition Year,Black Incarceration,Black No Incarceration,Black Total,Hispanic Incarceration,Hispanic No Incarceration,Hispanic Total,White Incarceration,White No Incarceration,White Total,Percent of Black defendants incarcerated,Percent of Hispanic defendants incarcerated,Percent of White defendants incarcerated
2017,15,19,34,33,39,72,239,303,542,44.11764706,45.83333333,44.09594096
2018,20,16,36,35,34,69,221,257,478,55.55555556,50.72463768,46.23430962
2019,22,21,43,36,33,69,220,240,460,51.1627907,52.17391304,47.82608696
2020,7,17,24,26,19,45,212,138,350,29.16666667,57.77777778,60.57142857
2021,17,10,27,68,20,88,260,128,388,62.96296296,77.27272727,67.01030928
2022,10,8,18,38,22,60,160,123,283,,63.33333333,56.53710247