Disposition Year,Private Attorney Incarceration,Private Attorney No Incarceration,Private Attorney Total Cases,Public Defender Incarceration,Public Defender No Incarceration,Public Defender Total Cases,Percent of cases with a private attorney incarcerated,Percent of cases with a public defender incarcerated
2019,153,147,300,118,135,253,51,46.64031621
2020,162,115,277,90,66,156,58.48375451,57.69230769
2021,155,74,229,123,74,197,67.68558952,62.43654822
2022,138,68,206,119,74,193,66.99029126,61.65803109
2023,123,84,207,141,95,236,59.42028986,59.74576271
2024,47,57,104,68,54,122,45.19230769,55.73770492
