Disposition Year,Black No Pretrial,Black Pretrial,Black Total Cases,Hispanic No Pretrial,Hispanic Pretrial,Hispanic Total Cases,White No Pretrial,White Pretrial,White Total Cases,Percent of Black defendants detained pretrial,Percent of Hispanic defendants detained pretrial,Percent of White defendants detained pretrial
2020,107,32,139,422,148,570,1191,415,1606,23.02158273,25.96491228,25.84059776
2021,89,65,154,462,184,646,1215,553,1768,42.20779221,28.48297214,31.27828054
2022,104,68,172,512,268,780,1196,684,1880,39.53488372,34.35897436,36.38297872
2023,113,66,179,650,223,873,1260,672,1932,36.87150838,25.5441008,34.7826087
2024,123,80,203,745,298,1043,1409,637,2046,39.408867,28.57142857,31.13391984
2025,123,54,177,740,287,1027,1244,602,1846,30.50847458,27.94547225,32.61105092
