Disposition Year,Black Incarceration,Black No Incarceration,Black Total,Hispanic Incarceration,Hispanic No Incarceration,Hispanic Total,White Incarceration,White No Incarceration,White Total,Percent of Black defendants incarcerated,Percent of Hispanic defendants incarcerated,Percent of White defendants incarcerated
2017,16,19,35,76,94,170,199,250,449,45.71428571,44.70588235,44.32071269
2018,20,16,36,80,86,166,184,212,396,55.55555556,48.19277108,46.46464646
2019,21,22,43,83,67,150,182,210,392,48.8372093,55.33333333,46.42857143
2020,9,16,25,67,54,121,183,125,308,36,55.37190083,59.41558442
2021,17,12,29,114,39,153,227,122,349,58.62068966,74.50980392,65.04297994
2022,17,14,31,123,44,167,242,137,379,54.83870968,73.65269461,63.85224274
2023,25,18,43,101,71,172,239,151,390,58.13953488,58.72093023,61.28205128
