Disposition Year,Black Incarceration,Black No Incarceration,Black Total,Hispanic Incarceration,Hispanic No Incarceration,Hispanic Total,White Incarceration,White No Incarceration,White Total,Percent of Black defendants incarcerated,Percent of Hispanic defendants incarcerated,Percent of White defendants incarcerated
2017,15,19,34,72,93,165,202,249,451,44.11764706,43.63636364,44.78935698
2018,21,16,37,79,82,161,180,210,390,56.75675676,49.06832298,46.15384615
2019,22,22,44,81,65,146,180,212,392,50,55.47945205,45.91836735
2020,8,15,23,65,53,118,184,119,303,34.7826087,55.08474576,60.72607261
2021,18,12,30,109,38,147,227,117,344,60,74.14965986,65.98837209
2022,15,14,29,118,40,158,236,133,369,51.72413793,74.6835443,63.95663957
2023,7,11,18,34,43,77,84,86,170,38.88888889,44.15584416,49.41176471
