Disposition Year,Black No Pretrial,Black Pretrial,Black Total Cases,Hispanic No Pretrial,Hispanic Pretrial,Hispanic Total Cases,White No Pretrial,White Pretrial,White Total Cases,Percent of Black defendants detained pretrial,Percent of Hispanic defendants detained pretrial,Percent of White defendants detained pretrial
2020,107,33,140,411,144,555,1193,415,1608,23.57142857,25.94594595,25.80845771
2021,89,64,153,455,184,639,1226,553,1779,41.83006536,28.79499218,31.08487915
2022,105,69,174,507,266,773,1198,683,1881,39.65517241,34.41138422,36.31047315
2023,112,66,178,644,222,866,1270,672,1942,37.07865169,25.63510393,34.60350154
2024,125,75,200,726,274,1000,1401,596,1997,37.5,27.4,29.84476715
