Disposition Year,Black No Pretrial,Black Pretrial,Black Total Cases,Hispanic No Pretrial,Hispanic Pretrial,Hispanic Total Cases,White No Pretrial,White Pretrial,White Total Cases,Percent of Black defendants detained pretrial,Percent of Hispanic defendants detained pretrial,Percent of White defendants detained pretrial
2020,107,33,140,410,141,551,1192,410,1602,23.57142857,25.58983666,25.59300874
2021,90,64,154,451,183,634,1226,553,1779,41.55844156,28.86435331,31.08487915
2022,106,68,174,506,267,773,1200,679,1879,39.08045977,34.54075032,36.13624268
2023,112,65,177,629,223,852,1245,663,1908,36.72316384,26.17370892,34.74842767
2024,91,58,149,499,200,699,986,417,1403,38.9261745,28.61230329,29.72202423
