Disposition Year,Private Attorney Incarceration,Private Attorney No Incarceration,Private Attorney Total Cases,Public Defender Incarceration,Public Defender No Incarceration,Public Defender Total Cases,Percent of cases with a private attorney incarcerated,Percent of cases with a public defender incarcerated
2017,100,190,290,163,138,301,34.48275862,54.15282392
2018,102,159,261,166,142,308,39.08045977,53.8961039
2019,155,149,304,119,132,251,50.98684211,47.41035857
2020,161,116,277,90,66,156,58.12274368,57.69230769
2021,157,74,231,126,75,201,67.96536797,62.68656716
2022,140,73,213,120,73,193,65.72769953,62.1761658
2023,121,87,208,141,96,237,58.17307692,59.49367089
