Disposition Year,Black Incarceration,Black No Incarceration,Black Total,Hispanic Incarceration,Hispanic No Incarceration,Hispanic Total,White Incarceration,White No Incarceration,White Total,Percent of Black defendants incarcerated,Percent of Hispanic defendants incarcerated,Percent of White defendants incarcerated
2019,21,22,43,79,67,146,184,210,394,48.8372093,54.10958904,46.70050761
2020,9,15,24,67,53,120,185,126,311,37.5,55.83333333,59.48553055
2021,18,12,30,111,39,150,227,123,350,60,74,64.85714286
2022,17,14,31,125,45,170,240,136,376,54.83870968,73.52941176,63.82978723
2023,27,16,43,102,70,172,253,149,402,62.79069767,59.30232558,62.93532338
2024,12,22,34,84,59,143,130,110,240,35.29411765,58.74125874,54.16666667
