,Fine/ Comm. Serv/ Fee,Credit for time served,Probation,Probation plus jail,Jail,Comm. Corr.,Youth Corr.,Prison
Sentences in 2023,1464,561,1472,431,249,54,17,154
Change since 2022,-5.126541207,8.3172147,7.168983175,-7.692307692,-8.791208791,-22.05882353,30.76923077,3.378378378
