Disposition Year,Black No Pretrial,Black Pretrial,Black Total Cases,Hispanic No Pretrial,Hispanic Pretrial,Hispanic Total Cases,White No Pretrial,White Pretrial,White Total Cases,Percent of Black defendants detained pretrial,Percent of Hispanic defendants detained pretrial,Percent of White defendants detained pretrial
2020,108,34,142,410,141,551,1191,405,1596,23.94366197,25.58983666,25.37593985
2021,90,64,154,458,187,645,1220,551,1771,41.55844156,28.99224806,31.11236589
2022,104,70,174,502,266,768,1206,673,1879,40.22988506,34.63541667,35.8169239
2023,113,64,177,632,229,861,1241,640,1881,36.15819209,26.59698026,34.02445508
2024,30,16,46,161,63,224,298,124,422,34.7826087,28.125,29.38388626
