Disposition Year,Private Attorney Incarceration,Private Attorney No Incarceration,Private Attorney Total Cases,Public Defender Incarceration,Public Defender No Incarceration,Public Defender Total Cases,Percent of cases with a private attorney incarcerated,Percent of cases with a public defender incarcerated
2017,99,187,286,164,141,305,34.61538462,53.7704918
2018,100,159,259,170,143,313,38.61003861,54.31309904
2019,153,146,299,122,137,259,51.17056856,47.1042471
2020,153,112,265,102,70,172,57.73584906,59.30232558
2021,159,74,233,128,76,204,68.24034335,62.74509804
2022,149,73,222,119,74,193,67.11711712,61.65803109
2023,71,65,136,89,65,154,52.20588235,57.79220779
