,Fine/ Comm. Serv/ Fee,Credit for time served,Probation,Probation plus jail,Jail,Comm. Corr.,Youth Corr.,Prison
Sentences in 2023,1357,506,1360,363,232,40,12,125
Change since 2022,-6.154910097,-2.316602317,0.294985251,-22.26980728,-13.75464684,-40.29850746,0,-15.54054054
