Disposition Year,Black Incarceration,Black No Incarceration,Black Total,Hispanic Incarceration,Hispanic No Incarceration,Hispanic Total,White Incarceration,White No Incarceration,White Total,Percent of Black defendants incarcerated,Percent of Hispanic defendants incarcerated,Percent of White defendants incarcerated
2019,21,22,43,82,67,149,183,210,393,48.8372093,55.03355705,46.5648855
2020,9,16,25,67,54,121,183,125,308,36,55.37190083,59.41558442
2021,17,12,29,114,39,153,227,122,349,58.62068966,74.50980392,65.04297994
2022,17,14,31,123,44,167,242,137,379,54.83870968,73.65269461,63.85224274
2023,26,17,43,102,71,173,242,151,393,60.46511628,58.95953757,61.57760814
2024,3,8,11,17,20,37,37,37,74,,45.94594595,50
