Disposition Year,Private Attorney Incarceration,Private Attorney No Incarceration,Private Attorney Total Cases,Public Defender Incarceration,Public Defender No Incarceration,Public Defender Total Cases,Percent of cases with a private attorney incarcerated,Percent of cases with a public defender incarcerated
2017,100,190,290,163,138,301,34.48275862,54.15282392
2018,102,159,261,166,142,308,39.08045977,53.8961039
2019,158,149,307,117,132,249,51.46579805,46.98795181
2020,160,116,276,90,66,156,57.97101449,57.69230769
2021,157,73,230,128,76,204,68.26086957,62.74509804
2022,140,73,213,120,73,193,65.72769953,62.1761658
2023,103,91,194,132,94,226,53.09278351,58.40707965
