Disposition Year,Black Cases Deferred,Black Cases Not Deferred,Black Total Cases Disposed,Hispanic Cases Deferred,Hispanic Cases Not Deferred,Hispanic Total Cases Disposed,White Cases Deferred,White Cases Not Deferred,White Total Cases Disposed,Percent of Black defendants deferred,Percent of Hispanic defendants deferred,Percent of White defendants deferred
2019,2,50,52,13,206,219,49,479,528,3.846153846,5.936073059,9.28030303
2020,3,44,47,15,215,230,41,494,535,6.382978723,6.52173913,7.663551402
2021,3,61,64,8,212,220,59,532,591,4.6875,3.636363636,9.983079526
2022,7,55,62,27,184,211,51,482,533,11.29032258,12.79620853,9.5684803
2023,5,42,47,15,171,186,50,408,458,10.63829787,8.064516129,10.91703057
2024,0,26,26,8,84,92,28,189,217,0,8.695652174,12.90322581
