Disposition Year,Black Cases Deferred,Black Cases Not Deferred,Black Total Cases Disposed,Hispanic Cases Deferred,Hispanic Cases Not Deferred,Hispanic Total Cases Disposed,White Cases Deferred,White Cases Not Deferred,White Total Cases Disposed,Percent of Black defendants deferred,Percent of Hispanic defendants deferred,Percent of White defendants deferred
2019,2,49,51,13,208,221,49,478,527,3.921568627,5.882352941,9.297912713
2020,3,43,46,15,215,230,41,495,536,6.52173913,6.52173913,7.649253731
2021,3,61,64,8,211,219,60,532,592,4.6875,3.652968037,10.13513514
2022,7,55,62,26,186,212,52,481,533,11.29032258,12.26415094,9.756097561
2023,5,43,48,15,170,185,51,409,460,10.41666667,8.108108108,11.08695652
2024,1,46,47,16,161,177,60,406,466,2.127659574,9.039548023,12.87553648
