Disposition Year,Black Cases Deferred,Black Cases Not Deferred,Black Total Cases Disposed,Hispanic Cases Deferred,Hispanic Cases Not Deferred,Hispanic Total Cases Disposed,White Cases Deferred,White Cases Not Deferred,White Total Cases Disposed,Percent of Black defendants deferred,Percent of Hispanic defendants deferred,Percent of White defendants deferred
2019,2,50,52,13,207,220,49,479,528,3.846153846,5.909090909,9.28030303
2020,3,44,47,15,215,230,41,494,535,6.382978723,6.52173913,7.663551402
2021,3,61,64,9,212,221,58,532,590,4.6875,4.07239819,9.830508475
2022,7,55,62,29,184,213,49,481,530,11.29032258,13.61502347,9.245283019
2023,6,41,47,14,169,183,51,407,458,12.76595745,7.650273224,11.13537118
2024,0,10,10,2,36,38,13,87,100,,5.263157895,13
