Filing Quarter,At least 1 prior violent conviction,No prior violent convictions,Total,Percent of defendants with prior violent conviction,Percent of defendants with no prior violent convictions
2018,6,95,101,5.940594059,94.05940594
2019,7,101,108,6.481481481,93.51851852
2020,11,112,123,8.943089431,91.05691057
2021,14,118,132,10.60606061,89.39393939
2022,10,100,110,9.090909091,90.90909091
2023,10,93,103,9.708737864,90.29126214
2024,9,98,107,8.411214953,91.58878505
2025,6,47,53,11.32075472,88.67924528
