Filing Quarter,At least 1 prior violent conviction,No prior violent convictions,Total,Percent of defendants with prior violent conviction,Percent of defendants with no prior violent convictions
2018,4,97,101,3.96039604,96.03960396
2019,7,101,108,6.481481481,93.51851852
2020,9,114,123,7.317073171,92.68292683
2021,14,118,132,10.60606061,89.39393939
2022,8,102,110,7.272727273,92.72727273
2023,9,94,103,8.737864078,91.26213592
2024,9,97,106,8.490566038,91.50943396
2025,11,92,103,10.67961165,89.32038835
