Filing Year,At least 1 prior violent conviction,No prior violent convictions,Total,Percent of defendants with prior violent conviction,Percent of defendants with no prior violent convictions
2017,1,71,72,1.388888889,98.61111111
2018,2,89,91,2.197802198,97.8021978
2019,5,86,91,5.494505495,94.50549451
2020,6,90,96,6.25,93.75
2021,9,116,125,7.2,92.8
2022,2,73,75,2.666666667,97.33333333