Filing Year,At least 1 prior violent conviction,No prior violent convictions,Total,Percent of defendants with prior violent conviction,Percent of defendants with no prior violent convictions
2017,1,70,71,1.408450704,98.5915493
2018,4,87,91,4.395604396,95.6043956
2019,5,86,91,5.494505495,94.50549451
2020,7,89,96,7.291666667,92.70833333
2021,9,115,124,7.258064516,92.74193548
2022,6,95,101,5.940594059,94.05940594
,,,,,
