Filing Year,At least 1 prior violent conviction,No prior violent convictions,Total,Percent of defendants with prior violent conviction,Percent of defendants with no prior violent convictions
2017.0,1.0,70.0,71.0,1.408450704,98.5915493
2018.0,4.0,87.0,91.0,4.395604396,95.6043956
2019.0,5.0,86.0,91.0,5.494505495,94.50549451
2020.0,7.0,89.0,96.0,7.291666667,92.70833333
2021.0,9.0,115.0,124.0,7.258064516,92.74193548
2022.0,5.0,96.0,101.0,4.95049505,95.04950495
