Filing Year,At least 1 prior violent conviction,No prior violent convictions,Total,Percent of defendants with prior violent conviction,Percent of defendants with no prior violent convictions
2017,3,99,102,2.941176471,97.05882353
2018,4,117,121,3.305785124,96.69421488
2019,9,136,145,6.206896552,93.79310345
2020,14,126,140,10,90
2021,12,155,167,7.185628743,92.81437126
2022,13,136,149,8.724832215,91.27516779
2023,16,107,123,13.00813008,86.99186992
2024,12,127,139,8.633093525,91.36690647
2025,12,111,123,9.756097561,90.24390244
