Filing Year,At least 1 prior violent conviction,No prior violent convictions,Total,Percent of defendants with prior violent conviction,Percent of defendants with no prior violent convictions
2017,3,99,102,2.941176471,97.05882353
2018,4,117,121,3.305785124,96.69421488
2019,10,135,145,6.896551724,93.10344828
2020,13,127,140,9.285714286,90.71428571
2021,14,153,167,8.383233533,91.61676647
2022,14,135,149,9.395973154,90.60402685
2023,14,109,123,11.38211382,88.61788618
2024,5,62,67,7.462686567,92.53731343
