Filing Year,At least 1 prior violent conviction,No prior violent convictions,Total,Percent of defendants with prior violent conviction,Percent of defendants with no prior violent convictions
2017,2,69,71,2.816901408,97.18309859
2018,4,87,91,4.395604396,95.6043956
2019,6,85,91,6.593406593,93.40659341
2020,7,89,96,7.291666667,92.70833333
2021,10,114,124,8.064516129,91.93548387
2022,6,95,101,5.940594059,94.05940594
2023,8,78,86,9.302325581,90.69767442
