Disposition Year,Black No Pretrial,Black Pretrial,Black Total Cases,Hispanic No Pretrial,Hispanic Pretrial,Hispanic Total Cases,White No Pretrial,White Pretrial,White Total Cases,Percent of sentenced Black defendants detained pretrial,Percent of sentenced Hispanic defendants detained pretrial,Percent of sentenced White defendants detained pretrial
2019,398,342,740,1654,1029,2683,3277,1785,5062,46.21621622,38.35259038,35.262742
2020,242,183,425,1009,592,1601,2041,982,3023,43.05882353,36.97688944,32.48428713
2021,336,253,589,1384,826,2210,2337,1223,3560,42.95415959,37.37556561,34.35393258
2022,347,313,660,1470,1107,2577,2659,1615,4274,47.42424242,42.95692666,37.78661675
2023,335,324,659,1588,1005,2593,2656,1492,4148,49.16540212,38.75819514,35.96914176
2024,231,152,383,910,488,1398,1298,630,1928,39.68668407,34.90701001,32.67634855
