,Fine/ Comm. Serv/ Fee,Credit for time served,Probation,Probation plus Jail,Jail,Comm. Corr.,Youth Corr.,Prison
Sentences in 2023,3576,1748,3750,542,402,259,41,612
Change since 2022,-7.977354606,-7.464266808,-3.400309119,14.83050847,3.341902314,7.468879668,13.88888889,0.99009901
