Disposition Year,Private Attorney Incarceration,Private Attorney No Incarceration,Private Attorney Total Cases,Public Defender Incarceration,Public Defender No Incarceration,Public Defender Total Cases,Percent of cases with a private attorney incarcerated,Percent of cases with a public defender incarcerated
2019,484,296,780,575,413,988,62.05128205,58.19838057
2020,309,202,511,358,306,664,60.46966732,53.91566265
2021,384,207,591,459,343,802,64.97461929,57.2319202
2022,349,199,548,537,492,1029,63.68613139,52.18658892
2023,284,214,498,628,589,1217,57.02811245,51.60230074
2024,123,153,276,278,329,607,44.56521739,45.79901153
