Disposition Year,Black No Pretrial,Black Pretrial,Black Total Cases,Hispanic No Pretrial,Hispanic Pretrial,Hispanic Total Cases,White No Pretrial,White Pretrial,White Total Cases,Percent of sentenced Black defendants detained pretrial,Percent of sentenced Hispanic defendants detained pretrial,Percent of sentenced White defendants detained pretrial
2020,244,185,429,1030,598,1628,2031,978,3009,43.12354312,36.73218673,32.50249252
2021,339,257,596,1418,847,2265,2308,1219,3527,43.12080537,37.39514349,34.56195067
2022,347,317,664,1500,1141,2641,2657,1620,4277,47.74096386,43.20333207,37.8770166
2023,331,336,667,1636,1054,2690,2658,1481,4139,50.37481259,39.18215613,35.78158976
2024,402,301,703,1792,1056,2848,2568,1358,3926,42.81650071,37.07865169,34.5899134
2025,367,329,696,1579,1057,2636,2249,1290,3539,47.27011494,40.09863429,36.45097485
