Disposition Year,Black No Pretrial,Black Pretrial,Black Total Cases,Hispanic No Pretrial,Hispanic Pretrial,Hispanic Total Cases,White No Pretrial,White Pretrial,White Total Cases,Percent of sentenced Black defendants detained pretrial,Percent of sentenced Hispanic defendants detained pretrial,Percent of sentenced White defendants detained pretrial
2019,394,345,739,1645,1026,2671,3283,1780,5063,46.68470907,38.41257956,35.15702153
2020,241,183,424,1011,590,1601,2040,985,3025,43.16037736,36.85196752,32.56198347
2021,338,254,592,1374,829,2203,2343,1214,3557,42.90540541,37.63050386,34.12988473
2022,343,314,657,1466,1091,2557,2663,1614,4277,47.79299848,42.66718811,37.73673135
2023,339,327,666,1591,986,2577,2656,1490,4146,49.0990991,38.26154443,35.93825374
2024,118,68,186,476,209,685,657,278,935,36.55913978,30.51094891,29.73262032
