Disposition Year,Black No Pretrial,Black Pretrial,Black Total Cases,Hispanic No Pretrial,Hispanic Pretrial,Hispanic Total Cases,White No Pretrial,White Pretrial,White Total Cases,Percent of sentenced Black defendants detained pretrial,Percent of sentenced Hispanic defendants detained pretrial,Percent of sentenced White defendants detained pretrial
2019,398,340,738,1671,1048,2719,3261,1768,5029,46.0704607,38.5435822,35.15609465
2020,242,183,425,1021,590,1611,2035,982,3017,43.05882353,36.62321539,32.54888963
2021,341,254,595,1401,829,2230,2324,1229,3553,42.68907563,37.17488789,34.59048691
2022,344,316,660,1480,1128,2608,2672,1626,4298,47.87878788,43.25153374,37.83154956
2023,335,330,665,1608,1026,2634,2672,1501,4173,49.62406015,38.95216401,35.96932662
2024,391,301,692,1768,1010,2778,2563,1356,3919,43.49710983,36.35709143,34.60066343
2025,110,80,190,457,250,707,690,348,1038,42.10526316,35.36067893,33.52601156
