Disposition Year,Black Incarceration,Black No Incarceration,Black Total,Hispanic Incarceration,Hispanic No Incarceration,Hispanic Total,White Incarceration,White No Incarceration,White Total,Percent of Black defendants incarcerated,Percent of Hispanic defendants incarcerated,Percent of White defendants incarcerated
2019,107,65,172,365,251,616,626,402,1028,62.20930233,59.25324675,60.89494163
2020,57,56,113,246,151,397,376,289,665,50.44247788,61.96473552,56.54135338
2021,83,66,149,337,201,538,429,285,714,55.70469799,62.6394052,60.08403361
2022,88,78,166,378,235,613,436,391,827,53.01204819,61.6639478,52.72067715
2023,113,91,204,363,298,661,475,432,907,55.39215686,54.91679274,52.37045204
2024,87,82,169,241,289,530,296,314,610,51.47928994,45.47169811,48.52459016
