Disposition Year,Highest Income Neighborhood Incarceration,Highest Income Neighborhood No Incarceration,Highest Income Neighborhood Total Cases,Lowest Income Neighborhood Incarceration,Lowest Income Neighborhood No Incarceration,Lowest Income Neighborhood Total Cases,Percent of cases from highest income zip code incarcerated,Percent of cases from lowest income zip code incarcerated
2017,143,111,254,190,134,324,56.2992126,58.64197531
2018,158,111,269,229,136,365,58.73605948,62.73972603
2019,166,98,264,201,148,349,62.87878788,57.59312321
2020,93,85,178,113,111,224,52.24719101,50.44642857
2021,135,92,227,118,104,222,59.47136564,53.15315315
2022,101,105,206,173,130,303,49.02912621,57.09570957
2023,94,112,206,135,158,293,45.63106796,46.07508532
