Disposition Year,Private Attorney Incarceration,Private Attorney No Incarceration,Private Attorney Total Cases,Public Defender Incarceration,Public Defender No Incarceration,Public Defender Total Cases,Percent of cases with a private attorney incarcerated,Percent of cases with a public defender incarcerated
2019,544,336,880,509,358,867,61.81818182,58.70818916
2020,360,238,598,307,253,560,60.2006689,54.82142857
2021,426,230,656,412,306,718,64.93902439,57.3816156
2022,391,232,623,503,445,948,62.76083467,53.05907173
2023,351,234,585,574,557,1131,60,50.7515473
2024,295,278,573,538,567,1105,51.48342059,48.68778281
2025,68,102,170,142,150,292,40,48.63013699
