Disposition Year,Black Incarceration,Black No Incarceration,Black Total,Hispanic Incarceration,Hispanic No Incarceration,Hispanic Total,White Incarceration,White No Incarceration,White Total,Percent of Black defendants incarcerated,Percent of Hispanic defendants incarcerated,Percent of White defendants incarcerated
2020,57,56,113,247,153,400,371,290,661,50.44247788,61.75,56.12708018
2021,81,66,147,344,202,546,428,283,711,55.10204082,63.003663,60.19690577
2022,90,76,166,376,240,616,449,390,839,54.21686747,61.03896104,53.51609058
2023,113,89,202,379,301,680,471,432,903,55.94059406,55.73529412,52.15946844
2024,115,98,213,353,333,686,392,397,789,53.99061033,51.45772595,49.68314322
2025,101,88,189,353,279,632,346,357,703,53.43915344,55.85443038,49.21763869
