Disposition Year,Black Incarceration,Black No Incarceration,Black Total,Hispanic Incarceration,Hispanic No Incarceration,Hispanic Total,White Incarceration,White No Incarceration,White Total,Percent of Black defendants incarcerated,Percent of Hispanic defendants incarcerated,Percent of White defendants incarcerated
2019,107,67,174,357,249,606,627,404,1031,61.49425287,58.91089109,60.81474297
2020,56,58,114,245,149,394,378,289,667,49.12280702,62.18274112,56.67166417
2021,84,67,151,344,198,542,421,285,706,55.62913907,63.46863469,59.63172805
2022,88,77,165,373,234,607,436,390,826,53.33333333,61.44975288,52.78450363
2023,113,101,214,358,305,663,465,434,899,52.80373832,53.99698341,51.72413793
2024,24,40,64,62,112,174,90,129,219,37.5,35.63218391,41.09589041
