Disposition Year,Black Incarceration,Black No Incarceration,Black Total,Hispanic Incarceration,Hispanic No Incarceration,Hispanic Total,White Incarceration,White No Incarceration,White Total,Percent of Black defendants incarcerated,Percent of Hispanic defendants incarcerated,Percent of White defendants incarcerated
2017,101,80,181,354,239,593,574,434,1008,55.80110497,59.69645868,56.94444444
2018,119,69,188,389,210,599,645,426,1071,63.29787234,64.94156928,60.22408964
2019,107,66,173,356,244,600,626,411,1037,61.84971098,59.33333333,60.36644166
2020,57,58,115,241,147,388,383,294,677,49.56521739,62.11340206,56.57311669
2021,81,64,145,337,193,530,431,290,721,55.86206897,63.58490566,59.77808599
2022,85,77,162,365,237,602,435,386,821,52.4691358,60.63122924,52.98416565
2023,44,65,109,165,192,357,240,299,539,40.36697248,46.21848739,44.52690167
