Disposition Year,Black No Pretrial,Black Pretrial,Black Total Cases,Hispanic No Pretrial,Hispanic Pretrial,Hispanic Total Cases,White No Pretrial,White Pretrial,White Total Cases,Percent of sentenced Black defendants detained pretrial,Percent of sentenced Hispanic defendants detained pretrial,Percent of sentenced White defendants detained pretrial
2019,396,341,737,1666,1044,2710,3266,1771,5037,46.26865672,38.52398524,35.15981735
2020,241,183,424,1018,592,1610,2038,982,3020,43.16037736,36.77018634,32.51655629
2021,341,251,592,1399,825,2224,2328,1229,3557,42.39864865,37.09532374,34.55158842
2022,346,313,659,1476,1115,2591,2675,1623,4298,47.49620637,43.03357777,37.76174965
2023,336,330,666,1602,1013,2615,2668,1507,4175,49.54954955,38.73804971,36.09580838
2024,401,300,701,1804,994,2798,2595,1325,3920,42.79600571,35.52537527,33.80102041
