Disposition Year,Highest Income Neighborhood Incarceration,Highest Income Neighborhood No Incarceration,Highest Income Neighborhood Total Cases,Lowest Income Neighborhood Incarceration,Lowest Income Neighborhood No Incarceration,Lowest Income Neighborhood Total Cases,Percent of cases from highest income zip code incarcerated,Percent of cases from lowest income zip code incarcerated
2019,168,100,268,189,130,319,62.68656716,59.2476489
2020,96,90,186,118,104,222,51.61290323,53.15315315
2021,125,95,220,127,104,231,56.81818182,54.97835498
2022,100,102,202,169,138,307,49.5049505,55.04885993
2023,142,135,277,187,170,357,51.26353791,52.38095238
2024,132,133,265,148,151,299,49.81132075,49.49832776
2025,44,54,98,79,72,151,44.89795918,52.31788079
