Disposition Year,Highest Income Neighborhood Incarceration,Highest Income Neighborhood No Incarceration,Highest Income Neighborhood Total Cases,Lowest Income Neighborhood Incarceration,Lowest Income Neighborhood No Incarceration,Lowest Income Neighborhood Total Cases,Percent of cases from highest income zip code incarcerated,Percent of cases from lowest income zip code incarcerated
2019,172,101,273,186,133,319,63.003663,58.30721003
2020,92,88,180,113,105,218,51.11111111,51.83486239
2021,130,94,224,128,107,235,58.03571429,54.46808511
2022,99,105,204,165,134,299,48.52941176,55.18394649
2023,136,137,273,193,180,373,49.81684982,51.74262735
2024,130,135,265,151,150,301,49.05660377,50.16611296
2025,29,23,52,36,53,89,55.76923077,40.4494382
