Disposition Year,Black No Pretrial,Black Pretrial,Black Total Cases,Hispanic No Pretrial,Hispanic Pretrial,Hispanic Total Cases,White No Pretrial,White Pretrial,White Total Cases,Percent of sentenced Black defendants detained pretrial,Percent of sentenced Hispanic defendants detained pretrial,Percent of sentenced White defendants detained pretrial
2017,427,321,748,1682,871,2553,3659,1718,5377,42.9144385,34.11672542,31.95090199
2018,432,329,761,1670,939,2609,3411,1847,5258,43.2325887,35.99080107,35.12742488
2019,393,344,737,1622,1013,2635,3300,1793,5093,46.67571235,38.44402277,35.20518359
2020,241,182,423,990,584,1574,2070,993,3063,43.02600473,37.10292249,32.41919687
2021,338,244,582,1358,820,2178,2352,1230,3582,41.92439863,37.64921947,34.33835846
2022,342,310,652,1435,1071,2506,2658,1599,4257,47.54601227,42.73743017,37.56166314
2023,178,156,334,785,489,1274,1450,765,2215,46.70658683,38.38304553,34.53724605
