Disposition Year,Highest Income Neighborhood Incarceration,Highest Income Neighborhood No Incarceration,Highest Income Neighborhood Total Cases,Lowest Income Neighborhood Incarceration,Lowest Income Neighborhood No Incarceration,Lowest Income Neighborhood Total Cases,Percent of cases from highest income zip code incarcerated,Percent of cases from lowest income zip code incarcerated
2017,144,109,253,189,128,317,56.91699605,59.6214511
2018,159,106,265,221,140,361,60,61.21883657
2019,164,103,267,206,146,352,61.42322097,58.52272727
2020,94,85,179,112,111,223,52.51396648,50.22421525
2021,143,85,228,123,99,222,62.71929825,55.40540541
2022,101,96,197,173,139,312,51.26903553,55.44871795
2023,62,96,158,88,102,190,39.24050633,46.31578947
