Disposition Year,Private Attorney Incarceration,Private Attorney No Incarceration,Private Attorney Total Cases,Public Defender Incarceration,Public Defender No Incarceration,Public Defender Total Cases,Percent of cases with a private attorney incarcerated,Percent of cases with a public defender incarcerated
2019,503,328,831,556,382,938,60.52948255,59.2750533
2020,320,228,548,347,279,626,58.39416058,55.4313099
2021,396,222,618,446,327,773,64.0776699,57.69728331
2022,361,207,568,525,485,1010,63.55633803,51.98019802
2023,310,234,544,607,568,1175,56.98529412,51.65957447
2024,196,222,418,419,461,880,46.88995215,47.61363636
