Disposition Year,Black No Pretrial,Black Pretrial,Black Total Cases,Hispanic No Pretrial,Hispanic Pretrial,Hispanic Total Cases,White No Pretrial,White Pretrial,White Total Cases,Percent of sentenced Black defendants detained pretrial,Percent of sentenced Hispanic defendants detained pretrial,Percent of sentenced White defendants detained pretrial
2019,398,341,739,1659,1038,2697,3274,1779,5053,46.14343708,38.48720801,35.20680784
2020,239,182,421,1013,593,1606,2044,983,3027,43.2304038,36.92403487,32.47439709
2021,338,253,591,1395,821,2216,2330,1229,3559,42.80879865,37.04873646,34.53217196
2022,349,311,660,1471,1112,2583,2667,1617,4284,47.12121212,43.05071622,37.74509804
2023,332,329,661,1601,1011,2612,2663,1496,4159,49.7730711,38.70597243,35.97018514
2024,309,226,535,1365,729,2094,1917,979,2896,42.24299065,34.81375358,33.80524862
