Disposition Year,Black No Pretrial,Black Pretrial,Black Total Cases,Hispanic No Pretrial,Hispanic Pretrial,Hispanic Total Cases,White No Pretrial,White Pretrial,White Total Cases,Percent of sentenced Black defendants detained pretrial,Percent of sentenced Hispanic defendants detained pretrial,Percent of sentenced White defendants detained pretrial
2017,429,320,749,1688,876,2564,3654,1721,5375,42.72363151,34.16536661,32.01860465
2018,432,331,763,1678,948,2626,3407,1840,5247,43.38138925,36.10053313,35.06765771
2019,394,343,737,1626,1025,2651,3297,1782,5079,46.54002714,38.66465485,35.08564678
2020,243,183,426,1001,591,1592,2059,983,3042,42.95774648,37.12311558,32.31426693
2021,339,251,590,1369,829,2198,2349,1220,3569,42.54237288,37.71610555,34.18324461
2022,349,313,662,1438,1082,2520,2665,1611,4276,47.28096677,42.93650794,37.67539757
2023,254,239,493,1174,737,1911,2061,1135,3196,48.47870183,38.56619571,35.51314143
