Disposition Year,Black Incarceration,Black No Incarceration,Black Total,Hispanic Incarceration,Hispanic No Incarceration,Hispanic Total,White Incarceration,White No Incarceration,White Total,Percent of Black defendants incarcerated,Percent of Hispanic defendants incarcerated,Percent of White defendants incarcerated
2019,106,64,170,367,252,619,622,403,1025,62.35294118,59.28917609,60.68292683
2020,57,57,114,248,150,398,373,289,662,50,62.31155779,56.34441088
2021,83,66,149,335,199,534,431,287,718,55.70469799,62.7340824,60.02785515
2022,89,77,166,378,233,611,441,394,835,53.61445783,61.86579378,52.81437126
2023,113,93,206,366,294,660,477,437,914,54.85436893,55.45454545,52.18818381
2024,112,109,221,329,390,719,375,433,808,50.67873303,45.75799722,46.41089109
