Disposition Year,Private Attorney Incarceration,Private Attorney No Incarceration,Private Attorney Total Cases,Public Defender Incarceration,Public Defender No Incarceration,Public Defender Total Cases,Percent of cases with a private attorney incarcerated,Percent of cases with a public defender incarcerated
2019,545,335,880,510,360,870,61.93181818,58.62068966
2020,360,237,597,307,254,561,60.30150754,54.72370766
2021,427,229,656,410,306,716,65.09146341,57.26256983
2022,389,230,619,505,447,952,62.84329564,53.04621849
2023,347,226,573,580,560,1140,60.55846422,50.87719298
2024,293,254,547,545,577,1122,53.56489945,48.57397504
2025,151,142,293,238,291,529,51.53583618,44.9905482
