Disposition Year,Private Attorney Incarceration,Private Attorney No Incarceration,Private Attorney Total Cases,Public Defender Incarceration,Public Defender No Incarceration,Public Defender Total Cases,Percent of cases with a private attorney incarcerated,Percent of cases with a public defender incarcerated
2017,457,330,787,527,401,928,58.06861499,56.7887931
2018,470,310,780,635,389,1024,60.25641026,62.01171875
2019,440,278,718,621,429,1050,61.28133705,59.14285714
2020,294,187,481,375,324,699,61.12266112,53.64806867
2021,376,206,582,463,340,803,64.604811,57.65877958
2022,314,215,529,558,472,1030,59.35727788,54.17475728
2023,122,171,293,303,378,681,41.63822526,44.49339207
