Disposition Year,Black No Pretrial,Black Pretrial,Black Total Cases,Hispanic No Pretrial,Hispanic Pretrial,Hispanic Total Cases,White No Pretrial,White Pretrial,White Total Cases,Percent of sentenced Black defendants detained pretrial,Percent of sentenced Hispanic defendants detained pretrial,Percent of sentenced White defendants detained pretrial
2019,399,340,739,1680,1054,2734,3256,1761,5017,46.00811908,38.55157279,35.10065776
2020,241,183,424,1024,592,1616,2034,982,3016,43.16037736,36.63366337,32.5596817
2021,341,252,593,1404,834,2238,2320,1223,3543,42.49578415,37.26541555,34.5187694
2022,343,315,658,1488,1135,2623,2671,1612,4283,47.87234043,43.27106367,37.63717021
2023,332,331,663,1622,1034,2656,2670,1496,4166,49.92458522,38.93072289,35.90974556
2024,399,302,701,1766,1036,2802,2569,1356,3925,43.08131241,36.97359029,34.5477707
2025,192,150,342,827,504,1331,1183,652,1835,43.85964912,37.86626597,35.53133515
