,Fine/ Comm. Serv/ Fee,Credit for time served,Probation,Probation plus Jail,Jail,Comm. Corr.,Youth Corr.,Prison
Sentences in 2022,3858,1862,3791,454,378,234,36,591
Change since 2021,-22.88626824,62.47818499,5.51071528,-5.219206681,33.56890459,-17.89473684,28.57142857,18.91348089
