,Fine/ Comm. Serv/ Fee,Credit for time served,Probation,Probation plus Jail,Jail,Comm. Corr.,Youth Corr.,Prison
Sentences in 2024,3694,1889,3690,547,342,220,40,498
Change since 2023,3.126744835,7.819634703,-2.869176099,-0.905797101,-15.34653465,-16.66666667,-9.090909091,-19.41747573
