Disposition Year,Black Incarceration,Black No Incarceration,Black Total,Hispanic Incarceration,Hispanic No Incarceration,Hispanic Total,White Incarceration,White No Incarceration,White Total,Percent of Black defendants incarcerated,Percent of Hispanic defendants incarcerated,Percent of White defendants incarcerated
2017,101,80,181,361,240,601,571,432,1003,55.80110497,60.06655574,56.92921236
2018,122,67,189,389,214,603,643,425,1068,64.55026455,64.51077944,60.20599251
2019,108,67,175,362,249,611,624,405,1029,61.71428571,59.24713584,60.64139942
2020,57,58,115,245,148,393,378,292,670,49.56521739,62.34096692,56.41791045
2021,84,66,150,335,197,532,431,288,719,56,62.96992481,59.94436718
2022,87,77,164,369,234,603,438,393,831,53.04878049,61.19402985,52.70758123
2023,108,111,219,346,326,672,455,464,919,49.31506849,51.48809524,49.51033732
