Disposition Year,Private Attorney Incarceration,Private Attorney No Incarceration,Private Attorney Total Cases,Public Defender Incarceration,Public Defender No Incarceration,Public Defender Total Cases,Percent of cases with a private attorney incarcerated,Percent of cases with a public defender incarcerated
2020,365,248,613,300,242,542,59.54323002,55.35055351
2021,438,236,674,406,301,707,64.9851632,57.42574257
2022,397,239,636,496,443,939,62.42138365,52.82215122
2023,361,233,594,570,550,1120,60.77441077,50.89285714
2024,301,249,550,548,570,1118,54.72727273,49.01610018
2025,320,227,547,479,494,973,58.50091408,49.22918808
