Disposition Year,Highest Income Neighborhood Incarceration,Highest Income Neighborhood No Incarceration,Highest Income Neighborhood Total Cases,Lowest Income Neighborhood Incarceration,Lowest Income Neighborhood No Incarceration,Lowest Income Neighborhood Total Cases,Percent of cases from highest income zip code incarcerated,Percent of cases from lowest income zip code incarcerated
2017,147,114,261,191,130,321,56.32183908,59.50155763
2018,154,106,260,227,143,370,59.23076923,61.35135135
2019,166,91,257,196,147,343,64.59143969,57.14285714
2020,95,85,180,112,110,222,52.77777778,50.45045045
2021,136,93,229,116,103,219,59.38864629,52.96803653
2022,103,106,209,173,131,304,49.28229665,56.90789474
2023,126,136,262,180,200,380,48.09160305,47.36842105
