,Fine/ Comm. Serv/ Fee,Credit for time served,Probation,Probation plus Jail,Jail,Comm. Corr.,Youth Corr.,Prison
Sentences in 2022,3528,1720,3647,508,393,251,41,589
Change since 2021,-9.142415658,-8.55927698,-5.737916774,8.779443255,1.288659794,5.020920502,13.88888889,-1.833333333
