Disposition Year,Black No Pretrial,Black Pretrial,Black Total Cases,Hispanic No Pretrial,Hispanic Pretrial,Hispanic Total Cases,White No Pretrial,White Pretrial,White Total Cases,Percent of sentenced Black defendants detained pretrial,Percent of sentenced Hispanic defendants detained pretrial,Percent of sentenced White defendants detained pretrial
2017,429,322,751,1690,880,2570,3651,1721,5372,42.87616511,34.24124514,32.03648548
2018,432,330,762,1688,952,2640,3399,1835,5234,43.30708661,36.06060606,35.05922812
2019,395,342,737,1642,1031,2673,3286,1778,5064,46.40434193,38.57089413,35.11058452
2020,243,183,426,1004,592,1596,2054,985,3039,42.95774648,37.09273183,32.41197762
2021,338,255,593,1370,824,2194,2350,1225,3575,43.00168634,37.55697356,34.26573427
2022,346,314,660,1455,1083,2538,2669,1615,4284,47.57575758,42.6713948,37.6984127
2023,342,321,663,1594,954,2548,2658,1463,4121,48.41628959,37.4411303,35.50109197
