Disposition Year,Private Attorney Incarceration,Private Attorney No Incarceration,Private Attorney Total Cases,Public Defender Incarceration,Public Defender No Incarceration,Public Defender Total Cases,Percent of cases with a private attorney incarcerated,Percent of cases with a public defender incarcerated
2019,543,335,878,510,359,869,61.84510251,58.6881473
2020,360,231,591,308,260,568,60.91370558,54.22535211
2021,425,232,657,414,304,718,64.68797565,57.66016713
2022,386,219,605,506,461,967,63.80165289,52.32678387
2023,331,234,565,592,563,1155,58.5840708,51.25541126
2024,276,306,582,530,623,1153,47.42268041,45.9670425
