Disposition Year,Black Incarceration,Black No Incarceration,Black Total,Hispanic Incarceration,Hispanic No Incarceration,Hispanic Total,White Incarceration,White No Incarceration,White Total,Percent of Black defendants incarcerated,Percent of Hispanic defendants incarcerated,Percent of White defendants incarcerated
2019,106,64,170,369,251,620,621,404,1025,62.35294118,59.51612903,60.58536585
2020,57,57,114,248,151,399,374,287,661,50,62.15538847,56.58093797
2021,83,66,149,335,198,533,431,288,719,55.70469799,62.85178236,59.94436718
2022,90,75,165,374,235,609,447,392,839,54.54545455,61.41215107,53.27771156
2023,111,93,204,369,297,666,478,434,912,54.41176471,55.40540541,52.4122807
2024,113,96,209,344,350,694,388,401,789,54.06698565,49.56772334,49.17617237
2025,31,30,61,86,94,180,94,130,224,50.81967213,47.77777778,41.96428571
