Disposition Year,Black Cases Deferred,Black Cases Not Deferred,Black Total Cases Disposed,Hispanic Cases Deferred,Hispanic Cases Not Deferred,Hispanic Total Cases Disposed,White Cases Deferred,White Cases Not Deferred,White Total Cases Disposed,Percent of Black defendants deferred,Percent of Hispanic defendants deferred,Percent of White defendants deferred
2019,0,35,35,10,94,104,104,643,747,0,9.615384615,13.92235609
2020,3,50,53,11,78,89,77,551,628,5.660377358,12.35955056,12.2611465
2021,2,44,46,7,80,87,92,544,636,4.347826087,8.045977011,14.46540881
2022,1,45,46,6,92,98,100,546,646,2.173913043,6.12244898,15.47987616
2023,1,39,40,8,67,75,68,423,491,2.5,10.66666667,13.84928717
2024,0,11,11,7,28,35,21,201,222,,20,9.459459459
