Disposition Year,Black Cases Deferred,Black Cases Not Deferred,Black Total Cases Disposed,Hispanic Cases Deferred,Hispanic Cases Not Deferred,Hispanic Total Cases Disposed,White Cases Deferred,White Cases Not Deferred,White Total Cases Disposed,Percent of Black defendants deferred,Percent of Hispanic defendants deferred,Percent of White defendants deferred
2019,0,35,35,10,96,106,104,642,746,0,9.433962264,13.94101877
2020,3,50,53,12,78,90,77,554,631,5.660377358,13.33333333,12.20285261
2021,2,44,46,7,80,87,91,546,637,4.347826087,8.045977011,14.28571429
2022,1,46,47,6,92,98,102,549,651,2.127659574,6.12244898,15.66820276
2023,1,39,40,8,72,80,68,428,496,2.5,10,13.70967742
2024,1,27,28,8,58,66,54,430,484,3.571428571,12.12121212,11.15702479
2025,0,8,8,0,7,7,14,86,100,,,14
