Disposition Year,Black Cases Deferred,Black Cases Not Deferred,Black Total Cases Disposed,Hispanic Cases Deferred,Hispanic Cases Not Deferred,Hispanic Total Cases Disposed,White Cases Deferred,White Cases Not Deferred,White Total Cases Disposed,Percent of Black defendants deferred,Percent of Hispanic defendants deferred,Percent of White defendants deferred
2020,3,50,53,9,79,88,80,554,634,5.660377358,10.22727273,12.61829653
2021,2,43,45,6,81,87,92,553,645,4.444444444,6.896551724,14.26356589
2022,1,46,47,6,92,98,102,549,651,2.127659574,6.12244898,15.66820276
2023,1,36,37,8,74,82,69,441,510,2.702702703,9.756097561,13.52941176
2024,2,26,28,8,60,68,60,451,511,7.142857143,11.76470588,11.74168297
2025,2,25,27,6,56,62,84,345,429,7.407407407,9.677419355,19.58041958
