Disposition Year,Black Cases Deferred,Black Cases Not Deferred,Black Total Cases Disposed,Hispanic Cases Deferred,Hispanic Cases Not Deferred,Hispanic Total Cases Disposed,White Cases Deferred,White Cases Not Deferred,White Total Cases Disposed,Percent of Black defendants deferred,Percent of Hispanic defendants deferred,Percent of White defendants deferred
2019,0,35,35,9,96,105,105,644,749,0,8.571428571,14.01869159
2020,3,50,53,9,78,87,80,554,634,5.660377358,10.34482759,12.61829653
2021,2,43,45,6,80,86,92,548,640,4.444444444,6.976744186,14.375
2022,1,46,47,6,92,98,102,549,651,2.127659574,6.12244898,15.66820276
2023,1,39,40,8,72,80,68,428,496,2.5,10,13.70967742
2024,2,27,29,8,59,67,55,438,493,6.896551724,11.94029851,11.15618661
2025,1,13,14,1,29,30,30,161,191,,3.333333333,15.70680628
