Disposition Year,Black Cases Deferred,Black Cases Not Deferred,Black Total Cases Disposed,Hispanic Cases Deferred,Hispanic Cases Not Deferred,Hispanic Total Cases Disposed,White Cases Deferred,White Cases Not Deferred,White Total Cases Disposed,Percent of Black defendants deferred,Percent of Hispanic defendants deferred,Percent of White defendants deferred
2019,0,35,35,10,95,105,104,642,746,0,9.523809524,13.94101877
2020,3,50,53,12,78,90,76,551,627,5.660377358,13.33333333,12.12121212
2021,2,44,46,7,80,87,92,544,636,4.347826087,8.045977011,14.46540881
2022,1,45,46,6,92,98,101,547,648,2.173913043,6.12244898,15.58641975
2023,1,39,40,8,71,79,69,425,494,2.5,10.12658228,13.96761134
2024,1,19,20,7,45,52,34,289,323,5,13.46153846,10.52631579
