Disposition Year,Black Cases Deferred,Black Cases Not Deferred,Black Total Cases Disposed,Hispanic Cases Deferred,Hispanic Cases Not Deferred,Hispanic Total Cases Disposed,White Cases Deferred,White Cases Not Deferred,White Total Cases Disposed,Percent of Black defendants deferred,Percent of Hispanic defendants deferred,Percent of White defendants deferred
2019,0,34,34,10,93,103,104,641,745,0,9.708737864,13.95973154
2020,3,50,53,11,77,88,77,550,627,5.660377358,12.5,12.28070175
2021,2,44,46,7,80,87,92,544,636,4.347826087,8.045977011,14.46540881
2022,1,45,46,6,92,98,100,546,646,2.173913043,6.12244898,15.47987616
2023,1,38,39,8,67,75,68,416,484,2.564102564,10.66666667,14.04958678
2024,0,8,8,2,16,18,7,87,94,,11.11111111,7.446808511
