Disposition Year,Native American No Pretrial,Native American Pretrial,Native American Total Cases,Hispanic No Pretrial,Hispanic Pretrial,Hispanic Total Cases,White No Pretrial,White Pretrial,White Total Cases,Percent of Native American defendants detained pretrial,Percent of Hispanic defendants detained pretrial,Percent of White defendants detained pretrial
2019,90,52,142,97,36,133,549,137,686,36.61971831,27.06766917,19.97084548
2020,83,46,129,67,32,99,376,93,469,35.65891473,32.32323232,19.82942431
2021,87,31,118,99,43,142,404,93,497,26.27118644,30.28169014,18.71227364
2022,93,45,138,74,21,95,362,105,467,32.60869565,22.10526316,22.48394004
2023,112,74,186,93,31,124,346,111,457,39.78494624,25,24.28884026
2024,80,69,149,84,58,142,327,135,462,46.30872483,40.84507042,29.22077922
