Disposition Year,Native American Incarceration,Native American No Incarceration,Native American Total,Hispanic Incarceration,Hispanic No Incarceration,Hispanic Total,White Incarceration,White No Incarceration,White Total,Percent of Native American defendants incarcerated,Percent of Hispanic defendants incarcerated,Percent of White defendants incarcerated
2017,16,10,26,22,13,35,62,71,133,61.53846154,62.85714286,46.61654135
2018,13,15,28,31,16,47,91,69,160,46.42857143,65.95744681,56.875
2019,26,8,34,29,10,39,100,68,168,76.47058824,74.35897436,59.52380952
2020,12,6,18,17,11,28,67,43,110,,60.71428571,60.90909091
2021,11,7,18,29,9,38,73,33,106,,76.31578947,68.86792453
2022,12,5,17,13,4,17,76,20,96,,,79.16666667
2023,14,9,23,14,4,18,49,21,70,60.86956522,,70
