Disposition Year,Native American No Pretrial,Native American Pretrial,Native American Total Cases,Hispanic No Pretrial,Hispanic Pretrial,Hispanic Total Cases,White No Pretrial,White Pretrial,White Total Cases,Percent of Native American defendants detained pretrial,Percent of Hispanic defendants detained pretrial,Percent of White defendants detained pretrial
2017,100,42,142,82,29,111,545,115,660,29.57746479,26.12612613,17.42424242
2018,112,41,153,82,42,124,526,130,656,26.79738562,33.87096774,19.81707317
2019,89,52,141,97,36,133,545,137,682,36.87943262,27.06766917,20.08797654
2020,82,45,127,69,31,100,385,97,482,35.43307087,31,20.12448133
2021,88,30,118,98,41,139,405,93,498,25.42372881,29.49640288,18.6746988
2022,90,45,135,73,21,94,354,104,458,33.33333333,22.34042553,22.70742358
2023,86,52,138,69,22,91,254,78,332,37.68115942,24.17582418,23.4939759
