Disposition Year,Native American No Pretrial,Native American Pretrial,Native American Total Cases,Hispanic No Pretrial,Hispanic Pretrial,Hispanic Total Cases,White No Pretrial,White Pretrial,White Total Cases,Percent of Native American defendants detained pretrial,Percent of Hispanic defendants detained pretrial,Percent of White defendants detained pretrial
2017.0,99.0,42.0,141.0,82.0,29.0,111.0,544.0,115.0,659.0,29.78723404,26.12612613,17.45068285
2018.0,112.0,42.0,154.0,81.0,42.0,123.0,526.0,129.0,655.0,27.27272727,34.14634146,19.69465649
2019.0,89.0,52.0,141.0,97.0,36.0,133.0,545.0,137.0,682.0,36.87943262,27.06766917,20.08797654
2020.0,81.0,45.0,126.0,67.0,31.0,98.0,386.0,97.0,483.0,35.71428571,31.63265306,20.08281573
2021.0,87.0,30.0,117.0,97.0,41.0,138.0,403.0,93.0,496.0,25.64102564,29.71014493,18.75
2022.0,89.0,46.0,135.0,72.0,20.0,92.0,354.0,100.0,454.0,34.07407407,21.73913043,22.02643172
2023.0,22.0,13.0,35.0,27.0,10.0,37.0,91.0,23.0,114.0,37.14285714,27.02702703,20.1754386
