Disposition Year,Native American No Pretrial,Native American Pretrial,Native American Total Cases,Hispanic No Pretrial,Hispanic Pretrial,Hispanic Total Cases,White No Pretrial,White Pretrial,White Total Cases,Percent of Native American defendants detained pretrial,Percent of Hispanic defendants detained pretrial,Percent of White defendants detained pretrial
2019,90,52,142,97,36,133,549,137,686,36.61971831,27.06766917,19.97084548
2020,83,45,128,68,32,100,378,95,473,35.15625,32,20.0845666
2021,88,31,119,99,41,140,404,93,497,26.05042017,29.28571429,18.71227364
2022,91,45,136,74,21,95,361,105,466,33.08823529,22.10526316,22.53218884
2023,111,75,186,94,30,124,351,109,460,40.32258065,24.19354839,23.69565217
2024,44,36,80,37,28,65,148,61,209,45,43.07692308,29.18660287
