Disposition Year,Native American No Pretrial,Native American Pretrial,Native American Total Cases,Hispanic No Pretrial,Hispanic Pretrial,Hispanic Total Cases,White No Pretrial,White Pretrial,White Total Cases,Percent of Native American defendants detained pretrial,Percent of Hispanic defendants detained pretrial,Percent of White defendants detained pretrial
2020,82,46,128,68,33,101,372,92,464,35.9375,32.67326733,19.82758621
2021,87,31,118,100,42,142,403,92,495,26.27118644,29.57746479,18.58585859
2022,94,45,139,74,22,96,363,107,470,32.37410072,22.91666667,22.76595745
2023,114,74,188,93,31,124,351,113,464,39.36170213,25,24.35344828
2024,83,72,155,85,58,143,335,141,476,46.4516129,40.55944056,29.62184874
2025,69,66,135,65,43,108,291,176,467,48.88888889,39.81481481,37.68736617
