Disposition Year,Native American No Pretrial,Native American Pretrial,Native American Total Cases,Hispanic No Pretrial,Hispanic Pretrial,Hispanic Total Cases,White No Pretrial,White Pretrial,White Total Cases,Percent of Native American defendants detained pretrial,Percent of Hispanic defendants detained pretrial,Percent of White defendants detained pretrial
2017,99,42,141,82,29,111,544,115,659,29.78723404,26.12612613,17.45068285
2018,112,42,154,81,42,123,526,129,655,27.27272727,34.14634146,19.69465649
2019,89,52,141,97,36,133,545,137,682,36.87943262,27.06766917,20.08797654
2020,81,45,126,69,31,100,384,97,481,35.71428571,31,20.16632017
2021,88,30,118,98,41,139,402,93,495,25.42372881,29.49640288,18.78787879
2022,90,45,135,73,21,94,353,104,457,33.33333333,22.34042553,22.7571116
2023,57,34,91,53,16,69,168,56,224,37.36263736,23.1884058,25
