Disposition Year,Native American No Pretrial,Native American Pretrial,Native American Total Cases,Hispanic No Pretrial,Hispanic Pretrial,Hispanic Total Cases,White No Pretrial,White Pretrial,White Total Cases,Percent of Native American defendants detained pretrial,Percent of Hispanic defendants detained pretrial,Percent of White defendants detained pretrial
2019,89,52,141,97,36,133,548,137,685,36.87943262,27.06766917,20
2020,83,46,129,68,31,99,381,97,478,35.65891473,31.31313131,20.29288703
2021,88,31,119,99,41,140,404,92,496,26.05042017,29.28571429,18.5483871
2022,90,45,135,73,21,94,361,104,465,33.33333333,22.34042553,22.3655914
2023,111,74,185,94,30,124,351,108,459,40,24.19354839,23.52941176
2024,25,19,44,19,8,27,81,28,109,43.18181818,29.62962963,25.68807339
