Disposition Year,Native American No Pretrial,Native American Pretrial,Native American Total Cases,Hispanic No Pretrial,Hispanic Pretrial,Hispanic Total Cases,White No Pretrial,White Pretrial,White Total Cases,Percent of Native American defendants detained pretrial,Percent of Hispanic defendants detained pretrial,Percent of White defendants detained pretrial
2017,100,42,142,81,29,110,546,115,661,29.57746479,26.36363636,17.397882
2018,112,41,153,82,42,124,526,130,656,26.79738562,33.87096774,19.81707317
2019,89,52,141,97,36,133,545,137,682,36.87943262,27.06766917,20.08797654
2020,82,45,127,69,31,100,385,97,482,35.43307087,31,20.12448133
2021,88,32,120,98,41,139,405,92,497,26.66666667,29.49640288,18.5110664
2022,90,45,135,73,21,94,357,104,461,33.33333333,22.34042553,22.55965293
2023,107,73,180,93,30,123,339,104,443,40.55555556,24.3902439,23.47629797
