Fine/ Comm. Serv/ Fee,Credit for time served,Probation,Probation plus Jail,Jail,Comm. Corr.,Youth Corr.,Prison
403.0,48.0,337.0,168.0,39.0,29.0,1.0,47.0
-11.03752759,45.45454545,-16.58415842,8.387096774,-9.302325581,31.81818182,0.0,-20.33898305
