Disposition Year,Native American Incarceration,Native American No Incarceration,Native American Total,Hispanic Incarceration,Hispanic No Incarceration,Hispanic Total,White Incarceration,White No Incarceration,White Total,Percent of Native American defendants incarcerated,Percent of Hispanic defendants incarcerated,Percent of White defendants incarcerated
2017.0,16.0,10.0,26.0,22.0,13.0,35.0,62.0,71.0,133.0,61.53846154,62.85714286,46.61654135
2018.0,13.0,15.0,28.0,31.0,15.0,46.0,91.0,69.0,160.0,46.42857143,67.39130435,56.875
2019.0,26.0,8.0,34.0,29.0,10.0,39.0,99.0,69.0,168.0,76.47058824,74.35897436,58.92857143
2020.0,12.0,6.0,18.0,17.0,10.0,27.0,67.0,44.0,111.0,66.66666667,62.96296296,60.36036036
2021.0,11.0,6.0,17.0,29.0,9.0,38.0,73.0,33.0,106.0,64.70588235,76.31578947,68.86792453
2022.0,13.0,5.0,18.0,12.0,5.0,17.0,74.0,22.0,96.0,,,77.08333333
2023.0,3.0,1.0,4.0,5.0,2.0,7.0,16.0,9.0,25.0,,,64.0
