Referral Year,Filed,Declined,Total Felony Referrals,Percent Declined
2017,943,369,1312,28.125
2018,1072,414,1486,27.86002692
2019,1163,332,1495,22.20735786
2020,922,258,1180,21.86440678
2021,861,255,1116,22.84946237
2022,808,274,1082,25.32347505
2023,682,175,857,20.42007001
