Referral Year,Filed,Declined,Total Felony Referrals,Percent Declined
2017,942,369,1311,28.14645309
2018,1072,414,1486,27.86002692
2019,1163,332,1495,22.20735786
2020,922,260,1182,21.99661591
2021,861,258,1119,23.05630027
2022,808,286,1094,26.14259598
2023,682,193,875,22.05714286
