Referral Year,Felony Referrals Filed,Felony Referrals Not Filed,Total Felony Referrals,Felony Cases Acquitted,Felony Cases Deferred,Felony Cases Dismissed,Felony Cases Found Guilty,Felony Cases Plea Dismissal,Felony Cases Plead Guilty,Total Felony Cases Disposed,Percent of felony referrals declined,Percent of felony cases dismissed after filing
2017,946,368,1314,5,137,101,31,86,557,917,28.00608828,11.01417666
2018,1072,413,1485,5,135,151,18,96,550,955,27.81144781,15.81151832
2019,1163,329,1492,2,130,151,24,79,623,1009,22.05093834,14.96531219
2020,922,247,1169,3,104,122,24,63,503,819,21.12917023,14.8962149
2021,862,222,1084,4,113,129,19,48,530,843,20.4797048,15.3024911
2022,631,146,777,4,74,66,12,51,415,622,18.79021879,10.61093248