Referral Year,Hispanic Felony Referrals Filed,Hispanic Felony Referrals Not Filed,Hispanic Total Felony Referrals,White Felony Referrals Filed,White Felony Referrals Not Filed,White Total Felony Referrals,Percent of cases involving Hispanic defendants declined,Percent of cases involving White defendants declined
2019,255,58,313,854,245,1099,18.53035144,22.29299363
2020,202,55,257,672,175,847,21.40077821,20.66115702
2021,184,51,235,630,181,811,21.70212766,22.31812577
2022,171,60,231,595,204,799,25.97402597,25.53191489
2023,168,47,215,479,157,636,21.86046512,24.68553459
2024,165,25,190,528,117,645,13.15789474,18.13953488
