Referral Year,Hispanic Felony Referrals Filed,Hispanic Felony Referrals Not Filed,Hispanic Total Felony Referrals,White Felony Referrals Filed,White Felony Referrals Not Filed,White Total Felony Referrals,Percent of cases involving Hispanic defendants declined,Percent of cases involving White defendants declined
2017,161,55,216,738,272,1010,25.46296296,26.93069307
2018,183,55,238,827,313,1140,23.1092437,27.45614035
2019,248,55,303,861,244,1105,18.15181518,22.08144796
2020,201,54,255,676,172,848,21.17647059,20.28301887
2021,183,48,231,633,178,811,20.77922078,21.94821208
2022,175,56,231,594,193,787,24.24242424,24.52350699
2023,122,25,147,338,93,431,17.00680272,21.57772622
