Referral Year,Hispanic Felony Referrals Filed,Hispanic Felony Referrals Not Filed,Hispanic Total Felony Referrals,White Felony Referrals Filed,White Felony Referrals Not Filed,White Total Felony Referrals,Percent of cases involving Hispanic defendants declined,Percent of cases involving White defendants declined
2019,251,58,309,858,244,1102,18.77022654,22.1415608
2020,202,55,257,672,175,847,21.40077821,20.66115702
2021,184,51,235,631,179,810,21.70212766,22.09876543
2022,173,60,233,593,203,796,25.75107296,25.50251256
2023,168,46,214,479,152,631,21.4953271,24.08874802
2024,113,23,136,411,81,492,16.91176471,16.46341463
