Referral Year,Felony Referrals Filed,Felony Referrals Not Filed,Total Felony Referrals,Felony Cases Acquitted,Felony Cases Deferred,Felony Cases Dismissed,Felony Cases Found Guilty,Felony Cases Plea Dismissal,Felony Cases Plead Guilty,Total Felony Cases Disposed,Percent of felony referrals declined,Percent of felony cases dismissed after filing
2017,942,369,1311,5,136,96,32,90,556,915,28.14645309,10.49180328
2018,1072,414,1486,5,135,135,18,110,551,954,27.86002692,14.1509434
2019,1163,332,1495,2,130,134,26,97,624,1013,22.20735786,13.22803554
2020,922,260,1182,3,104,114,25,73,505,824,21.99661591,13.83495146
2021,861,258,1119,4,115,123,20,57,535,854,23.05630027,14.4028103
2022,808,286,1094,5,97,87,15,77,499,780,26.14259598,11.15384615
2023,682,193,875,4,83,106,11,56,387,647,22.05714286,16.38330757
2024,199,36,235,0,21,24,0,8,86,139,15.31914894,17.26618705
