Referral Year,Felony Referrals Filed,Felony Referrals Not Filed,Total Felony Referrals,Felony Cases Acquitted,Felony Cases Deferred,Felony Cases Dismissed,Felony Cases Found Guilty,Felony Cases Plea Dismissal,Felony Cases Plead Guilty,Total Felony Cases Disposed,Percent of felony referrals declined,Percent of felony cases dismissed after filing
2017,943,369,1312,5,137,96,32,90,557,917,28.125,10.46892039
2018,1072,414,1486,5,135,135,18,110,551,954,27.86002692,14.1509434
2019,1163,332,1495,2,130,134,26,97,624,1013,22.20735786,13.22803554
2020,922,256,1178,3,104,114,25,73,505,824,21.73174873,13.83495146
2021,861,254,1115,4,113,123,19,56,536,851,22.78026906,14.45358402
2022,808,264,1072,5,99,87,14,76,501,782,24.62686567,11.12531969
2023,319,82,401,2,44,59,5,16,197,323,20.44887781,18.26625387
