Referral Year,Filed,Declined,Total Felony Referrals,Percent Declined
2017,940,370,1310,28.24427481
2018,1070,414,1484,27.89757412
2019,1163,334,1497,22.31128925
2020,919,260,1179,22.05258694
2021,860,261,1121,23.28278323
2022,804,290,1094,26.50822669
2023,683,230,913,25.19167579
2024,730,173,903,19.15836102
