Referral Year,Filed,Declined,Total Felony Referrals,Percent Declined
2017,940,368,1308,28.13455657
2018,1070,414,1484,27.89757412
2019,1163,332,1495,22.20735786
2020,919,260,1179,22.05258694
2021,860,261,1121,23.28278323
2022,804,289,1093,26.44098811
2023,683,221,904,24.44690265
2024,730,154,884,17.42081448
