Referral Year,Filed,Declined,Total Felony Referrals,Percent Declined
2017,941,368,1309,28.11306341
2018,1070,414,1484,27.89757412
2019,1163,332,1495,22.20735786
2020,919,260,1179,22.05258694
2021,861,258,1119,23.05630027
2022,804,286,1090,26.23853211
2023,683,209,892,23.43049327
