Referral Year,Felony Referrals Filed,Felony Referrals Not Filed,Total Felony Referrals,Felony Cases Acquitted,Felony Cases Deferred,Felony Cases Dismissed,Felony Cases Found Guilty,Felony Cases Plea Dismissal,Felony Cases Plead Guilty,Total Felony Cases Disposed,Percent of felony referrals declined,Percent of felony cases dismissed after filing
2017,941,368,1309,5,137,95,32,90,557,916,28.11306341,10.37117904
2018,1070,414,1484,5,135,135,18,110,549,952,27.89757412,14.18067227
2019,1163,332,1495,2,130,135,26,98,624,1015,22.20735786,13.30049261
2020,919,260,1179,3,103,114,25,74,506,825,22.05258694,13.81818182
2021,861,259,1120,4,115,124,20,57,536,856,23.125,14.48598131
2022,804,287,1091,5,98,87,15,77,499,781,26.30614115,11.13956466
2023,683,214,897,4,91,105,12,57,392,661,23.85730212,15.88502269
2024,556,113,669,2,85,97,8,36,243,471,16.89088191,20.59447983
