Referral Year,Filed,Declined,Total Felony Referrals,Percent Declined
2017,940,371,1311,28.29900839
2018,1070,414,1484,27.89757412
2019,1163,334,1497,22.31128925
2020,919,260,1179,22.05258694
2021,860,262,1122,23.35115865
2022,804,292,1096,26.64233577
2023,683,244,927,26.3214671
2024,730,192,922,20.82429501
2025,663,147,810,18.14814815
