Referral Year,Hispanic Felony Referrals Filed,Hispanic Felony Referrals Not Filed,Hispanic Total Felony Referrals,White Felony Referrals Filed,White Felony Referrals Not Filed,White Total Felony Referrals,Percent of cases involving Hispanic defendants declined,Percent of cases involving White defendants declined
2017,166,55,221,735,272,1007,24.88687783,27.01092354
2018,182,55,237,828,318,1146,23.20675105,27.7486911
2019,249,57,306,860,243,1103,18.62745098,22.03082502
2020,202,54,256,675,175,850,21.09375,20.58823529
2021,181,50,231,633,179,812,21.64502165,22.04433498
2022,178,59,237,592,203,795,24.89451477,25.53459119
2023,168,43,211,477,137,614,20.37914692,22.31270358
2024,46,6,52,145,28,173,11.53846154,16.1849711
