Referral Year,Hispanic Felony Referrals Filed,Hispanic Felony Referrals Not Filed,Hispanic Total Felony Referrals,White Felony Referrals Filed,White Felony Referrals Not Filed,White Total Felony Referrals,Percent of cases involving Hispanic defendants declined,Percent of cases involving White defendants declined
2017,162,55,217,738,272,1010,25.34562212,26.93069307
2018,183,55,238,830,314,1144,23.1092437,27.44755245
2019,248,55,303,862,245,1107,18.15181518,22.13188799
2020,201,54,255,678,173,851,21.17647059,20.32902468
2021,182,48,230,634,178,812,20.86956522,21.92118227
2022,175,56,231,594,196,790,24.24242424,24.81012658
2023,167,39,206,479,123,602,18.93203883,20.43189369
