Referral Year,Filed,Declined,Total Felony Referrals,Percent Declined
2017,943,369,1312,28.125
2018,1072,414,1486,27.86002692
2019,1163,332,1495,22.20735786
2020,922,257,1179,21.79813401
2021,861,255,1116,22.84946237
2022,808,269,1077,24.97678737
2023,490,128,618,20.71197411
