Referral Year,Filed,Declined,Total Felony Referrals,Percent Declined
2017,946,368,1314,28.00608828
2018,1072,413,1485,27.81144781
2019,1163,329,1492,22.05093834
2020,922,247,1169,21.12917023
2021,862,222,1084,20.4797048
2022,631,146,777,18.79021879