Referral Year,Hispanic Felony Referrals Filed,Hispanic Felony Referrals Not Filed,Hispanic Total Felony Referrals,White Felony Referrals Filed,White Felony Referrals Not Filed,White Total Felony Referrals,Percent of cases involving Hispanic defendants declined,Percent of cases involving White defendants declined
2019,256,58,314,853,246,1099,18.47133758,22.38398544
2020,205,55,260,672,175,847,21.15384615,20.66115702
2021,181,51,232,632,181,813,21.98275862,22.26322263
2022,166,60,226,599,204,803,26.54867257,25.40473225
2023,168,50,218,481,163,644,22.93577982,25.31055901
2024,164,28,192,529,130,659,14.58333333,19.72685888
2025,50,7,57,110,26,136,12.28070175,19.11764706
