Referral Year,Filed,Declined,Total Felony Referrals,Percent Declined
2017,941,368,1309,28.11306341
2018,1070,414,1484,27.89757412
2019,1163,332,1495,22.20735786
2020,919,260,1179,22.05258694
2021,861,259,1120,23.125
2022,804,287,1091,26.30614115
2023,683,214,897,23.85730212
2024,556,113,669,16.89088191
