Referral Year,Felony Referrals Filed,Felony Referrals Not Filed,Total Felony Referrals,Felony Cases Acquitted,Felony Cases Deferred,Felony Cases Dismissed,Felony Cases Found Guilty,Felony Cases Plea Dismissal,Felony Cases Plead Guilty,Total Felony Cases Disposed,Percent of felony referrals declined,Percent of felony cases dismissed after filing
2017,941,368,1309,5,136,95,32,90,557,915,28.11306341,10.38251366
2018,1070,414,1484,5,135,135,18,110,549,952,27.89757412,14.18067227
2019,1163,332,1495,2,130,135,26,98,624,1015,22.20735786,13.30049261
2020,919,260,1179,3,103,114,25,74,505,824,22.05258694,13.83495146
2021,861,258,1119,4,115,123,20,57,535,854,23.05630027,14.4028103
2022,804,286,1090,5,98,87,15,77,499,781,26.23853211,11.13956466
2023,683,209,892,4,84,105,12,56,389,650,23.43049327,16.15384615
2024,359,68,427,0,51,64,3,24,166,308,15.92505855,20.77922078
