Referral Year,Filed,Declined,Total Felony Referrals,Percent Declined
2017.0,943.0,369.0,1312.0,28.125
2018.0,1072.0,414.0,1486.0,27.86002692
2019.0,1163.0,331.0,1494.0,22.15528782
2020.0,922.0,255.0,1177.0,21.66525064
2021.0,861.0,251.0,1112.0,22.57194245
2022.0,808.0,248.0,1056.0,23.48484848
