Referral Year,Felony Referrals Filed,Felony Referrals Not Filed,Total Felony Referrals,Felony Cases Acquitted,Felony Cases Deferred,Felony Cases Dismissed,Felony Cases Diverted,Felony Cases Found Guilty,Felony Cases Plea Dismissal,Felony Cases Plead Guilty,Total Felony Cases Disposed,Percent of felony referrals declined,Percent of felony cases dismissed after filing
2017,943,369,1312,5,137,96,0,32,90,557,917,28.125,10.46892039
2018,1072,414,1486,5,135,135,1,18,110,551,955,27.86002692,14.13612565
2019,1163,332,1495,2,130,134,2,26,97,623,1014,22.20735786,13.21499014
2020,922,258,1180,3,104,112,2,25,73,505,824,21.86440678,13.59223301
2021,861,255,1116,4,113,122,1,19,56,534,849,22.84946237,14.36984688
2022,808,274,1082,5,96,85,9,15,77,499,786,25.32347505,10.81424936
2023,682,175,857,4,80,100,8,9,53,382,636,20.42007001,15.72327044
