Referral Year,Hispanic Felony Referrals Filed,Hispanic Felony Referrals Not Filed,Hispanic Total Felony Referrals,White Felony Referrals Filed,White Felony Referrals Not Filed,White Total Felony Referrals,Percent of cases involving Hispanic defendants declined,Percent of cases involving White defendants declined
2020,199,55,254,675,177,852,21.65354331,20.77464789
2021,181,52,233,633,181,814,22.31759657,22.23587224
2022,166,60,226,598,205,803,26.54867257,25.52926526
2023,169,49,218,482,177,659,22.47706422,26.85887709
2024,164,31,195,531,146,677,15.8974359,21.56573117
2025,181,25,206,443,105,548,12.13592233,19.16058394
