Referral Year,Felony Referrals Filed,Felony Referrals Not Filed,Total Felony Referrals,Felony Cases Acquitted,Felony Cases Deferred,Felony Cases Dismissed,Felony Cases Found Guilty,Felony Cases Plea Dismissal,Felony Cases Plead Guilty,Total Felony Cases Disposed,Percent of felony referrals declined,Percent of felony cases dismissed after filing
2017,940,370,1310,5,137,95,32,90,557,916,28.24427481,10.37117904
2018,1070,414,1484,5,135,134,18,112,549,953,27.89757412,14.06086044
2019,1163,334,1497,2,131,135,27,98,625,1018,22.31128925,13.26129666
2020,919,260,1179,3,103,115,27,75,507,830,22.05258694,13.85542169
2021,860,262,1122,4,116,125,21,57,541,864,23.35115865,14.46759259
2022,804,290,1094,5,97,87,16,77,499,781,26.50822669,11.13956466
2023,683,232,915,4,95,105,14,57,397,672,25.35519126,15.625
2024,730,180,910,3,115,126,11,48,351,654,19.78021978,19.26605505
2025,336,69,405,0,47,42,7,16,161,273,17.03703704,15.38461538
