Referral Year,Filed,Declined,Total Felony Referrals,Percent Declined
2017,943,369,1312,28.125
2018,1072,414,1486,27.86002692
2019,1163,332,1495,22.20735786
2020,922,256,1178,21.73174873
2021,861,254,1115,22.78026906
2022,808,264,1072,24.62686567
