Disposition Year,Black Cases Deferred,Black Cases Not Deferred,Black Total Cases Disposed,Hispanic Cases Deferred,Hispanic Cases Not Deferred,Hispanic Total Cases Disposed,White Cases Deferred,White Cases Not Deferred,White Total Cases Disposed,Percent of Black defendants deferred,Percent of Hispanic defendants deferred,Percent of White defendants deferred
2017,0,14,14,5,27,32,148,517,665,,15.625,22.2556391
2018,4,29,33,5,30,35,119,553,672,12.12121212,14.28571429,17.70833333
2019,3,31,34,9,40,49,115,543,658,8.823529412,18.36734694,17.47720365
2020,2,15,17,15,40,55,104,362,466,,27.27272727,22.31759657
2021,5,28,33,22,93,115,107,419,526,15.15151515,19.13043478,20.34220532
2022,6,13,19,22,95,117,88,255,343,,18.8034188,25.65597668