Disposition Year,Black Cases Deferred,Black Cases Not Deferred,Black Total Cases Disposed,Hispanic Cases Deferred,Hispanic Cases Not Deferred,Hispanic Total Cases Disposed,White Cases Deferred,White Cases Not Deferred,White Total Cases Disposed,Percent of Black defendants deferred,Percent of Hispanic defendants deferred,Percent of White defendants deferred
2019,3,33,36,17,124,141,107,470,577,8.333333333,12.05673759,18.54419411
2020,2,17,19,29,99,128,87,336,423,,22.65625,20.56737589
2021,5,31,36,30,155,185,102,402,504,13.88888889,16.21621622,20.23809524
2022,8,24,32,43,184,227,122,359,481,25,18.94273128,25.36382536
2023,2,23,25,35,171,206,109,306,415,8,16.99029126,26.26506024
2024,1,3,4,7,34,41,20,46,66,,17.07317073,30.3030303
