Disposition Year,Black Cases Deferred,Black Cases Not Deferred,Black Total Cases Disposed,Hispanic Cases Deferred,Hispanic Cases Not Deferred,Hispanic Total Cases Disposed,White Cases Deferred,White Cases Not Deferred,White Total Cases Disposed,Percent of Black defendants deferred,Percent of Hispanic defendants deferred,Percent of White defendants deferred
2017,0,13,13,24,98,122,131,448,579,,19.67213115,22.62521589
2018,4,29,33,17,117,134,113,476,589,12.12121212,12.68656716,19.18505942
2019,3,32,35,16,130,146,106,481,587,8.571428571,10.95890411,18.05792164
2020,2,17,19,29,98,127,89,331,420,,22.83464567,21.19047619
2021,5,31,36,29,154,183,100,407,507,13.88888889,15.84699454,19.72386588
2022,8,24,32,41,187,228,119,367,486,25,17.98245614,24.48559671
2023,2,23,25,32,163,195,98,301,399,8,16.41025641,24.56140351
