Disposition Year,Black Cases Deferred,Black Cases Not Deferred,Black Total Cases Disposed,Hispanic Cases Deferred,Hispanic Cases Not Deferred,Hispanic Total Cases Disposed,White Cases Deferred,White Cases Not Deferred,White Total Cases Disposed,Percent of Black defendants deferred,Percent of Hispanic defendants deferred,Percent of White defendants deferred
2019,3,34,37,16,130,146,108,464,572,8.108108108,10.95890411,18.88111888
2020,2,17,19,30,99,129,86,336,422,10.52631579,23.25581395,20.37914692
2021,5,31,36,31,155,186,100,400,500,13.88888889,16.66666667,20
2022,8,25,33,44,184,228,121,359,480,24.24242424,19.29824561,25.20833333
2023,2,23,25,34,168,202,110,306,416,8,16.83168317,26.44230769
2024,11,24,35,39,140,179,77,231,308,31.42857143,21.7877095,25
