Disposition Year,Black Cases Deferred,Black Cases Not Deferred,Black Total Cases Disposed,Hispanic Cases Deferred,Hispanic Cases Not Deferred,Hispanic Total Cases Disposed,White Cases Deferred,White Cases Not Deferred,White Total Cases Disposed,Percent of Black defendants deferred,Percent of Hispanic defendants deferred,Percent of White defendants deferred
2017,0,13,13,24,98,122,131,447,578,,19.67213115,22.66435986
2018,4,29,33,17,116,133,113,478,591,12.12121212,12.78195489,19.12013536
2019,3,32,35,18,124,142,105,469,574,8.571428571,12.67605634,18.29268293
2020,2,17,19,29,98,127,95,331,426,,22.83464567,22.30046948
2021,5,31,36,32,152,184,106,395,501,13.88888889,17.39130435,21.15768463
2022,8,24,32,45,182,227,123,357,480,25,19.82378855,25.625
2023,2,18,20,28,126,154,82,213,295,10,18.18181818,27.79661017
