Disposition Year,Black Cases Deferred,Black Cases Not Deferred,Black Total Cases Disposed,Hispanic Cases Deferred,Hispanic Cases Not Deferred,Hispanic Total Cases Disposed,White Cases Deferred,White Cases Not Deferred,White Total Cases Disposed,Percent of Black defendants deferred,Percent of Hispanic defendants deferred,Percent of White defendants deferred
2019,3,33,36,16,129,145,108,465,573,8.333333333,11.03448276,18.84816754
2020,2,17,19,30,99,129,86,336,422,10.52631579,23.25581395,20.37914692
2021,5,31,36,31,155,186,101,401,502,13.88888889,16.66666667,20.11952191
2022,8,24,32,44,184,228,121,360,481,25,19.29824561,25.15592516
2023,2,23,25,34,168,202,110,307,417,8,16.83168317,26.37889688
2024,9,16,25,28,105,133,62,168,230,36,21.05263158,26.95652174
