Disposition Year,Black Cases Deferred,Black Cases Not Deferred,Black Total Cases Disposed,Hispanic Cases Deferred,Hispanic Cases Not Deferred,Hispanic Total Cases Disposed,White Cases Deferred,White Cases Not Deferred,White Total Cases Disposed,Percent of Black defendants deferred,Percent of Hispanic defendants deferred,Percent of White defendants deferred
2019,3,33,36,16,126,142,108,467,575,8.333333333,11.26760563,18.7826087
2020,2,17,19,29,99,128,87,336,423,,22.65625,20.56737589
2021,5,31,36,30,156,186,102,401,503,13.88888889,16.12903226,20.27833002
2022,8,24,32,43,184,227,122,359,481,25,18.94273128,25.36382536
2023,2,23,25,34,169,203,110,307,417,8,16.74876847,26.37889688
2024,8,12,20,17,72,89,48,95,143,40,19.1011236,33.56643357
