Disposition Year,Black Cases Deferred,Black Cases Not Deferred,Black Total Cases Disposed,Hispanic Cases Deferred,Hispanic Cases Not Deferred,Hispanic Total Cases Disposed,White Cases Deferred,White Cases Not Deferred,White Total Cases Disposed,Percent of Black defendants deferred,Percent of Hispanic defendants deferred,Percent of White defendants deferred
2019,3,34,37,15,132,147,109,464,573,8.108108108,10.20408163,19.02268761
2020,2,17,19,28,99,127,88,336,424,10.52631579,22.04724409,20.75471698
2021,5,31,36,32,158,190,99,397,496,13.88888889,16.84210526,19.95967742
2022,8,25,33,41,187,228,124,357,481,24.24242424,17.98245614,25.77962578
2023,2,23,25,34,168,202,110,306,416,8,16.83168317,26.44230769
2024,11,24,35,41,148,189,80,239,319,31.42857143,21.69312169,25.07836991
2025,3,2,5,11,77,88,35,132,167,,12.5,20.95808383
