Disposition Year,Black Cases Deferred,Black Cases Not Deferred,Black Total Cases Disposed,Hispanic Cases Deferred,Hispanic Cases Not Deferred,Hispanic Total Cases Disposed,White Cases Deferred,White Cases Not Deferred,White Total Cases Disposed,Percent of Black defendants deferred,Percent of Hispanic defendants deferred,Percent of White defendants deferred
2017,0,14,14,23,98,121,132,446,578,,19.00826446,22.83737024
2018,4,29,33,17,113,130,112,479,591,12.12121212,13.07692308,18.95093063
2019,3,32,35,19,121,140,104,472,576,8.571428571,13.57142857,18.05555556
2020,2,17,19,29,96,125,92,330,422,,23.2,21.80094787
2021,5,31,36,32,149,181,106,395,501,13.88888889,17.67955801,21.15768463
2022,8,24,32,45,178,223,122,351,473,25,20.1793722,25.79281184
2023,2,10,12,20,96,116,49,171,220,,17.24137931,22.27272727
