Disposition Year,Black Cases Deferred,Black Cases Not Deferred,Black Total Cases Disposed,Hispanic Cases Deferred,Hispanic Cases Not Deferred,Hispanic Total Cases Disposed,White Cases Deferred,White Cases Not Deferred,White Total Cases Disposed,Percent of Black defendants deferred,Percent of Hispanic defendants deferred,Percent of White defendants deferred
2020,2,17,19,28,100,128,88,335,423,10.52631579,21.875,20.80378251
2021,5,31,36,30,158,188,101,397,498,13.88888889,15.95744681,20.2811245
2022,9,25,34,41,188,229,123,354,477,26.47058824,17.90393013,25.78616352
2023,2,23,25,32,167,199,113,305,418,8,16.08040201,27.03349282
2024,11,25,36,39,146,185,82,239,321,30.55555556,21.08108108,25.54517134
2025,8,9,17,36,146,182,76,285,361,,19.78021978,21.05263158
