Disposition Year,Black Cases Deferred,Black Cases Not Deferred,Black Total Cases Disposed,Hispanic Cases Deferred,Hispanic Cases Not Deferred,Hispanic Total Cases Disposed,White Cases Deferred,White Cases Not Deferred,White Total Cases Disposed,Percent of Black defendants deferred,Percent of Hispanic defendants deferred,Percent of White defendants deferred
2017.0,0.0,14.0,14.0,22.0,99.0,121.0,133.0,445.0,578.0,,18.18181818,23.01038062
2018.0,4.0,29.0,33.0,16.0,110.0,126.0,113.0,480.0,593.0,12.12121212,12.6984127,19.05564924
2019.0,3.0,32.0,35.0,19.0,120.0,139.0,105.0,472.0,577.0,8.571428571,13.66906475,18.19757366
2020.0,2.0,17.0,19.0,29.0,95.0,124.0,92.0,329.0,421.0,,23.38709677,21.85273159
2021.0,5.0,30.0,35.0,30.0,154.0,184.0,105.0,381.0,486.0,14.28571429,16.30434783,21.60493827
2022.0,8.0,19.0,27.0,45.0,174.0,219.0,121.0,336.0,457.0,,20.54794521,26.47702407
2023.0,1.0,7.0,8.0,8.0,40.0,48.0,26.0,104.0,130.0,,16.66666667,20.0
