Disposition Year,Black Cases Deferred,Black Cases Not Deferred,Black Total Cases Disposed,Hispanic Cases Deferred,Hispanic Cases Not Deferred,Hispanic Total Cases Disposed,White Cases Deferred,White Cases Not Deferred,White Total Cases Disposed,Percent of Black defendants deferred,Percent of Hispanic defendants deferred,Percent of White defendants deferred
2019,3,34,37,16,130,146,108,466,574,8.108108108,10.95890411,18.81533101
2020,2,17,19,30,99,129,86,336,422,10.52631579,23.25581395,20.37914692
2021,5,31,36,32,156,188,99,398,497,13.88888889,17.0212766,19.9195171
2022,8,25,33,42,183,225,123,360,483,24.24242424,18.66666667,25.46583851
2023,2,23,25,34,167,201,110,307,417,8,16.91542289,26.37889688
2024,11,24,35,41,149,190,80,238,318,31.42857143,21.57894737,25.1572327
2025,3,0,3,6,51,57,13,73,86,100,10.52631579,15.11627907
