Disposition Year,Black Plea to Lesser Charge,Black No Plea to Lesser Charge,Black Total Guilty Pleas,Hispanic Plea to Lesser Charge,Hispanic No Plea to Lesser Charge,Hispanic Total Guilty Pleas,White Plea to Lesser Charge,White No Plea to Lesser Charge,White Total Guilty Pleas,Percent of Black defendants pleading to a lesser charge,Percent of Hispanic defendants pleading to a lesser charge,Percent of White defendants pleading to a lesser charge
2019,35,43,78,368,461,829,559,672,1231,44.87179487,44.39083233,45.41023558
2020,39,28,67,217,360,577,368,512,880,58.20895522,37.60831889,41.81818182
2021,25,56,81,211,327,538,369,555,924,30.86419753,39.21933086,39.93506494
2022,27,23,50,188,393,581,322,508,830,54,32.35800344,38.79518072
2023,23,27,50,213,387,600,304,457,761,46,35.5,39.94743758
2024,19,31,50,171,411,582,307,474,781,38,29.3814433,39.30857875
