Disposition Year,Black Plea to Lesser Charge,Black No Plea to Lesser Charge,Black Total Guilty Pleas,Hispanic Plea to Lesser Charge,Hispanic No Plea to Lesser Charge,Hispanic Total Guilty Pleas,White Plea to Lesser Charge,White No Plea to Lesser Charge,White Total Guilty Pleas,Percent of Black defendants pleading to a lesser charge,Percent of Hispanic defendants pleading to a lesser charge,Percent of White defendants pleading to a lesser charge
2019,35,43,78,366,463,829,562,669,1231,44.87179487,44.1495778,45.65393989
2020,39,28,67,217,361,578,368,511,879,58.20895522,37.5432526,41.86575654
2021,25,56,81,212,332,544,368,550,918,30.86419753,38.97058824,40.08714597
2022,27,23,50,190,394,584,320,508,828,54,32.53424658,38.647343
2023,23,27,50,214,385,599,303,457,760,46,35.72621035,39.86842105
2024,20,31,51,178,419,597,314,481,795,39.21568627,29.81574539,39.49685535
2025,5,8,13,38,76,114,52,119,171,,33.33333333,30.40935673
