Disposition Year,Black Plea to Lesser Charge,Black No Plea to Lesser Charge,Black Total Guilty Pleas,Hispanic Plea to Lesser Charge,Hispanic No Plea to Lesser Charge,Hispanic Total Guilty Pleas,White Plea to Lesser Charge,White No Plea to Lesser Charge,White Total Guilty Pleas,Percent of Black defendants pleading to a lesser charge,Percent of Hispanic defendants pleading to a lesser charge,Percent of White defendants pleading to a lesser charge
2019,35,43,78,366,463,829,562,668,1230,44.87179487,44.1495778,45.69105691
2020,38,28,66,220,362,582,366,509,875,57.57575758,37.80068729,41.82857143
2021,25,56,81,213,331,544,367,551,918,30.86419753,39.15441176,39.97821351
2022,28,23,51,189,394,583,322,508,830,54.90196078,32.41852487,38.79518072
2023,23,27,50,213,384,597,304,457,761,46,35.67839196,39.94743758
2024,21,32,53,180,422,602,316,476,792,39.62264151,29.90033223,39.8989899
2025,12,21,33,87,158,245,121,230,351,36.36363636,35.51020408,34.47293447
