Disposition Year,Black Plea to Lesser Charge,Black No Plea to Lesser Charge,Black Total Guilty Pleas,Hispanic Plea to Lesser Charge,Hispanic No Plea to Lesser Charge,Hispanic Total Guilty Pleas,White Plea to Lesser Charge,White No Plea to Lesser Charge,White Total Guilty Pleas,Percent of Black defendants pleading to a lesser charge,Percent of Hispanic defendants pleading to a lesser charge,Percent of White defendants pleading to a lesser charge
2019,35,42,77,367,456,823,560,678,1238,45.45454545,44.59295261,45.23424879
2020,38,28,66,217,356,573,369,516,885,57.57575758,37.87085515,41.69491525
2021,25,56,81,208,324,532,372,556,928,30.86419753,39.09774436,40.0862069
2022,28,23,51,187,393,580,322,509,831,54.90196078,32.24137931,38.74849579
2023,23,28,51,214,386,600,305,458,763,45.09803922,35.66666667,39.97378768
2024,10,27,37,126,306,432,233,353,586,27.02702703,29.16666667,39.76109215
