Disposition Year,Black Plea to Lesser Charge,Black No Plea to Lesser Charge,Black Total Guilty Pleas,Hispanic Plea to Lesser Charge,Hispanic No Plea to Lesser Charge,Hispanic Total Guilty Pleas,White Plea to Lesser Charge,White No Plea to Lesser Charge,White Total Guilty Pleas,Percent of Black defendants pleading to a lesser charge,Percent of Hispanic defendants pleading to a lesser charge,Percent of White defendants pleading to a lesser charge
2019,34,42,76,367,457,824,561,676,1237,44.73684211,44.53883495,45.35165724
2020,38,29,67,217,359,576,366,519,885,56.71641791,37.67361111,41.3559322
2021,24,55,79,208,318,526,374,563,937,30.37974684,39.54372624,39.91462113
2022,28,23,51,188,394,582,321,508,829,54.90196078,32.3024055,38.72135103
2023,25,30,55,213,377,590,306,463,769,45.45454545,36.10169492,39.79193758
2024,4,10,14,33,94,127,60,108,168,,25.98425197,35.71428571
