Disposition Year,Black Plea to Lesser Charge,Black No Plea to Lesser Charge,Black Total Guilty Pleas,Hispanic Plea to Lesser Charge,Hispanic No Plea to Lesser Charge,Hispanic Total Guilty Pleas,White Plea to Lesser Charge,White No Plea to Lesser Charge,White Total Guilty Pleas,Percent of Black defendants pleading to a lesser charge,Percent of Hispanic defendants pleading to a lesser charge,Percent of White defendants pleading to a lesser charge
2020,36,28,64,222,361,583,367,513,880,56.25,38.07890223,41.70454545
2021,25,56,81,211,329,540,368,553,921,30.86419753,39.07407407,39.95656895
2022,26,24,50,190,391,581,323,511,834,52,32.70223752,38.72901679
2023,23,27,50,214,380,594,304,461,765,46,36.02693603,39.73856209
2024,21,31,52,181,423,604,314,475,789,40.38461538,29.96688742,39.79721166
2025,19,38,57,191,336,527,255,464,719,33.33333333,36.24288425,35.4659249
