Disposition Year,Black Plea to Lesser Charge,Black No Plea to Lesser Charge,Black Total Guilty Pleas,Hispanic Plea to Lesser Charge,Hispanic No Plea to Lesser Charge,Hispanic Total Guilty Pleas,White Plea to Lesser Charge,White No Plea to Lesser Charge,White Total Guilty Pleas,Percent of Black defendants pleading to a lesser charge,Percent of Hispanic defendants pleading to a lesser charge,Percent of White defendants pleading to a lesser charge
2019,35,42,77,367,456,823,559,678,1237,45.45454545,44.59295261,45.18997575
2020,38,28,66,217,359,576,366,516,882,57.57575758,37.67361111,41.49659864
2021,25,56,81,208,321,529,373,560,933,30.86419753,39.3194707,39.97856377
2022,28,23,51,187,395,582,322,509,831,54.90196078,32.13058419,38.74849579
2023,23,28,51,215,386,601,304,457,761,45.09803922,35.77371048,39.94743758
2024,7,18,25,80,193,273,150,223,373,28,29.3040293,40.21447721
