Disposition Year,Non-White Victim Cases Dismissed,Non-White Victim Cases Not Dismissed,Non-White Victim Total Cases,White Victim Cases Dismissed,White Victim Cases Not Dismissed,White Victim Cases Total,Percent of cases dismissed involving non-white victims,Percent of cases dismissed involving white victims
2019,56,172,228,42,156,198,24.56140351,21.21212121
2020,33,132,165,40,111,151,20,26.49006623
2021,48,174,222,35,135,170,21.62162162,20.58823529
2022,36,160,196,49,130,179,18.36734694,27.37430168
2023,86,242,328,95,164,259,26.2195122,36.67953668
2024,94,284,378,132,286,418,24.86772487,31.57894737
