Disposition Year,Non-White Victim Cases Dismissed,Non-White Victim Cases Not Dismissed,Non-White Victim Total Cases,White Victim Cases Dismissed,White Victim Cases Not Dismissed,White Victim Cases Total,Percent of cases dismissed involving non-white victims,Percent of cases dismissed involving white victims
2019,56,169,225,42,156,198,24.88888889,21.21212121
2020,32,129,161,40,111,151,19.8757764,26.49006623
2021,46,155,201,32,126,158,22.88557214,20.25316456
2022,36,140,176,47,117,164,20.45454545,28.65853659
2023,56,143,199,72,91,163,28.14070352,44.17177914
2024,11,33,44,26,51,77,25,33.76623377
