Filing Year,White Victim,NonWhite Victim,Total,Percent involving a white victim,Percent involving a non-white victim
2019,30,48,78,38.46153846,61.53846154
2020,34,48,82,41.46341463,58.53658537
2021,26,47,73,35.61643836,64.38356164
2022,28,29,57,49.12280702,50.87719298
2023,45,45,90,50,50
2024,32,41,73,43.83561644,56.16438356
2025,20,14,34,58.82352941,41.17647059
