Filing Quarter,Missing,Highest income zip code cases filed,Lowest income zip code cases filed,Middle income quintile cases filed,Total Cases Filed,Percent of violent crimes occuring in highest income zip codes,Percent of violent crimes occuring in lowest income zip codes
2017,1,13,10,26,50,26,20
2018,1,12,17,39,69,17.39130435,24.63768116
2019,0,14,9,54,77,18.18181818,11.68831169
2020,2,12,17,51,82,14.63414634,20.73170732
2021,1,9,14,48,72,12.5,19.44444444
2022,2,6,6,43,57,10.52631579,10.52631579
2023,5,13,18,56,92,14.13043478,19.56521739
