Filing Year,White Victim,NonWhite Victim,Total,Percent involving a white victim,Percent involving a non-white victim
2019,30,48,78,38.46153846,61.53846154
2020,34,48,82,41.46341463,58.53658537
2021,26,46,72,36.11111111,63.88888889
2022,28,29,57,49.12280702,50.87719298
2023,45,45,90,50,50
2024,28,34,62,45.16129032,54.83870968
