Disposition Year,Non-White Victim Cases Dismissed,Non-White Victim Cases Not Dismissed,Non-White Victim Total Cases,White Victim Cases Dismissed,White Victim Cases Not Dismissed,White Victim Cases Total,Percent of cases dismissed involving non-white victims,Percent of cases dismissed involving white victims
2019,56,173,229,42,156,198,24.45414847,21.21212121
2020,33,133,166,40,111,151,19.87951807,26.49006623
2021,48,184,232,37,139,176,20.68965517,21.02272727
2022,38,171,209,54,136,190,18.18181818,28.42105263
2023,88,249,337,94,170,264,26.11275964,35.60606061
2024,96,282,378,134,284,418,25.3968254,32.05741627
2025,38,162,200,39,127,166,19,23.4939759
