Disposition Year,Non-White Victim Cases Dismissed,Non-White Victim Cases Not Dismissed,Non-White Victim Total Cases,White Victim Cases Dismissed,White Victim Cases Not Dismissed,White Victim Cases Total,Percent of cases dismissed involving non-white victims,Percent of cases dismissed involving white victims
2019,56,169,225,42,156,198,24.88888889,21.21212121
2020,32,129,161,40,111,151,19.8757764,26.49006623
2021,46,164,210,33,130,163,21.9047619,20.24539877
2022,36,154,190,47,124,171,18.94736842,27.48538012
2023,87,235,322,95,159,254,27.01863354,37.4015748
2024,71,203,274,101,212,313,25.91240876,32.26837061
