Disposition Year,Highest Income Neighborhood Incarceration,Highest Income Neighborhood No Incarceration,Highest Income Neighborhood Total Cases,Lowest Income Neighborhood Incarceration,Lowest Income Neighborhood No Incarceration,Lowest Income Neighborhood Total Cases,Percent of cases from highest income zip code incarcerated,Percent of cases from lowest income zip code incarcerated
2017.0,104.0,73.0,177.0,123.0,101.0,224.0,58.75706215,54.91071429
2018.0,129.0,85.0,214.0,150.0,109.0,259.0,60.28037383,57.91505792
2019.0,105.0,115.0,220.0,146.0,133.0,279.0,47.72727273,52.3297491
2020.0,74.0,68.0,142.0,116.0,103.0,219.0,52.11267606,52.96803653
2021.0,64.0,75.0,139.0,114.0,90.0,204.0,46.04316547,55.88235294
2022.0,66.0,57.0,123.0,108.0,81.0,189.0,53.65853659,57.14285714
2023.0,12.0,25.0,37.0,18.0,26.0,44.0,32.43243243,40.90909091
