Disposition Year,Black Incarceration,Black No Incarceration,Black Total,Hispanic Incarceration,Hispanic No Incarceration,Hispanic Total,White Incarceration,White No Incarceration,White Total,Percent of Black defendants incarcerated,Percent of Hispanic defendants incarcerated,Percent of White defendants incarcerated
2020,39,27,66,162,133,295,452,414,866,59.09090909,54.91525424,52.19399538
2021,39,25,64,140,109,249,439,377,816,60.9375,56.2248996,53.79901961
2022,43,19,62,158,80,238,406,267,673,69.35483871,66.38655462,60.3268945
2023,28,29,57,168,108,276,390,231,621,49.12280702,60.86956522,62.80193237
2024,21,19,40,168,105,273,322,239,561,52.5,61.53846154,57.39750446
2025,27,31,58,156,126,282,332,309,641,46.55172414,55.31914894,51.79407176
