Disposition Year,Black No Pretrial,Black Pretrial,Black Total Cases,Hispanic No Pretrial,Hispanic Pretrial,Hispanic Total Cases,White No Pretrial,White Pretrial,White Total Cases,Percent of Black defendants detained pretrial,Percent of Hispanic defendants detained pretrial,Percent of White defendants detained pretrial
2017.0,163.0,75.0,238.0,665.0,276.0,941.0,2860.0,1163.0,4023.0,31.51260504,29.33049947,28.90877455
2018.0,178.0,79.0,257.0,761.0,303.0,1064.0,3109.0,1104.0,4213.0,30.73929961,28.47744361,26.20460479
2019.0,187.0,75.0,262.0,830.0,331.0,1161.0,3112.0,1007.0,4119.0,28.6259542,28.50990525,24.44768148
2020.0,135.0,73.0,208.0,650.0,267.0,917.0,2163.0,841.0,3004.0,35.09615385,29.11668484,27.99600533
2021.0,123.0,95.0,218.0,698.0,323.0,1021.0,2312.0,938.0,3250.0,43.57798165,31.63565132,28.86153846
2022.0,130.0,81.0,211.0,631.0,366.0,997.0,2087.0,992.0,3079.0,38.38862559,36.71013039,32.21825268
2023.0,34.0,11.0,45.0,166.0,67.0,233.0,460.0,192.0,652.0,24.44444444,28.75536481,29.44785276
