,Fine/ Comm. Serv/ Fee,Credit for time served,Probation,Probation plus Jail,Jail,Comm. Corr.,Youth Corr.,Prison
Sentences in 2022,1484,408,2534,311,495,188,34,295
Change since 2021,-12.85965942,66.53061224,-0.118249902,-28.83295195,-5.893536122,-7.389162562,0,9.259259259
