Disposition Year,Black Incarceration,Black No Incarceration,Black Total,Hispanic Incarceration,Hispanic No Incarceration,Hispanic Total,White Incarceration,White No Incarceration,White Total,Percent of Black defendants incarcerated,Percent of Hispanic defendants incarcerated,Percent of White defendants incarcerated
2017,39,33,72,168,110,278,669,441,1110,54.16666667,60.43165468,60.27027027
2018,41,40,81,173,108,281,704,588,1292,50.61728395,61.5658363,54.48916409
2019,39,41,80,181,154,335,653,560,1213,48.75,54.02985075,53.83347073
2020,40,30,70,156,133,289,452,417,869,57.14285714,53.97923875,52.01380898
2021,42,27,69,139,112,251,431,377,808,60.86956522,55.37848606,53.34158416
2022,42,20,62,155,87,242,401,275,676,67.74193548,64.04958678,59.31952663
2023,23,35,58,145,134,279,350,275,625,39.65517241,51.97132616,56
