Disposition Year,Black Incarceration,Black No Incarceration,Black Total,Hispanic Incarceration,Hispanic No Incarceration,Hispanic Total,White Incarceration,White No Incarceration,White Total,Percent of Black defendants incarcerated,Percent of Hispanic defendants incarcerated,Percent of White defendants incarcerated
2017,39,33,72,170,109,279,668,442,1110,54.16666667,60.93189964,60.18018018
2018,41,40,81,172,108,280,707,587,1294,50.61728395,61.42857143,54.63678516
2019,37,41,78,182,153,335,654,560,1214,47.43589744,54.32835821,53.87149918
2020,40,30,70,156,133,289,453,415,868,57.14285714,53.97923875,52.18894009
2021,42,27,69,137,112,249,433,378,811,60.86956522,55.02008032,53.39087546
2022,42,20,62,157,85,242,402,274,676,67.74193548,64.87603306,59.46745562
2023,26,32,58,163,117,280,371,249,620,44.82758621,58.21428571,59.83870968
2024,0,11,11,26,51,77,34,98,132,,33.76623377,25.75757576
