Disposition Year,Private Attorney Incarceration,Private Attorney No Incarceration,Private Attorney Total Cases,Public Defender Incarceration,Public Defender No Incarceration,Public Defender Total Cases,Percent of cases with a private attorney incarcerated,Percent of cases with a public defender incarcerated
2017.0,248.0,155.0,403.0,421.0,310.0,731.0,61.53846154,57.59233926
2018.0,315.0,228.0,543.0,483.0,426.0,909.0,58.01104972,53.13531353
2019.0,323.0,256.0,579.0,504.0,472.0,976.0,55.78583765,51.63934426
2020.0,233.0,217.0,450.0,398.0,339.0,737.0,51.77777778,54.0027137
2021.0,288.0,207.0,495.0,320.0,305.0,625.0,58.18181818,51.2
2022.0,226.0,153.0,379.0,358.0,247.0,605.0,59.63060686,59.17355372
2023.0,40.0,55.0,95.0,63.0,97.0,160.0,42.10526316,39.375
