,Fine/ Comm. Serv/ Fee,Credit for time served,Probation,Probation plus Jail,Jail,Comm. Corr.,Youth Corr.,Prison
Sentences in 2023,2489,433,2399,282,470,140,18,213
Change since 2022,40.86021505,3.836930456,-0.908715407,-8.143322476,-7.843137255,-20.45454545,-5.263157895,-26.29757785
