Disposition Year,Private Attorney Incarceration,Private Attorney No Incarceration,Private Attorney Total Cases,Public Defender Incarceration,Public Defender No Incarceration,Public Defender Total Cases,Percent of cases with a private attorney incarcerated,Percent of cases with a public defender incarcerated
2019,349,269,618,479,453,932,56.47249191,51.39484979
2020,265,240,505,366,316,682,52.47524752,53.66568915
2021,314,231,545,294,271,565,57.6146789,52.03539823
2022,249,142,391,345,223,568,63.68286445,60.73943662
2023,199,129,328,366,248,614,60.67073171,59.60912052
2024,62,89,151,134,161,295,41.05960265,45.42372881
