Disposition Year,Black Incarceration,Black No Incarceration,Black Total,Hispanic Incarceration,Hispanic No Incarceration,Hispanic Total,White Incarceration,White No Incarceration,White Total,Percent of Black defendants incarcerated,Percent of Hispanic defendants incarcerated,Percent of White defendants incarcerated
2017,37,33,70,105,66,171,732,488,1220,52.85714286,61.40350877,60
2018,43,39,82,108,63,171,755,640,1395,52.43902439,63.15789474,54.1218638
2019,37,45,82,104,123,227,721,595,1316,45.12195122,45.81497797,54.78723404
2020,40,29,69,127,113,240,484,437,921,57.97101449,52.91666667,52.55157438
2021,42,26,68,121,100,221,437,409,846,61.76470588,54.75113122,51.65484634
2022,31,19,50,84,68,152,287,263,550,62,55.26315789,52.18181818