Disposition Year,Private Attorney Incarceration,Private Attorney No Incarceration,Private Attorney Total Cases,Public Defender Incarceration,Public Defender No Incarceration,Public Defender Total Cases,Percent of cases with a private attorney incarcerated,Percent of cases with a public defender incarcerated
2019,348,250,598,475,443,918,58.19397993,51.74291939
2020,261,225,486,368,311,679,53.7037037,54.19734904
2021,309,216,525,303,274,577,58.85714286,52.51299827
2022,239,132,371,359,229,588,64.42048518,61.05442177
2023,204,117,321,368,250,618,63.55140187,59.54692557
2024,158,130,288,351,236,587,54.86111111,59.7955707
2025,83,95,178,150,186,336,46.62921348,44.64285714
