Disposition Year,Private Attorney Incarceration,Private Attorney No Incarceration,Private Attorney Total Cases,Public Defender Incarceration,Public Defender No Incarceration,Public Defender Total Cases,Percent of cases with a private attorney incarcerated,Percent of cases with a public defender incarcerated
2019,349,270,619,479,452,931,56.3812601,51.45005371
2020,265,240,505,365,317,682,52.47524752,53.51906158
2021,316,227,543,292,271,563,58.19521179,51.86500888
2022,250,139,389,346,226,572,64.26735219,60.48951049
2023,201,124,325,367,251,618,61.84615385,59.38511327
2024,102,124,226,221,196,417,45.13274336,52.99760192
