Disposition Year,Private Attorney Incarceration,Private Attorney No Incarceration,Private Attorney Total Cases,Public Defender Incarceration,Public Defender No Incarceration,Public Defender Total Cases,Percent of cases with a private attorney incarcerated,Percent of cases with a public defender incarcerated
2019,349,250,599,475,443,918,58.26377295,51.74291939
2020,262,224,486,366,312,678,53.90946502,53.98230088
2021,313,216,529,299,275,574,59.16824197,52.09059233
2022,241,133,374,354,228,582,64.43850267,60.82474227
2023,205,119,324,364,250,614,63.27160494,59.28338762
2024,156,136,292,347,238,585,53.42465753,59.31623932
2025,34,59,93,72,101,173,36.55913978,41.61849711
