Disposition Year,Private Attorney Incarceration,Private Attorney No Incarceration,Private Attorney Total Cases,Public Defender Incarceration,Public Defender No Incarceration,Public Defender Total Cases,Percent of cases with a private attorney incarcerated,Percent of cases with a public defender incarcerated
2017,248,155,403,421,310,731,61.53846154,57.59233926
2018,315,229,544,484,425,909,57.90441176,53.24532453
2019,319,254,573,508,473,981,55.67190227,51.78389399
2020,235,219,454,397,337,734,51.76211454,54.08719346
2021,289,202,491,321,307,628,58.85947047,51.11464968
2022,227,146,373,358,247,605,60.85790885,59.17355372
2023,92,93,185,164,175,339,49.72972973,48.37758112
