Disposition Year,Black Incarceration,Black No Incarceration,Black Total,Hispanic Incarceration,Hispanic No Incarceration,Hispanic Total,White Incarceration,White No Incarceration,White Total,Percent of Black defendants incarcerated,Percent of Hispanic defendants incarcerated,Percent of White defendants incarcerated
2019,36,43,79,193,153,346,644,556,1200,45.56962025,55.78034682,53.66666667
2020,39,27,66,161,136,297,450,416,866,59.09090909,54.20875421,51.9630485
2021,39,25,64,139,108,247,442,378,820,60.9375,56.27530364,53.90243902
2022,42,20,62,157,78,235,406,268,674,67.74193548,66.80851064,60.23738872
2023,26,30,56,165,110,275,390,234,624,46.42857143,60,62.5
2024,21,19,40,167,109,276,315,241,556,52.5,60.50724638,56.65467626
2025,15,16,31,80,64,144,141,204,345,48.38709677,55.55555556,40.86956522
