Disposition Year,Private Attorney Incarceration,Private Attorney No Incarceration,Private Attorney Total Cases,Public Defender Incarceration,Public Defender No Incarceration,Public Defender Total Cases,Percent of cases with a private attorney incarcerated,Percent of cases with a public defender incarcerated
2019,348,251,599,476,443,919,58.09682805,51.79542982
2020,263,228,491,366,310,676,53.56415479,54.14201183
2021,313,218,531,298,270,568,58.94538606,52.46478873
2022,246,137,383,348,226,574,64.22976501,60.6271777
2023,205,123,328,368,249,617,62.5,59.64343598
2024,140,160,300,318,260,578,46.66666667,55.01730104
