,Fine/ Comm. Serv/ Fee,Credit for time served,Probation,Probation plus Jail,Jail,Comm. Corr.,Youth Corr.,Prison
Sentences in 2023,1752,409,2399,299,503,174,19,284
Change since 2022,15.79643093,-1.445783133,-6.325654041,-6.5625,1.411290323,-10.30927835,-44.11764706,-5.960264901
