Disposition Year,Black Incarceration,Black No Incarceration,Black Total,Hispanic Incarceration,Hispanic No Incarceration,Hispanic Total,White Incarceration,White No Incarceration,White Total,Percent of Black defendants incarcerated,Percent of Hispanic defendants incarcerated,Percent of White defendants incarcerated
2017,39,34,73,170,107,277,667,444,1111,53.42465753,61.37184116,60.0360036
2018,43,39,82,170,108,278,704,589,1293,52.43902439,61.15107914,54.44702243
2019,39,41,80,180,154,334,654,562,1216,48.75,53.89221557,53.78289474
2020,40,30,70,154,130,284,454,420,874,57.14285714,54.22535211,51.94508009
2021,42,27,69,139,111,250,431,380,811,60.86956522,55.6,53.14426634
2022,42,20,62,154,88,242,398,280,678,67.74193548,63.63636364,58.7020649
2023,16,29,45,112,111,223,260,239,499,35.55555556,50.22421525,52.10420842
