,Fine/ Comm. Serv/ Fee,Credit for time served,Probation,Probation plus Jail,Jail,Comm. Corr.,Youth Corr.,Prison
Sentences in 2022,1711,400,2321,284,497,152,20,263
Change since 2021,15.21885522,-3.147699758,-9.122944401,-10.97178683,0.404040404,-20.83333333,-41.17647059,-12.33333333
