Disposition Year,Black Incarceration,Black No Incarceration,Black Total,Hispanic Incarceration,Hispanic No Incarceration,Hispanic Total,White Incarceration,White No Incarceration,White Total,Percent of Black defendants incarcerated,Percent of Hispanic defendants incarcerated,Percent of White defendants incarcerated
2019,37,41,78,182,155,337,653,557,1210,47.43589744,54.00593472,53.96694215
2020,39,28,67,156,133,289,452,418,870,58.20895522,53.97923875,51.95402299
2021,42,25,67,134,112,246,437,378,815,62.68656716,54.47154472,53.6196319
2022,42,20,62,157,82,239,405,268,673,67.74193548,65.69037657,60.17830609
2023,27,31,58,163,112,275,384,241,625,46.55172414,59.27272727,61.44
2024,10,19,29,107,89,196,197,208,405,34.48275862,54.59183673,48.64197531
