Fine/ Comm. Serv/ Fee,Credit for time served,Probation,Probation plus Jail,Jail,Comm. Corr.,Youth Corr.,Prison
1484.0,406.0,2518.0,311.0,490.0,185.0,34.0,294.0
-12.85965942,65.71428571,-0.67061144,-28.50574713,-7.020872865,-8.415841584,0.0,9.293680297
