Disposition Year,Black Incarceration,Black No Incarceration,Black Total,Hispanic Incarceration,Hispanic No Incarceration,Hispanic Total,White Incarceration,White No Incarceration,White Total,Percent of Black defendants incarcerated,Percent of Hispanic defendants incarcerated,Percent of White defendants incarcerated
2019,36,43,79,187,153,340,650,556,1206,45.56962025,55,53.89718076
2020,39,27,66,160,136,296,451,416,867,59.09090909,54.05405405,52.01845444
2021,42,26,68,137,109,246,441,376,817,61.76470588,55.69105691,53.97796818
2022,42,20,62,157,79,236,405,268,673,67.74193548,66.52542373,60.17830609
2023,27,31,58,163,110,273,388,236,624,46.55172414,59.70695971,62.17948718
2024,22,19,41,166,113,279,309,245,554,53.65853659,59.49820789,55.77617329
2025,9,7,16,35,38,73,62,115,177,56.25,47.94520548,35.02824859
