Disposition Year,Private Attorney Incarceration,Private Attorney No Incarceration,Private Attorney Total Cases,Public Defender Incarceration,Public Defender No Incarceration,Public Defender Total Cases,Percent of cases with a private attorney incarcerated,Percent of cases with a public defender incarcerated
2017,252,163,415,416,301,717,60.72289157,58.0195258
2018,322,242,564,476,412,888,57.09219858,53.6036036
2019,348,276,624,480,447,927,55.76923077,51.77993528
2020,265,242,507,365,314,679,52.26824458,53.75552283
2021,316,234,550,292,267,559,57.45454545,52.23613596
2022,251,149,400,338,231,569,62.75,59.40246046
2023,179,152,331,335,279,614,54.07854985,54.56026059
