Disposition Year,Black Incarceration,Black No Incarceration,Black Total,Hispanic Incarceration,Hispanic No Incarceration,Hispanic Total,White Incarceration,White No Incarceration,White Total,Percent of Black defendants incarcerated,Percent of Hispanic defendants incarcerated,Percent of White defendants incarcerated
2019,37,41,78,182,153,335,653,558,1211,47.43589744,54.32835821,53.9223782
2020,40,27,67,156,132,288,451,417,868,59.70149254,54.16666667,51.95852535
2021,42,26,68,135,112,247,435,378,813,61.76470588,54.65587045,53.50553506
2022,42,20,62,156,84,240,404,269,673,67.74193548,65,60.02971768
2023,27,31,58,163,113,276,380,245,625,46.55172414,59.05797101,60.8
2024,8,10,18,67,73,140,114,162,276,,47.85714286,41.30434783
