Disposition Year,Black Incarceration,Black No Incarceration,Black Total,Hispanic Incarceration,Hispanic No Incarceration,Hispanic Total,White Incarceration,White No Incarceration,White Total,Percent of Black defendants incarcerated,Percent of Hispanic defendants incarcerated,Percent of White defendants incarcerated
2017,39,33,72,169,107,276,668,447,1115,54.16666667,61.23188406,59.9103139
2018,43,39,82,170,106,276,700,592,1292,52.43902439,61.5942029,54.17956656
2019,39,43,82,179,153,332,651,563,1214,47.56097561,53.91566265,53.62438221
2020,40,29,69,154,127,281,455,420,875,57.97101449,54.80427046,52
2021,43,27,70,137,112,249,432,380,812,61.42857143,55.02008032,53.20197044
2022,41,21,62,154,86,240,393,285,678,66.12903226,64.16666667,57.96460177
2023,11,20,31,80,82,162,164,166,330,35.48387097,49.38271605,49.6969697
