,Fine/ Comm. Serv/ Fee,Credit for time served,Probation,Probation plus Jail,Jail,Comm. Corr.,Youth Corr.,Prison
Sentences in 2024,2500,440,2455,305,480,164,19,228
Change since 2023,41.32278123,4.784688995,0.493624023,-1.294498382,-5.882352941,-9.090909091,-5.263157895,-21.79930796
