,Fine/ Comm. Serv/ Fee,Credit for time served,Probation,Probation plus Jail,Jail,Comm. Corr.,Youth Corr.,Prison
Sentences in 2023,1739,407,2376,296,503,170,19,279
Change since 2022,15.70192947,-1.927710843,-7.223740726,-7.210031348,1.616161616,-12.37113402,-44.11764706,-7.3089701
