,Fine/ Comm. Serv/ Fee,Credit for time served,Probation,Probation plus Jail,Jail,Comm. Corr.,Youth Corr.,Prison
Sentences in 2023,1768,416,2419,303,510,176,19,285
Change since 2022,15.78258022,-0.715990453,-5.802180685,-7.055214724,2,-10.20408163,-44.11764706,-5.629139073
