Referral Year,Native American Felony Referrals Filed,Native American Felony Referrals Not Filed,Native American Total Felony Referrals,Hispanic Felony Referrals Filed,Hispanic Felony Referrals Not Filed,Hispanic Total Felony Referrals,White Felony Referrals Filed,White Felony Referrals Not Filed,White Total Felony Referrals,Percent of cases involving Native American defendants declined,Percent of cases involving Hispanic defendants declined,Percent of cases involving White defendants declined
2017,90,5,95,89,13,102,388,49,437,5.263157895,12.74509804,11.21281465
2018,86,4,90,119,11,130,507,49,556,4.444444444,8.461538462,8.81294964
2019,105,1,106,81,10,91,405,51,456,0.943396226,10.98901099,11.18421053
2020,85,3,88,103,14,117,404,38,442,3.409090909,11.96581197,8.597285068
2021,94,0,94,105,7,112,384,31,415,0,6.25,7.469879518
2022,75,0,75,82,8,90,319,36,355,0,8.888888889,10.14084507
2023,85,2,87,81,9,90,335,22,357,2.298850575,10,6.162464986
2024,24,0,24,18,0,18,84,1,85,0,0,1.176470588
