Referral Year,Filed,Declined,Total Felony Referrals,Percent Declined
2017,600,81,681,11.89427313
2018,742,75,817,9.179926561
2019,613,71,684,10.38011696
2020,615,63,678,9.292035398
2021,609,45,654,6.880733945
2022,507,51,558,9.139784946
2023,516,37,553,6.690777577
