Referral Year,Filed,Declined,Total Felony Referrals,Percent Declined
2017,605,81,686,11.80758017
2018,741,75,816,9.191176471
2019,613,71,684,10.38011696
2020,614,63,677,9.305760709
2021,609,45,654,6.880733945
2022,506,51,557,9.156193896
2023,517,41,558,7.347670251
2024,490,31,521,5.950095969
