Referral Year,Filed,Declined,Total Felony Referrals,Percent Declined
2017.0,600.0,81.0,681.0,11.89427313
2018.0,742.0,75.0,817.0,9.179926561
2019.0,614.0,71.0,685.0,10.3649635
2020.0,614.0,63.0,677.0,9.305760709
2021.0,608.0,45.0,653.0,6.891271057
2022.0,506.0,51.0,557.0,9.156193896
2023.0,131.0,7.0,138.0,5.072463768
