Referral Year,Felony Referrals Filed,Felony Referrals Not Filed,Total Felony Referrals,Felony Cases Acquitted,Felony Cases Deferred,Felony Cases Dismissed,Felony Cases Found Guilty,Felony Cases Plea Dismissal,Felony Cases Plead Guilty,Total Felony Cases Disposed,Percent of felony referrals declined,Percent of felony cases dismissed after filing
2017.0,600.0,81.0,681.0,4.0,114.0,48.0,16.0,67.0,304.0,553.0,11.89427313,8.679927667
2018.0,742.0,75.0,817.0,5.0,127.0,56.0,11.0,63.0,361.0,623.0,9.179926561,8.988764045
2019.0,614.0,71.0,685.0,6.0,107.0,63.0,10.0,91.0,353.0,630.0,10.3649635,10.0
2020.0,614.0,63.0,677.0,0.0,80.0,67.0,4.0,65.0,275.0,491.0,9.305760709,13.64562118
2021.0,608.0,45.0,653.0,2.0,93.0,59.0,5.0,55.0,283.0,497.0,6.891271057,11.87122736
2022.0,506.0,51.0,557.0,1.0,97.0,55.0,3.0,41.0,238.0,435.0,9.156193896,12.64367816
2023.0,131.0,7.0,138.0,0.0,14.0,16.0,1.0,7.0,54.0,92.0,5.072463768,17.39130435
