Referral Year,Native American Felony Referrals Filed,Native American Felony Referrals Not Filed,Native American Total Felony Referrals,Hispanic Felony Referrals Filed,Hispanic Felony Referrals Not Filed,Hispanic Total Felony Referrals,White Felony Referrals Filed,White Felony Referrals Not Filed,White Total Felony Referrals,Percent of cases involving Native American defendants declined,Percent of cases involving Hispanic defendants declined,Percent of cases involving White defendants declined
2017.0,89.0,5.0,94.0,89.0,13.0,102.0,388.0,49.0,437.0,5.319148936,12.74509804,11.21281465
2018.0,87.0,4.0,91.0,119.0,11.0,130.0,506.0,49.0,555.0,4.395604396,8.461538462,8.828828829
2019.0,105.0,1.0,106.0,79.0,10.0,89.0,407.0,51.0,458.0,0.943396226,11.23595506,11.13537118
2020.0,86.0,3.0,89.0,102.0,14.0,116.0,403.0,37.0,440.0,3.370786517,12.06896552,8.409090909
2021.0,92.0,0.0,92.0,106.0,7.0,113.0,386.0,31.0,417.0,0.0,6.194690265,7.434052758
2022.0,74.0,0.0,74.0,84.0,8.0,92.0,316.0,36.0,352.0,0.0,8.695652174,10.22727273
2023.0,25.0,0.0,25.0,20.0,3.0,23.0,83.0,3.0,86.0,0.0,13.04347826,3.488372093
