Referral Year,Filed,Declined,Total Felony Referrals,Percent Declined
2017,600,81,681,11.89427313
2018,742,74,816,9.068627451
2019,614,71,685,10.3649635
2020,614,62,676,9.171597633
2021,608,45,653,6.891271057