Referral Year,Filed,Declined,Total Felony Referrals,Percent Declined
2017,604,81,685,11.82481752
2018,742,75,817,9.179926561
2019,613,71,684,10.38011696
2020,614,63,677,9.305760709
2021,609,45,654,6.880733945
2022,505,51,556,9.172661871
2023,517,41,558,7.347670251
2024,490,32,522,6.130268199
2025,548,23,571,4.028021016
