Referral Year,Filed,Declined,Total Felony Referrals,Percent Declined
2017,605,81,686,11.80758017
2018,742,75,817,9.179926561
2019,613,71,684,10.38011696
2020,614,63,677,9.305760709
2021,610,45,655,6.870229008
2022,507,51,558,9.139784946
2023,517,41,558,7.347670251
2024,232,15,247,6.072874494
