Disposition Year,Black Plea to Lesser Charge,Black No Plea to Lesser Charge,Black Total Guilty Pleas,Hispanic Plea to Lesser Charge,Hispanic No Plea to Lesser Charge,Hispanic Total Guilty Pleas,White Plea to Lesser Charge,White No Plea to Lesser Charge,White Total Guilty Pleas,Percent of Black defendants pleading to a lesser charge,Percent of Hispanic defendants pleading to a lesser charge,Percent of White defendants pleading to a lesser charge
2019,6,15,21,26,55,81,252,230,482,28.57142857,32.09876543,52.28215768
2020,11,21,32,24,36,60,227,184,411,34.375,40,55.23114355
2021,3,26,29,17,43,60,178,201,379,10.34482759,28.33333333,46.96569921
2022,9,20,29,30,43,73,168,197,365,31.03448276,41.09589041,46.02739726
2023,14,14,28,23,28,51,135,128,263,50,45.09803922,51.33079848
2024,8,11,19,14,28,42,146,129,275,42.10526316,33.33333333,53.09090909
2025,3,8,11,8,13,21,58,49,107,,38.0952381,54.20560748
