Disposition Year,Black Plea to Lesser Charge,Black No Plea to Lesser Charge,Black Total Guilty Pleas,Hispanic Plea to Lesser Charge,Hispanic No Plea to Lesser Charge,Hispanic Total Guilty Pleas,White Plea to Lesser Charge,White No Plea to Lesser Charge,White Total Guilty Pleas,Percent of Black defendants pleading to a lesser charge,Percent of Hispanic defendants pleading to a lesser charge,Percent of White defendants pleading to a lesser charge
2019,6,15,21,26,55,81,250,230,480,28.57142857,32.09876543,52.08333333
2020,11,21,32,24,36,60,227,184,411,34.375,40,55.23114355
2021,4,26,30,17,43,60,177,201,378,13.33333333,28.33333333,46.82539683
2022,9,20,29,30,43,73,168,196,364,31.03448276,41.09589041,46.15384615
2023,14,14,28,23,28,51,135,128,263,50,45.09803922,51.33079848
2024,8,11,19,14,28,42,143,129,272,42.10526316,33.33333333,52.57352941
2025,1,6,7,0,3,3,32,27,59,,,54.23728814
