Year,IT,Prosecutors,Legal Assistants: ,Investigator,Victims Witness staff: ,Total Staff,"Percent of staff in clerical, paralegal, or general support positions"
2017.0,1.0,10.0,6.0,2.0,4.0,23.0,26.08695652
2018.0,1.0,10.0,6.0,2.0,4.0,23.0,26.08695652
2019.0,1.0,10.0,6.0,2.0,4.0,23.0,26.08695652
2020.0,1.0,10.0,6.0,2.0,4.0,23.0,26.08695652
2021.0,1.0,10.0,6.0,2.0,4.0,23.0,26.08695652
2022.0,1.0,10.0,6.0,2.0,4.0,23.0,26.08695652
