Disposition Year,Non-White Victim Cases Dismissed,Non-White Victim Cases Not Dismissed,Non-White Victim Total Cases,White Victim Cases Dismissed,White Victim Cases Not Dismissed,White Victim Cases Total,Percent of cases dismissed involving non-white victims,Percent of cases dismissed involving white victims
2019,576,3789,4365,749,4145,4894,13.19587629,15.30445443
2020,551,2339,2890,728,2611,3339,19.06574394,21.80293501
2021,589,2772,3361,804,3318,4122,17.52454627,19.50509461
2022,528,2112,2640,971,4120,5091,20,19.0728737
2023,482,1945,2427,1023,4298,5321,19.85990935,19.22570945
2024,476,1855,2331,1044,4513,5557,20.42042042,18.78711535
2025,123,449,572,353,1065,1418,21.5034965,24.89421721
