Disposition Year,Non-White Victim Cases Dismissed,Non-White Victim Cases Not Dismissed,Non-White Victim Total Cases,White Victim Cases Dismissed,White Victim Cases Not Dismissed,White Victim Cases Total,Percent of cases dismissed involving non-white victims,Percent of cases dismissed involving white victims
2019,572,3787,4359,749,4142,4891,13.12227575,15.31384175
2020,584,2341,2925,719,2611,3330,19.96581197,21.59159159
2021,587,2784,3371,799,3337,4136,17.4132305,19.31818182
2022,528,2108,2636,964,4119,5083,20.03034901,18.96517804
2023,481,1934,2415,1027,4266,5293,19.91718427,19.40298507
2024,224,851,1075,501,2082,2583,20.8372093,19.3960511
