Disposition Year,Highest Income Neighbood Cases Dismissed,Highest Income Neighborhood Cases Not Dismissed,Highest Income Neighborhood Total Cases Disposed,Lowest Income Neighbood Cases Dismissed,Lowest Income Neighborhood Cases Not Dismissed,Lowest Income Neighborhood Total Cases Disposed,Percent of cases in highest income zip codes dismissed,Percent of cases in lowest income zip codes dismissed
2017.0,63.0,208.0,271.0,149.0,417.0,566.0,23.24723247,26.32508834
2018.0,64.0,214.0,278.0,160.0,444.0,604.0,23.02158273,26.49006623
2019.0,60.0,303.0,363.0,152.0,529.0,681.0,16.52892562,22.32011747
2020.0,52.0,192.0,244.0,144.0,358.0,502.0,21.31147541,28.68525896
2021.0,80.0,246.0,326.0,158.0,492.0,650.0,24.5398773,24.30769231
2022.0,78.0,249.0,327.0,178.0,485.0,663.0,23.85321101,26.84766214
2023.0,23.0,67.0,90.0,54.0,124.0,178.0,25.55555556,30.33707865
