Disposition Year,Non-White Victim Cases Dismissed,Non-White Victim Cases Not Dismissed,Non-White Victim Total Cases,White Victim Cases Dismissed,White Victim Cases Not Dismissed,White Victim Cases Total,Percent of cases dismissed involving non-white victims,Percent of cases dismissed involving white victims
2019,573,3789,4362,749,4144,4893,13.13617607,15.30758226
2020,551,2338,2889,728,2611,3339,19.07234337,21.80293501
2021,587,2775,3362,803,3324,4127,17.45984533,19.45723286
2022,526,2113,2639,971,4119,5090,19.93179235,19.07662083
2023,482,1940,2422,1024,4292,5316,19.90090834,19.26260346
2024,477,1813,2290,1041,4447,5488,20.82969432,18.96865889
