Filing Year,White Victim,NonWhite Victim,Total,Percent involving a white victim,Percent involving a non-white victim
2020,678,616,1294,52.39567233,47.60432767
2021,755,588,1343,56.21742368,43.78257632
2022,815,468,1283,63.52299299,36.47700701
2023,848,643,1491,56.87458082,43.12541918
2024,945,573,1518,62.25296443,37.74703557
2025,1021,537,1558,65.53273427,34.46726573
