Disposition Year,Highest Income Neighbood Cases Dismissed,Highest Income Neighborhood Cases Not Dismissed,Highest Income Neighborhood Total Cases Disposed,Lowest Income Neighbood Cases Dismissed,Lowest Income Neighborhood Cases Not Dismissed,Lowest Income Neighborhood Total Cases Disposed,Percent of cases in highest income zip codes dismissed,Percent of cases in lowest income zip codes dismissed
2019,60,288,348,153,470,623,17.24137931,24.55858748
2020,53,183,236,150,331,481,22.45762712,31.18503119
2021,79,235,314,160,452,612,25.15923567,26.14379085
2022,78,254,332,179,483,662,23.4939759,27.03927492
2023,81,248,329,198,514,712,24.62006079,27.80898876
2024,79,259,338,195,490,685,23.37278107,28.46715328
2025,27,55,82,62,106,168,32.92682927,36.9047619
