Disposition Year,Highest Income Neighbood Cases Dismissed,Highest Income Neighborhood Cases Not Dismissed,Highest Income Neighborhood Total Cases Disposed,Lowest Income Neighbood Cases Dismissed,Lowest Income Neighborhood Cases Not Dismissed,Lowest Income Neighborhood Total Cases Disposed,Percent of cases in highest income zip codes dismissed,Percent of cases in lowest income zip codes dismissed
2017,63,207,270,150,417,567,23.33333333,26.45502646
2018,64,214,278,161,443,604,23.02158273,26.65562914
2019,60,303,363,152,527,679,16.52892562,22.38586156
2020,52,192,244,145,359,504,21.31147541,28.76984127
2021,80,244,324,157,492,649,24.69135802,24.19106317
2022,79,250,329,177,495,672,24.01215805,26.33928571
2023,60,187,247,135,370,505,24.29149798,26.73267327
