Filing Year,White Victim,NonWhite Victim,Total,Percent involving a white victim,Percent involving a non-white victim
2019,754,639,1393,54.12778177,45.87221823
2020,679,615,1294,52.47295209,47.52704791
2021,756,587,1343,56.29188384,43.70811616
2022,820,464,1284,63.86292835,36.13707165
2023,860,626,1486,57.87348587,42.12651413
2024,231,161,392,58.92857143,41.07142857
