Filing Year,White Victim,NonWhite Victim,Total,Percent involving a white victim,Percent involving a non-white victim
2019,754,638,1392,54.16666667,45.83333333
2020,679,615,1294,52.47295209,47.52704791
2021,755,588,1343,56.21742368,43.78257632
2022,816,467,1283,63.60093531,36.39906469
2023,849,639,1488,57.05645161,42.94354839
2024,956,558,1514,63.14398943,36.85601057
