Disposition Year,Non-White Victim Cases Dismissed,Non-White Victim Cases Not Dismissed,Non-White Victim Total Cases,White Victim Cases Dismissed,White Victim Cases Not Dismissed,White Victim Cases Total,Percent of cases dismissed involving non-white victims,Percent of cases dismissed involving white victims
2017.0,543.0,2876.0,3419.0,686.0,3739.0,4425.0,15.88183679,15.50282486
2018.0,562.0,3202.0,3764.0,729.0,3424.0,4153.0,14.93092455,17.55357573
2019.0,572.0,4063.0,4635.0,749.0,4437.0,5186.0,12.34088457,14.44273043
2020.0,622.0,2532.0,3154.0,722.0,2788.0,3510.0,19.72098922,20.56980057
2021.0,593.0,2918.0,3511.0,792.0,3477.0,4269.0,16.88977499,18.55235418
2022.0,524.0,2101.0,2625.0,962.0,4110.0,5072.0,19.96190476,18.96687697
2023.0,145.0,443.0,588.0,292.0,1028.0,1320.0,24.65986395,22.12121212
