Filing Year,White Victim,NonWhite Victim,Total,Percent involving a white victim,Percent involving a non-white victim
2019,754,638,1392,54.16666667,45.83333333
2020,678,616,1294,52.39567233,47.60432767
2021,755,588,1343,56.21742368,43.78257632
2022,815,467,1282,63.5725429,36.4274571
2023,848,642,1490,56.91275168,43.08724832
2024,949,570,1519,62.47531271,37.52468729
2025,535,266,801,66.79151061,33.20848939
