Filing Year,White Victim,NonWhite Victim,Total,Percent involving a white victim,Percent involving a non-white victim
2019,754,639,1393,54.12778177,45.87221823
2020,679,615,1294,52.47295209,47.52704791
2021,756,587,1343,56.29188384,43.70811616
2022,818,466,1284,63.70716511,36.29283489
2023,853,636,1489,57.28676964,42.71323036
2024,733,413,1146,63.96160558,36.03839442
