Disposition Year,Highest Income Neighbood Cases Dismissed,Highest Income Neighborhood Cases Not Dismissed,Highest Income Neighborhood Total Cases Disposed,Lowest Income Neighbood Cases Dismissed,Lowest Income Neighborhood Cases Not Dismissed,Lowest Income Neighborhood Total Cases Disposed,Percent of cases in highest income zip codes dismissed,Percent of cases in lowest income zip codes dismissed
2017,63,184,247,151,371,522,25.50607287,28.92720307
2018,64,188,252,162,369,531,25.3968254,30.50847458
2019,60,286,346,152,477,629,17.34104046,24.16534181
2020,53,184,237,145,331,476,22.3628692,30.46218487
2021,80,237,317,157,458,615,25.23659306,25.52845528
2022,79,250,329,177,486,663,24.01215805,26.69683258
2023,81,245,326,199,508,707,24.84662577,28.14710042
2024,19,56,75,40,85,125,25.33333333,32
