Filing Year,White Victim,NonWhite Victim,Total,Percent involving a white victim,Percent involving a non-white victim
2019,754,639,1393,54.12778177,45.87221823
2020,679,615,1294,52.47295209,47.52704791
2021,756,587,1343,56.29188384,43.70811616
2022,818,466,1284,63.70716511,36.29283489
2023,856,631,1487,57.56556826,42.43443174
2024,475,284,759,62.58234519,37.41765481
