Disposition Year,Non-White Victim Cases Dismissed,Non-White Victim Cases Not Dismissed,Non-White Victim Total Cases,White Victim Cases Dismissed,White Victim Cases Not Dismissed,White Victim Cases Total,Percent of cases dismissed involving non-white victims,Percent of cases dismissed involving white victims
2017,543,2875,3418,686,3738,4424,15.88648332,15.50632911
2018,563,3202,3765,731,3422,4153,14.95351926,17.60173369
2019,572,4063,4635,749,4437,5186,12.34088457,14.44273043
2020,622,2533,3155,721,2790,3511,19.71473851,20.53545998
2021,591,2919,3510,797,3478,4275,16.83760684,18.64327485
2022,523,2121,2644,964,4129,5093,19.7806354,18.92794031
2023,255,942,1197,523,2069,2592,21.30325815,20.17746914
