Disposition Year,Non-White Victim Cases Dismissed,Non-White Victim Cases Not Dismissed,Non-White Victim Total Cases,White Victim Cases Dismissed,White Victim Cases Not Dismissed,White Victim Cases Total,Percent of cases dismissed involving non-white victims,Percent of cases dismissed involving white victims
2017,543,2874,3417,687,3738,4425,15.89113257,15.52542373
2018,562,3203,3765,730,3422,4152,14.92695883,17.58188825
2019,571,4063,4634,749,4436,5185,12.32196806,14.44551591
2020,624,2533,3157,721,2789,3510,19.76560025,20.54131054
2021,590,2917,3507,796,3479,4275,16.82349587,18.61988304
2022,526,2121,2647,966,4141,5107,19.8715527,18.91521441
2023,350,1443,1793,767,3145,3912,19.52035694,19.60633947
