Disposition Year,Non-White Victim Cases Dismissed,Non-White Victim Cases Not Dismissed,Non-White Victim Total Cases,White Victim Cases Dismissed,White Victim Cases Not Dismissed,White Victim Cases Total,Percent of cases dismissed involving non-white victims,Percent of cases dismissed involving white victims
2019,571,3787,4358,748,4147,4895,13.10234052,15.28089888
2020,584,2343,2927,719,2612,3331,19.95216946,21.58510958
2021,587,2786,3373,798,3335,4133,17.40290543,19.30800871
2022,527,2112,2639,966,4114,5080,19.96968549,19.01574803
2023,481,1916,2397,1027,4239,5266,20.0667501,19.50246867
2024,96,365,461,250,911,1161,20.82429501,21.53316107
