Disposition Year,Non-White Victim Cases Dismissed,Non-White Victim Cases Not Dismissed,Non-White Victim Total Cases,White Victim Cases Dismissed,White Victim Cases Not Dismissed,White Victim Cases Total,Percent of cases dismissed involving non-white victims,Percent of cases dismissed involving white victims
2020,548,2341,2889,729,2610,3339,18.96850121,21.8328841
2021,584,2773,3357,804,3319,4123,17.39648496,19.50036381
2022,524,2115,2639,973,4123,5096,19.85600606,19.09340659
2023,486,1961,2447,1024,4335,5359,19.86105435,19.10804255
2024,480,1894,2374,1052,4587,5639,20.2190396,18.65579003
2025,485,1870,2355,1263,4375,5638,20.59447983,22.40156084
