Filing Year,White Victim,NonWhite Victim,Total,Percent involving a white victim,Percent involving a non-white victim
2017,553,461,1014,54.53648915,45.46351085
2018,554,465,1019,54.3670265,45.6329735
2019,539,490,1029,52.38095238,47.61904762
2020,494,490,984,50.20325203,49.79674797
2021,552,452,1004,54.98007968,45.01992032
2022,569,325,894,63.64653244,36.35346756
2023,679,401,1080,62.87037037,37.12962963
