Filing Year,White Victim,NonWhite Victim,Total,Percent involving a white victim,Percent involving a non-white victim
2017,553,461,1014,54.53648915,45.46351085
2018,554,465,1019,54.3670265,45.6329735
2019,539,488,1027,52.48296008,47.51703992
2020,497,489,986,50.40567951,49.59432049
2021,555,445,1000,55.5,44.5
2022,437,208,645,67.75193798,32.24806202