Filing Year,White Victim,NonWhite Victim,Total,Percent involving a white victim,Percent involving a non-white victim
2019,754,638,1392,54.16666667,45.83333333
2020,678,616,1294,52.39567233,47.60432767
2021,755,588,1343,56.21742368,43.78257632
2022,815,467,1282,63.5725429,36.4274571
2023,849,641,1490,56.97986577,43.02013423
2024,952,565,1517,62.75543837,37.24456163
2025,276,125,401,68.82793017,31.17206983
