Disposition Year,Non-White Victim Cases Dismissed,Non-White Victim Cases Not Dismissed,Non-White Victim Total Cases,White Victim Cases Dismissed,White Victim Cases Not Dismissed,White Victim Cases Total,Percent of cases dismissed involving non-white victims,Percent of cases dismissed involving white victims
2017,545,2873,3418,679,3742,4421,15.94499707,15.35851617
2018,563,3199,3762,729,3413,4142,14.96544391,17.60019314
2019,568,4050,4618,747,4441,5188,12.29969684,14.39861218
2020,630,2525,3155,719,2783,3502,19.96830428,20.53112507
2021,596,2916,3512,798,3475,4273,16.97038724,18.6754037
2022,432,1569,2001,814,2893,3707,21.5892054,21.95845697