Filing Year,White Victim,NonWhite Victim,Total,Percent involving a white victim,Percent involving a non-white victim
2017,553,461,1014,54.53648915,45.46351085
2018,554,465,1019,54.3670265,45.6329735
2019,538,490,1028,52.33463035,47.66536965
2020,495,491,986,50.20283976,49.79716024
2021,552,449,1001,55.14485514,44.85514486
2022,568,314,882,64.39909297,35.60090703
2023,320,204,524,61.06870229,38.93129771
