Disposition Year,Non-White Victim Cases Dismissed,Non-White Victim Cases Not Dismissed,Non-White Victim Total Cases,White Victim Cases Dismissed,White Victim Cases Not Dismissed,White Victim Cases Total,Percent of cases dismissed involving non-white victims,Percent of cases dismissed involving white victims
2019,576,3789,4365,749,4146,4895,13.19587629,15.30132789
2020,551,2339,2890,729,2610,3339,19.06574394,21.8328841
2021,589,2773,3362,804,3320,4124,17.51933373,19.49563531
2022,528,2112,2640,972,4120,5092,20,19.08876669
2023,486,1951,2437,1023,4309,5332,19.94255232,19.18604651
2024,479,1871,2350,1047,4542,5589,20.38297872,18.73322598
2025,245,894,1139,670,2104,2774,21.51009658,24.15284787
