Disposition Year,Black Cases Deferred,Black Cases Not Deferred,Black Total Cases Disposed,Hispanic Cases Deferred,Hispanic Cases Not Deferred,Hispanic Total Cases Disposed,White Cases Deferred,White Cases Not Deferred,White Total Cases Disposed,Percent of Black defendants deferred,Percent of Hispanic defendants deferred,Percent of White defendants deferred
2017,15,134,149,35,260,295,334,1961,2295,10.06711409,11.86440678,14.55337691
2018,21,127,148,40,261,301,315,2114,2429,14.18918919,13.28903654,12.96829971
2019,19,143,162,52,365,417,322,2117,2439,11.72839506,12.47002398,13.20213202
2020,18,133,151,47,423,470,262,1556,1818,11.9205298,10,14.41144114
2021,18,111,129,64,402,466,226,1482,1708,13.95348837,13.73390558,13.23185012
2022,13,81,94,37,284,321,181,1026,1207,13.82978723,11.52647975,14.9958575