Disposition Year,Black Cases Deferred,Black Cases Not Deferred,Black Total Cases Disposed,Hispanic Cases Deferred,Hispanic Cases Not Deferred,Hispanic Total Cases Disposed,White Cases Deferred,White Cases Not Deferred,White Total Cases Disposed,Percent of Black defendants deferred,Percent of Hispanic defendants deferred,Percent of White defendants deferred
2020,18,133,151,52,493,545,249,1492,1741,11.9205298,9.541284404,14.30212522
2021,18,106,124,71,458,529,221,1429,1650,14.51612903,13.42155009,13.39393939
2022,20,105,125,62,452,514,227,1297,1524,16,12.06225681,14.89501312
2023,28,110,138,69,478,547,220,1187,1407,20.28985507,12.6142596,15.63610519
2024,16,90,106,84,482,566,241,1097,1338,15.09433962,14.8409894,18.01195815
2025,23,119,142,60,474,534,235,1179,1414,16.1971831,11.23595506,16.61951909
