Disposition Year,Black Cases Deferred,Black Cases Not Deferred,Black Total Cases Disposed,Hispanic Cases Deferred,Hispanic Cases Not Deferred,Hispanic Total Cases Disposed,White Cases Deferred,White Cases Not Deferred,White Total Cases Disposed,Percent of Black defendants deferred,Percent of Hispanic defendants deferred,Percent of White defendants deferred
2019,19,139,158,64,534,598,308,1960,2268,12.02531646,10.70234114,13.58024691
2020,18,139,157,56,488,544,245,1492,1737,11.46496815,10.29411765,14.10477835
2021,18,111,129,71,461,532,216,1421,1637,13.95348837,13.34586466,13.19486866
2022,20,105,125,66,461,527,220,1299,1519,16,12.52371917,14.48321264
2023,27,111,138,71,478,549,213,1181,1394,19.56521739,12.93260474,15.27977044
2024,3,20,23,18,136,154,52,256,308,13.04347826,11.68831169,16.88311688
