Disposition Year,Black Cases Deferred,Black Cases Not Deferred,Black Total Cases Disposed,Hispanic Cases Deferred,Hispanic Cases Not Deferred,Hispanic Total Cases Disposed,White Cases Deferred,White Cases Not Deferred,White Total Cases Disposed,Percent of Black defendants deferred,Percent of Hispanic defendants deferred,Percent of White defendants deferred
2017,15,136,151,53,422,475,317,1795,2112,9.933774834,11.15789474,15.0094697
2018,21,126,147,63,453,516,295,1936,2231,14.28571429,12.20930233,13.22277006
2019,19,141,160,64,535,599,309,1958,2267,11.875,10.68447412,13.63034848
2020,18,139,157,58,486,544,252,1491,1743,11.46496815,10.66176471,14.45783133
2021,18,113,131,71,467,538,219,1423,1642,13.74045802,13.19702602,13.33739342
2022,20,104,124,67,457,524,222,1291,1513,16.12903226,12.78625954,14.67283543
2023,30,109,139,73,477,550,221,1174,1395,21.58273381,13.27272727,15.84229391
