Disposition Year,Black Cases Deferred,Black Cases Not Deferred,Black Total Cases Disposed,Hispanic Cases Deferred,Hispanic Cases Not Deferred,Hispanic Total Cases Disposed,White Cases Deferred,White Cases Not Deferred,White Total Cases Disposed,Percent of Black defendants deferred,Percent of Hispanic defendants deferred,Percent of White defendants deferred
2017,15,137,152,52,419,471,318,1798,2116,9.868421053,11.0403397,15.02835539
2018,21,127,148,63,452,515,295,1935,2230,14.18918919,12.23300971,13.22869955
2019,19,141,160,64,534,598,309,1961,2270,11.875,10.70234114,13.6123348
2020,18,139,157,57,480,537,253,1496,1749,11.46496815,10.61452514,14.46540881
2021,18,112,130,72,460,532,219,1421,1640,13.84615385,13.53383459,13.35365854
2022,20,105,125,69,456,525,224,1297,1521,16,13.14285714,14.72715319
2023,25,87,112,55,377,432,165,922,1087,22.32142857,12.73148148,15.17939282
