Disposition Quarter,No new criminal case within 2 years,New criminal case within 2 years,Total,Percent with new criminal case within 2 years
2017 Q1,52.0,9.0,61.0,14.75409836
2017 Q2,53.0,8.0,61.0,13.1147541
2017 Q3,38.0,7.0,45.0,15.55555556
2017 Q4,54.0,10.0,64.0,15.625
2018 Q1,47.0,5.0,52.0,9.615384615
2018 Q2,60.0,9.0,69.0,13.04347826
