Disposition Year,Black Cases Deferred,Black Cases Not Deferred,Black Total Cases Disposed,Hispanic Cases Deferred,Hispanic Cases Not Deferred,Hispanic Total Cases Disposed,White Cases Deferred,White Cases Not Deferred,White Total Cases Disposed,Percent of Black defendants deferred,Percent of Hispanic defendants deferred,Percent of White defendants deferred
2019,19,138,157,64,536,600,305,1957,2262,12.10191083,10.66666667,13.48364279
2020,18,134,152,55,486,541,247,1497,1744,11.84210526,10.1663586,14.16284404
2021,18,109,127,71,456,527,220,1430,1650,14.17322835,13.47248577,13.33333333
2022,20,105,125,64,457,521,225,1294,1519,16,12.2840691,14.81237656
2023,28,111,139,70,473,543,215,1189,1404,20.14388489,12.89134438,15.31339031
2024,14,61,75,69,353,422,172,809,981,18.66666667,16.3507109,17.53312946
