Disposition Year,Black Cases Deferred,Black Cases Not Deferred,Black Total Cases Disposed,Hispanic Cases Deferred,Hispanic Cases Not Deferred,Hispanic Total Cases Disposed,White Cases Deferred,White Cases Not Deferred,White Total Cases Disposed,Percent of Black defendants deferred,Percent of Hispanic defendants deferred,Percent of White defendants deferred
2019,19,138,157,64,537,601,304,1953,2257,12.10191083,10.64891847,13.46920691
2020,18,134,152,53,487,540,248,1498,1746,11.84210526,9.814814815,14.20389462
2021,18,110,128,71,456,527,220,1429,1649,14.0625,13.47248577,13.34141904
2022,20,105,125,62,457,519,227,1291,1518,16,11.9460501,14.95388669
2023,28,111,139,69,473,542,217,1190,1407,20.14388489,12.73062731,15.42288557
2024,15,93,108,88,486,574,233,1088,1321,13.88888889,15.33101045,17.63815291
