Disposition Year,Black Cases Deferred,Black Cases Not Deferred,Black Total Cases Disposed,Hispanic Cases Deferred,Hispanic Cases Not Deferred,Hispanic Total Cases Disposed,White Cases Deferred,White Cases Not Deferred,White Total Cases Disposed,Percent of Black defendants deferred,Percent of Hispanic defendants deferred,Percent of White defendants deferred
2017,15,136,151,52,416,468,318,1804,2122,9.933774834,11.11111111,14.98586239
2018,21,127,148,62,445,507,295,1937,2232,14.18918919,12.22879684,13.21684588
2019,19,145,164,65,528,593,311,1957,2268,11.58536585,10.96121417,13.71252205
2020,18,138,156,57,476,533,252,1496,1748,11.53846154,10.69418386,14.41647597
2021,18,114,132,74,459,533,216,1421,1637,13.63636364,13.8836773,13.19486866
2022,20,105,125,69,451,520,224,1296,1520,16,13.26923077,14.73684211
2023,18,56,74,46,254,300,112,602,714,24.32432432,15.33333333,15.68627451
