Disposition Year,Black Cases Deferred,Black Cases Not Deferred,Black Total Cases Disposed,Hispanic Cases Deferred,Hispanic Cases Not Deferred,Hispanic Total Cases Disposed,White Cases Deferred,White Cases Not Deferred,White Total Cases Disposed,Percent of Black defendants deferred,Percent of Hispanic defendants deferred,Percent of White defendants deferred
2017.0,15.0,136.0,151.0,52.0,413.0,465.0,318.0,1806.0,2124.0,9.933774834,11.1827957,14.97175141
2018.0,21.0,126.0,147.0,61.0,444.0,505.0,295.0,1928.0,2223.0,14.28571429,12.07920792,13.27035538
2019.0,19.0,143.0,162.0,66.0,537.0,603.0,310.0,1949.0,2259.0,11.72839506,10.94527363,13.72288623
2020.0,18.0,138.0,156.0,57.0,476.0,533.0,252.0,1493.0,1745.0,11.53846154,10.69418386,14.44126074
2021.0,18.0,114.0,132.0,72.0,458.0,530.0,216.0,1421.0,1637.0,13.63636364,13.58490566,13.19486866
2022.0,20.0,105.0,125.0,70.0,451.0,521.0,224.0,1297.0,1521.0,16.0,13.43570058,14.72715319
2023.0,9.0,25.0,34.0,27.0,133.0,160.0,55.0,283.0,338.0,26.47058824,16.875,16.27218935
