Disposition Year,Black Cases Deferred,Black Cases Not Deferred,Black Total Cases Disposed,Hispanic Cases Deferred,Hispanic Cases Not Deferred,Hispanic Total Cases Disposed,White Cases Deferred,White Cases Not Deferred,White Total Cases Disposed,Percent of Black defendants deferred,Percent of Hispanic defendants deferred,Percent of White defendants deferred
2019,19,139,158,64,537,601,304,1954,2258,12.02531646,10.64891847,13.46324181
2020,18,133,151,52,495,547,249,1493,1742,11.9205298,9.506398537,14.29391504
2021,18,110,128,71,455,526,221,1430,1651,14.0625,13.49809886,13.38582677
2022,20,105,125,63,452,515,226,1297,1523,16,12.23300971,14.83913329
2023,28,112,140,71,472,543,217,1189,1406,20,13.07550645,15.43385491
2024,15,92,107,90,489,579,236,1091,1327,14.01869159,15.54404145,17.78447626
2025,4,34,38,14,112,126,66,320,386,10.52631579,11.11111111,17.0984456
