Disposition Year,Black Cases Deferred,Black Cases Not Deferred,Black Total Cases Disposed,Hispanic Cases Deferred,Hispanic Cases Not Deferred,Hispanic Total Cases Disposed,White Cases Deferred,White Cases Not Deferred,White Total Cases Disposed,Percent of Black defendants deferred,Percent of Hispanic defendants deferred,Percent of White defendants deferred
2019,19,138,157,64,533,597,306,1959,2265,12.10191083,10.72026801,13.50993377
2020,18,134,152,56,487,543,246,1493,1739,11.84210526,10.31307551,14.14606095
2021,18,110,128,71,458,529,218,1425,1643,14.0625,13.42155009,13.26841144
2022,20,105,125,65,458,523,222,1297,1519,16,12.42829828,14.61487821
2023,28,111,139,72,473,545,213,1190,1403,20.14388489,13.21100917,15.18175339
2024,9,39,48,41,253,294,121,550,671,18.75,13.94557823,18.03278689
