Referral Year,Filed,Declined,Total Felony Referrals,Percent Declined
2017,1501,196,1697,11.54979375
2018,1452,183,1635,11.19266055
2019,1496,192,1688,11.37440758
2020,1360,210,1570,13.37579618
2021,1280,215,1495,14.3812709
2022,1289,268,1557,17.21258831
2023,1415,275,1690,16.27218935
2024,1472,203,1675,12.11940299
