Referral Year,Filed,Declined,Total Felony Referrals,Percent Declined
2017,1501,196,1697,11.54979375
2018,1452,183,1635,11.19266055
2019,1496,192,1688,11.37440758
2020,1359,210,1569,13.38432122
2021,1280,215,1495,14.3812709
2022,1288,268,1556,17.22365039
2023,1411,275,1686,16.31079478
2024,1470,200,1670,11.9760479
