Referral Year,Black Felony Referrals Filed,Black Felony Referrals Not Filed,Black Total Felony Referrals,Hispanic Felony Referrals Filed,Hispanic Felony Referrals Not Filed,Hispanic Total Felony Referrals,White Felony Referrals Filed,White Felony Referrals Not Filed,White Total Felony Referrals,Percent of cases involving Black defendants declined,Percent of cases involving Hispanic defendants declined,Percent of cases involving White defendants declined
2019,156,16,172,216,22,238,1052,144,1196,9.302325581,9.243697479,12.04013378
2020,146,19,165,251,32,283,890,145,1035,11.51515152,11.30742049,14.00966184
2021,162,27,189,241,29,270,834,147,981,14.28571429,10.74074074,14.98470948
2022,162,29,191,263,45,308,819,171,990,15.18324607,14.61038961,17.27272727
2023,193,31,224,277,47,324,901,181,1082,13.83928571,14.50617284,16.72828096
2024,182,15,197,348,24,372,886,131,1017,7.614213198,6.451612903,12.88102262
