Referral Year,Black Felony Referrals Filed,Black Felony Referrals Not Filed,Black Total Felony Referrals,Hispanic Felony Referrals Filed,Hispanic Felony Referrals Not Filed,Hispanic Total Felony Referrals,White Felony Referrals Filed,White Felony Referrals Not Filed,White Total Felony Referrals,Percent of cases involving Black defendants declined,Percent of cases involving Hispanic defendants declined,Percent of cases involving White defendants declined
2019,156,16,172,212,24,236,1058,142,1200,9.302325581,10.16949153,11.83333333
2020,144,19,163,250,32,282,891,145,1036,11.65644172,11.34751773,13.996139
2021,162,27,189,241,29,270,833,147,980,14.28571429,10.74074074,15
2022,160,29,189,264,45,309,818,171,989,15.34391534,14.5631068,17.29019211
2023,193,30,223,277,47,324,899,182,1081,13.4529148,14.50617284,16.83626272
2024,179,15,194,347,28,375,891,149,1040,7.731958763,7.466666667,14.32692308
2025,73,18,91,115,18,133,474,60,534,19.78021978,13.53383459,11.23595506
