Referral Year,Felony Referrals Filed,Felony Referrals Not Filed,Total Felony Referrals,Felony Cases Acquitted,Felony Cases Deferred,Felony Cases Dismissed,Felony Cases Found Guilty,Felony Cases Plea Dismissal,Felony Cases Plead Guilty,Total Felony Cases Disposed,Percent of felony referrals declined,Percent of felony cases dismissed after filing
2017,1501,196,1697,6,327,87,24,39,850,1333,11.54979375,10.23529412
2018,1452,183,1635,4,376,80,29,20,952,1461,11.19266055,8.403361345
2019,1496,192,1688,3,321,73,21,21,936,1375,11.37440758,7.799145299
2020,1359,210,1569,1,260,75,19,14,658,1027,13.38432122,11.39817629
2021,1280,215,1495,4,293,104,20,39,859,1319,14.3812709,12.10710128
2022,1288,268,1556,2,229,100,39,32,762,1164,17.22365039,13.12335958
2023,1411,275,1686,7,174,100,48,29,794,1152,16.31079478,12.59445844
2024,1470,200,1670,8,180,117,26,36,741,1108,11.9760479,15.78947368
2025,349,38,387,0,34,37,11,7,140,229,9.819121447,26.42857143
