Referral Year,Filed,Declined,Total Felony Referrals,Percent Declined
2017,653,101,754,13.39522546
2018,601,68,669,10.16442451
2019,696,87,783,11.11111111
2020,627,92,719,12.79554937
2021,552,76,628,12.10191083
2022,585,106,691,15.34008683
2023,596,115,711,16.17440225
2024,656,85,741,11.47098516
2025,568,78,646,12.07430341
