Referral Year,Black Felony Referrals Filed,Black Felony Referrals Not Filed,Black Total Felony Referrals,Hispanic Felony Referrals Filed,Hispanic Felony Referrals Not Filed,Hispanic Total Felony Referrals,White Felony Referrals Filed,White Felony Referrals Not Filed,White Total Felony Referrals,Percent of cases involving Black defendants declined,Percent of cases involving Hispanic defendants declined,Percent of cases involving White defendants declined
2019,156,16,172,216,22,238,1052,144,1196,9.302325581,9.243697479,12.04013378
2020,145,19,164,248,32,280,891,145,1036,11.58536585,11.42857143,13.996139
2021,161,27,188,242,29,271,832,147,979,14.36170213,10.70110701,15.01532176
2022,160,29,189,264,45,309,816,171,987,15.34391534,14.5631068,17.32522796
2023,193,30,223,275,47,322,897,182,1079,13.4529148,14.59627329,16.86746988
2024,180,15,195,348,27,375,890,148,1038,7.692307692,7.2,14.25818882
2025,38,7,45,57,7,64,246,23,269,15.55555556,10.9375,8.550185874
