Referral Year,Black Felony Referrals Filed,Black Felony Referrals Not Filed,Black Total Felony Referrals,Hispanic Felony Referrals Filed,Hispanic Felony Referrals Not Filed,Hispanic Total Felony Referrals,White Felony Referrals Filed,White Felony Referrals Not Filed,White Total Felony Referrals,Percent of cases involving Black defendants declined,Percent of cases involving Hispanic defendants declined,Percent of cases involving White defendants declined
2019,300,29,329,1073,76,1149,3207,227,3434,8.814589666,6.614447346,6.610366919
2020,349,27,376,898,71,969,2704,212,2916,7.180851064,7.327141383,7.270233196
2021,308,43,351,790,134,924,2187,327,2514,12.25071225,14.5021645,13.0071599
2022,323,48,371,917,133,1050,2142,264,2406,12.93800539,12.66666667,10.97256858
2023,319,29,348,874,91,965,1895,222,2117,8.333333333,9.430051813,10.48653755
2024,230,17,247,696,58,754,1387,140,1527,6.882591093,7.692307692,9.168303864
