Referral Year,Black Felony Referrals Filed,Black Felony Referrals Not Filed,Black Total Felony Referrals,Hispanic Felony Referrals Filed,Hispanic Felony Referrals Not Filed,Hispanic Total Felony Referrals,White Felony Referrals Filed,White Felony Referrals Not Filed,White Total Felony Referrals,Percent of cases involving Black defendants declined,Percent of cases involving Hispanic defendants declined,Percent of cases involving White defendants declined
2017,315,13,328,186,7,193,2839,110,2949,3.963414634,3.626943005,3.730077993
2018,385,31,416,240,22,262,4321,341,4662,7.451923077,8.396946565,7.314457314
2019,300,28,328,279,26,305,4010,271,4281,8.536585366,8.524590164,6.33029666
2020,349,29,378,271,18,289,3343,255,3598,7.671957672,6.228373702,7.087270706
2021,304,41,345,261,41,302,2723,406,3129,11.88405797,13.57615894,12.9753915
2022,255,22,277,224,32,256,2116,234,2350,7.942238267,12.5,9.957446809