Referral Year,Filed,Declined,Total Felony Referrals,Percent Declined
2017,4433,346,4779,7.24000837
2018,5131,478,5609,8.522018185
2019,4708,368,5076,7.249802994
2020,4058,337,4395,7.667804323
2021,3388,533,3921,13.59347105
2022,3496,483,3979,12.13872832
2023,2392,217,2609,8.317362974
