Referral Year,Black Felony Referrals Filed,Black Felony Referrals Not Filed,Black Total Felony Referrals,Hispanic Felony Referrals Filed,Hispanic Felony Referrals Not Filed,Hispanic Total Felony Referrals,White Felony Referrals Filed,White Felony Referrals Not Filed,White Total Felony Referrals,Percent of cases involving Black defendants declined,Percent of cases involving Hispanic defendants declined,Percent of cases involving White defendants declined
2019,305,30,335,1077,78,1155,3204,226,3430,8.955223881,6.753246753,6.588921283
2020,354,26,380,902,71,973,2690,213,2903,6.842105263,7.297019527,7.337237341
2021,305,44,349,807,132,939,2179,327,2506,12.60744986,14.05750799,13.04868316
2022,324,47,371,904,135,1039,2156,266,2422,12.66846361,12.99326275,10.98265896
2023,317,30,347,860,94,954,1914,230,2144,8.645533141,9.853249476,10.72761194
2024,282,26,308,843,89,932,1837,206,2043,8.441558442,9.549356223,10.08321096
2025,168,12,180,412,42,454,886,76,962,6.666666667,9.251101322,7.9002079
