Referral Year,Black Felony Referrals Filed,Black Felony Referrals Not Filed,Black Total Felony Referrals,Hispanic Felony Referrals Filed,Hispanic Felony Referrals Not Filed,Hispanic Total Felony Referrals,White Felony Referrals Filed,White Felony Referrals Not Filed,White Total Felony Referrals,Percent of cases involving Black defendants declined,Percent of cases involving Hispanic defendants declined,Percent of cases involving White defendants declined
2017.0,314.0,13.0,327.0,808.0,27.0,835.0,2243.0,98.0,2341.0,3.975535168,3.233532934,4.186245194
2018.0,390.0,31.0,421.0,1091.0,96.0,1187.0,3458.0,278.0,3736.0,7.363420428,8.087615838,7.44111349
2019.0,302.0,28.0,330.0,1043.0,75.0,1118.0,3246.0,225.0,3471.0,8.484848485,6.708407871,6.482281763
2020.0,352.0,29.0,381.0,871.0,70.0,941.0,2735.0,210.0,2945.0,7.611548556,7.438894793,7.130730051
2021.0,308.0,42.0,350.0,786.0,129.0,915.0,2195.0,331.0,2526.0,12.0,14.09836066,13.1037213
2022.0,326.0,45.0,371.0,920.0,122.0,1042.0,2159.0,255.0,2414.0,12.12938005,11.70825336,10.56338028
2023.0,81.0,3.0,84.0,243.0,22.0,265.0,477.0,39.0,516.0,3.571428571,8.301886792,7.558139535
