Referral Year,Black Felony Referrals Filed,Black Felony Referrals Not Filed,Black Total Felony Referrals,Hispanic Felony Referrals Filed,Hispanic Felony Referrals Not Filed,Hispanic Total Felony Referrals,White Felony Referrals Filed,White Felony Referrals Not Filed,White Total Felony Referrals,Percent of cases involving Black defendants declined,Percent of cases involving Hispanic defendants declined,Percent of cases involving White defendants declined
2019,301,30,331,1084,77,1161,3197,226,3423,9.063444109,6.632213609,6.602395559
2020,347,27,374,904,71,975,2696,212,2908,7.219251337,7.282051282,7.290233838
2021,302,44,346,804,132,936,2184,326,2510,12.71676301,14.1025641,12.98804781
2022,324,47,371,901,135,1036,2156,265,2421,12.66846361,13.03088803,10.94589013
2023,317,29,346,859,92,951,1915,227,2142,8.38150289,9.67402734,10.59757236
2024,284,22,306,847,84,931,1831,195,2026,7.189542484,9.022556391,9.624876604
2025,75,5,80,198,14,212,417,30,447,6.25,6.603773585,6.711409396
