Referral Year,Black Felony Referrals Filed,Black Felony Referrals Not Filed,Black Total Felony Referrals,Hispanic Felony Referrals Filed,Hispanic Felony Referrals Not Filed,Hispanic Total Felony Referrals,White Felony Referrals Filed,White Felony Referrals Not Filed,White Total Felony Referrals,Percent of cases involving Black defendants declined,Percent of cases involving Hispanic defendants declined,Percent of cases involving White defendants declined
2017,315,14,329,852,28,880,2245,104,2349,4.255319149,3.181818182,4.427415922
2018,395,31,426,1115,98,1213,3431,279,3710,7.276995305,8.079142622,7.520215633
2019,300,28,328,1062,77,1139,3224,227,3451,8.536585366,6.760316067,6.577803535
2020,352,27,379,889,71,960,2716,210,2926,7.124010554,7.395833333,7.177033493
2021,310,43,353,799,132,931,2181,329,2510,12.18130312,14.1783029,13.10756972
2022,327,47,374,919,130,1049,2148,265,2413,12.56684492,12.392755,10.98217986
2023,317,22,339,885,78,963,1904,187,2091,6.489675516,8.099688474,8.943089431
