Referral Year,Black Felony Referrals Filed,Black Felony Referrals Not Filed,Black Total Felony Referrals,Hispanic Felony Referrals Filed,Hispanic Felony Referrals Not Filed,Hispanic Total Felony Referrals,White Felony Referrals Filed,White Felony Referrals Not Filed,White Total Felony Referrals,Percent of cases involving Black defendants declined,Percent of cases involving Hispanic defendants declined,Percent of cases involving White defendants declined
2017,313,14,327,855,29,884,2255,105,2360,4.281345566,3.280542986,4.449152542
2018,396,31,427,1118,98,1216,3428,279,3707,7.259953162,8.059210526,7.526301592
2019,302,28,330,1063,78,1141,3220,227,3447,8.484848485,6.836108677,6.585436612
2020,352,27,379,889,71,960,2718,210,2928,7.124010554,7.395833333,7.172131148
2021,311,43,354,796,133,929,2184,328,2512,12.14689266,14.31646932,13.05732484
2022,328,49,377,913,130,1043,2154,263,2417,12.99734748,12.46404602,10.88125776
2023,316,27,343,891,85,976,1901,207,2108,7.871720117,8.709016393,9.819734345
2024,78,7,85,255,14,269,478,52,530,8.235294118,5.204460967,9.811320755
