Referral Year,Filed,Declined,Total Felony Referrals,Percent Declined
2017,4398,349,4747,7.352011797
2018,5131,478,5609,8.522018185
2019,4701,369,5070,7.278106509
2020,4047,336,4383,7.665982204
2021,3379,532,3911,13.60265917
2022,3480,492,3972,12.38670695
2023,3182,385,3567,10.7933838
2024,3051,371,3422,10.84161309
2025,2962,327,3289,9.942231681
