Referral Year,Filed,Declined,Total Felony Referrals,Percent Declined
2017,4398,348,4746,7.332490518
2018,5132,478,5610,8.520499109
2019,4701,368,5069,7.259814559
2020,4047,336,4383,7.665982204
2021,3379,533,3912,13.62474438
2022,3481,490,3971,12.33946109
2023,3182,370,3552,10.41666667
2024,3050,299,3349,8.92803822
