Referral Year,Filed,Declined,Total Felony Referrals,Percent Declined
2017,4398,348,4746,7.332490518
2018,5132,479,5611,8.536802709
2019,4701,368,5069,7.259814559
2020,4047,336,4383,7.665982204
2021,3379,533,3912,13.62474438
2022,3480,491,3971,12.36464367
2023,3182,375,3557,10.54259207
2024,3050,333,3383,9.843334319
2025,708,50,758,6.596306069
