Referral Year,Black Felony Referrals Filed,Black Felony Referrals Not Filed,Black Total Felony Referrals,Hispanic Felony Referrals Filed,Hispanic Felony Referrals Not Filed,Hispanic Total Felony Referrals,White Felony Referrals Filed,White Felony Referrals Not Filed,White Total Felony Referrals,Percent of cases involving Black defendants declined,Percent of cases involving Hispanic defendants declined,Percent of cases involving White defendants declined
2017,312,13,325,831,27,858,2241,101,2342,4,3.146853147,4.312553373
2018,392,31,423,1098,96,1194,3448,280,3728,7.328605201,8.040201005,7.510729614
2019,303,28,331,1046,76,1122,3236,226,3462,8.459214502,6.773618538,6.528018486
2020,351,29,380,881,69,950,2724,211,2935,7.631578947,7.263157895,7.189097104
2021,309,42,351,791,131,922,2188,331,2519,11.96581197,14.20824295,13.14013497
2022,327,48,375,909,127,1036,2167,263,2430,12.8,12.25868726,10.82304527
2023,161,10,171,452,39,491,934,93,1027,5.847953216,7.942973523,9.055501461
