Referral Year,Filed,Declined,Total Felony Referrals,Percent Declined
2017,4398,348,4746,7.332490518
2018,5132,479,5611,8.536802709
2019,4701,368,5069,7.259814559
2020,4047,336,4383,7.665982204
2021,3379,533,3912,13.62474438
2022,3480,491,3971,12.36464367
2023,3182,381,3563,10.69323604
2024,3050,352,3402,10.34685479
2025,1510,139,1649,8.429351122
