Referral Year,Filed,Declined,Total Felony Referrals,Percent Declined
2017.0,4433.0,343.0,4776.0,7.181742044
2018.0,5131.0,477.0,5608.0,8.505706134
2019.0,4709.0,368.0,5077.0,7.248375025
2020.0,4058.0,336.0,4394.0,7.646791079
2021.0,3387.0,531.0,3918.0,13.55283308
2022.0,3496.0,461.0,3957.0,11.65024008
