Referral Year,Filed,Declined,Total Felony Referrals,Percent Declined
2017,4433,348,4781,7.278811964
2018,5131,478,5609,8.522018185
2019,4708,368,5076,7.249802994
2020,4058,336,4394,7.646791079
2021,3388,533,3921,13.59347105
2022,3496,487,3983,12.2269646
2023,3204,307,3511,8.743947593
