Referral Year,Filed,Declined,Total Felony Referrals,Percent Declined
2017,4398,348,4746,7.332490518
2018,5132,478,5610,8.520499109
2019,4701,368,5069,7.259814559
2020,4047,336,4383,7.665982204
2021,3379,534,3913,13.6468183
2022,3481,490,3971,12.33946109
2023,3184,369,3553,10.38558964
2024,2378,238,2616,9.097859327
