Referral Year,Filed,Declined,Total Felony Referrals,Percent Declined
2017,4433,344,4777,7.201172284
2018,5131,477,5608,8.505706134
2019,4708,368,5076,7.249802994
2020,4058,337,4395,7.667804323
2021,3387,533,3920,13.59693878
2022,3496,479,3975,12.05031447
2023,1592,147,1739,8.453133985
