Referral Year,Black Felony Referrals Filed,Black Felony Referrals Not Filed,Black Total Felony Referrals,Hispanic Felony Referrals Filed,Hispanic Felony Referrals Not Filed,Hispanic Total Felony Referrals,White Felony Referrals Filed,White Felony Referrals Not Filed,White Total Felony Referrals,Percent of cases involving Black defendants declined,Percent of cases involving Hispanic defendants declined,Percent of cases involving White defendants declined
2017,315,13,328,849,28,877,2242,102,2344,3.963414634,3.192702395,4.351535836
2018,393,31,424,1115,98,1213,3434,279,3713,7.311320755,8.079142622,7.51413951
2019,300,28,328,1067,78,1145,3215,226,3441,8.536585366,6.812227074,6.567858181
2020,352,28,380,886,70,956,2720,211,2931,7.368421053,7.322175732,7.198908222
2021,310,43,353,800,132,932,2180,327,2507,12.18130312,14.16309013,13.04347826
2022,327,47,374,920,129,1049,2152,263,2415,12.56684492,12.29742612,10.89026915
2023,241,14,255,656,51,707,1425,137,1562,5.490196078,7.213578501,8.770806658
