Referral Year,Black Felony Referrals Filed,Black Felony Referrals Not Filed,Black Total Felony Referrals,Hispanic Felony Referrals Filed,Hispanic Felony Referrals Not Filed,Hispanic Total Felony Referrals,White Felony Referrals Filed,White Felony Referrals Not Filed,White Total Felony Referrals,Percent of cases involving Black defendants declined,Percent of cases involving Hispanic defendants declined,Percent of cases involving White defendants declined
2020,355,27,382,910,71,981,2680,212,2892,7.068062827,7.237512742,7.330567082
2021,309,45,354,815,130,945,2170,330,2500,12.71186441,13.75661376,13.2
2022,321,48,369,905,136,1041,2157,265,2422,13.00813008,13.06436119,10.94137077
2023,319,30,349,862,94,956,1910,233,2143,8.595988539,9.832635983,10.87260849
2024,286,28,314,852,96,948,1821,213,2034,8.917197452,10.12658228,10.4719764
2025,325,33,358,888,96,984,1674,177,1851,9.217877095,9.756097561,9.562398703
