Referral Year,Filed,Declined,Total Felony Referrals,Percent Declined
2017,4398,347,4745,7.312961012
2018,5132,478,5610,8.520499109
2019,4701,368,5069,7.259814559
2020,4047,336,4383,7.665982204
2021,3379,534,3913,13.6468183
2022,3482,490,3972,12.33635448
2023,3184,359,3543,10.13265594
