Referral Year,Black Felony Referrals Filed,Black Felony Referrals Not Filed,Black Total Felony Referrals,Hispanic Felony Referrals Filed,Hispanic Felony Referrals Not Filed,Hispanic Total Felony Referrals,White Felony Referrals Filed,White Felony Referrals Not Filed,White Total Felony Referrals,Percent of cases involving Black defendants declined,Percent of cases involving Hispanic defendants declined,Percent of cases involving White defendants declined
2019,300,29,329,1070,77,1147,3209,227,3436,8.814589666,6.713164778,6.606519208
2020,349,27,376,896,71,967,2703,211,2914,7.180851064,7.34229576,7.240905971
2021,308,43,351,795,134,929,2183,325,2508,12.25071225,14.42411195,12.9585327
2022,323,48,371,916,132,1048,2143,263,2406,12.93800539,12.59541985,10.93100582
2023,316,27,343,880,86,966,1891,219,2110,7.871720117,8.902691511,10.37914692
2024,144,11,155,455,30,485,927,95,1022,7.096774194,6.18556701,9.295499022
