Referral Year,Black Felony Referrals Filed,Black Felony Referrals Not Filed,Black Total Felony Referrals,Hispanic Felony Referrals Filed,Hispanic Felony Referrals Not Filed,Hispanic Total Felony Referrals,White Felony Referrals Filed,White Felony Referrals Not Filed,White Total Felony Referrals,Percent of cases involving Black defendants declined,Percent of cases involving Hispanic defendants declined,Percent of cases involving White defendants declined
2019,300,30,330,1084,77,1161,3198,226,3424,9.090909091,6.632213609,6.60046729
2020,345,27,372,903,71,974,2705,212,2917,7.258064516,7.289527721,7.26774083
2021,308,43,351,795,133,928,2186,327,2513,12.25071225,14.33189655,13.01233585
2022,324,47,371,912,135,1047,2144,263,2407,12.66846361,12.89398281,10.92646448
2023,318,28,346,871,91,962,1900,224,2124,8.092485549,9.459459459,10.54613936
2024,283,19,302,860,79,939,1820,174,1994,6.291390728,8.413205538,8.726178536
