Disposition Year,Non-White Victim Cases Dismissed,Non-White Victim Cases Not Dismissed,Non-White Victim Total Cases,White Victim Cases Dismissed,White Victim Cases Not Dismissed,White Victim Cases Total,Percent of cases dismissed involving non-white victims,Percent of cases dismissed involving white victims
2017,173,646,819,108,314,422,21.12332112,25.59241706
2018,92,610,702,119,432,551,13.10541311,21.59709619
2019,107,584,691,134,483,617,15.48480463,21.71799028
2020,97,508,605,91,363,454,16.03305785,20.04405286
2021,116,600,716,98,484,582,16.20111732,16.83848797
2022,108,501,609,110,480,590,17.73399015,18.6440678
2023,98,401,499,69,337,406,19.63927856,16.99507389
