Filing Year,White Victim,NonWhite Victim,Total,Percent involving a white victim,Percent involving a non-white victim
2017.0,20.0,37.0,57.0,35.0877193,64.9122807
2018.0,35.0,38.0,73.0,47.94520548,52.05479452
2019.0,24.0,20.0,44.0,54.54545455,45.45454545
2020.0,20.0,32.0,52.0,38.46153846,61.53846154
2021.0,22.0,32.0,54.0,40.74074074,59.25925926
2022.0,25.0,21.0,46.0,54.34782609,45.65217391
2023.0,15.0,11.0,26.0,57.69230769,42.30769231
