Filing Year,White Victim,NonWhite Victim,Total,Percent involving a white victim,Percent involving a non-white victim
2017,20,37,57,35.0877193,64.9122807
2018,35,38,73,47.94520548,52.05479452
2019,24,19,43,55.81395349,44.18604651
2020,20,32,52,38.46153846,61.53846154
2021,22,32,54,40.74074074,59.25925926
2022,24,22,46,52.17391304,47.82608696
2023,36,28,64,56.25,43.75
