Disposition Year,Non-White Victim Cases Dismissed,Non-White Victim Cases Not Dismissed,Non-White Victim Total Cases,White Victim Cases Dismissed,White Victim Cases Not Dismissed,White Victim Cases Total,Percent of cases dismissed involving non-white victims,Percent of cases dismissed involving white victims
2017,173,647,820,108,315,423,21.09756098,25.53191489
2018,92,615,707,119,434,553,13.01272984,21.51898734
2019,107,600,707,134,499,633,15.13437058,21.16903633
2020,96,509,605,91,365,456,15.8677686,19.95614035
2021,115,596,711,96,491,587,16.17440225,16.35434412
2022,105,508,613,107,475,582,17.12887439,18.38487973
2023,126,537,663,89,466,555,19.00452489,16.03603604
