Disposition Year,Non-White Victim Cases Dismissed,Non-White Victim Cases Not Dismissed,Non-White Victim Total Cases,White Victim Cases Dismissed,White Victim Cases Not Dismissed,White Victim Cases Total,Percent of cases dismissed involving non-white victims,Percent of cases dismissed involving white victims
2019,107,586,693,133,483,616,15.44011544,21.59090909
2020,97,506,603,91,360,451,16.08623549,20.17738359
2021,116,601,717,99,487,586,16.17852162,16.89419795
2022,109,508,617,110,491,601,17.66612642,18.30282862
2023,137,553,690,101,484,585,19.85507246,17.26495726
2024,93,409,502,84,369,453,18.52589641,18.54304636
