Filing Year,Missing,Highest income zip codes cases filed,Lowest income zip codes cases filed,Middle income zip codes cases filed,Total Cases Filed,Percent of violent crimes occuring in highest income zip codes,Percent of violent crimes occuring in lowest income zip codes
2017,3,11,34,33,81,13.58024691,41.97530864
2018,3,9,39,40,91,9.89010989,42.85714286
2019,4,5,29,27,65,7.692307692,44.61538462
2020,4,6,30,35,75,8,40
2021,3,9,40,35,87,10.34482759,45.97701149
2022,2,8,25,29,64,12.5,39.0625
2023,0,7,51,53,111,6.306306306,45.94594595
2024,3,6,52,40,101,5.940594059,51.48514851
