Filing Year,White Victim,NonWhite Victim,Total,Percent involving a white victim,Percent involving a non-white victim
2019,36,35,71,50.70422535,49.29577465
2020,37,50,87,42.52873563,57.47126437
2021,42,63,105,40,60
2022,34,42,76,44.73684211,55.26315789
2023,65,58,123,52.84552846,47.15447154
2024,57,59,116,49.13793103,50.86206897
2025,17,15,32,53.125,46.875
