Disposition Year,Non-White Victim Cases Dismissed,Non-White Victim Cases Not Dismissed,Non-White Victim Total Cases,White Victim Cases Dismissed,White Victim Cases Not Dismissed,White Victim Cases Total,Percent of cases dismissed involving non-white victims,Percent of cases dismissed involving white victims
2017,186,634,820,117,304,421,22.68292683,27.79097387
2018,103,600,703,127,424,551,14.6514936,23.04900181
2019,117,574,691,144,474,618,16.93198263,23.30097087
2020,103,505,608,101,353,454,16.94078947,22.24669604
2021,123,591,714,107,478,585,17.22689076,18.29059829
2022,84,369,453,95,342,437,18.54304636,21.73913043