Disposition Year,Non-White Victim Cases Dismissed,Non-White Victim Cases Not Dismissed,Non-White Victim Total Cases,White Victim Cases Dismissed,White Victim Cases Not Dismissed,White Victim Cases Total,Percent of cases dismissed involving non-white victims,Percent of cases dismissed involving white victims
2019,107,585,692,133,483,616,15.46242775,21.59090909
2020,95,501,596,91,360,451,15.93959732,20.17738359
2021,116,601,717,99,487,586,16.17852162,16.89419795
2022,109,511,620,110,491,601,17.58064516,18.30282862
2023,137,554,691,101,485,586,19.82633864,17.23549488
2024,128,548,676,117,491,608,18.93491124,19.24342105
2025,27,124,151,31,103,134,17.8807947,23.13432836
