Disposition Year,Non-White Victim Cases Dismissed,Non-White Victim Cases Not Dismissed,Non-White Victim Total Cases,White Victim Cases Dismissed,White Victim Cases Not Dismissed,White Victim Cases Total,Percent of cases dismissed involving non-white victims,Percent of cases dismissed involving white victims
2017,174,645,819,109,313,422,21.24542125,25.82938389
2018,95,607,702,119,432,551,13.53276353,21.59709619
2019,107,584,691,134,483,617,15.48480463,21.71799028
2020,97,507,604,91,362,453,16.05960265,20.08830022
2021,116,599,715,99,483,582,16.22377622,17.01030928
2022,108,508,616,110,488,598,17.53246753,18.39464883
2023,136,551,687,99,477,576,19.79621543,17.1875
2024,24,148,172,29,120,149,13.95348837,19.46308725
