Filing Year,White Victim,NonWhite Victim,Total,Percent involving a white victim,Percent involving a non-white victim
2020,38,49,87,43.67816092,56.32183908
2021,42,63,105,40,60
2022,35,41,76,46.05263158,53.94736842
2023,65,58,123,52.84552846,47.15447154
2024,56,60,116,48.27586207,51.72413793
2025,42,62,104,40.38461538,59.61538462
