Filing Year,White Victim,NonWhite Victim,Total,Percent involving a white victim,Percent involving a non-white victim
2019,36,35,71,50.70422535,49.29577465
2020,37,50,87,42.52873563,57.47126437
2021,42,63,105,40,60
2022,35,41,76,46.05263158,53.94736842
2023,65,58,123,52.84552846,47.15447154
2024,56,60,116,48.27586207,51.72413793
2025,25,34,59,42.37288136,57.62711864
