Disposition Year,Non-White Victim Cases Dismissed,Non-White Victim Cases Not Dismissed,Non-White Victim Total Cases,White Victim Cases Dismissed,White Victim Cases Not Dismissed,White Victim Cases Total,Percent of cases dismissed involving non-white victims,Percent of cases dismissed involving white victims
2019,107,585,692,133,483,616,15.46242775,21.59090909
2020,95,501,596,91,360,451,15.93959732,20.17738359
2021,116,601,717,99,487,586,16.17852162,16.89419795
2022,109,508,617,110,491,601,17.66612642,18.30282862
2023,137,553,690,101,485,586,19.85507246,17.23549488
2024,127,545,672,117,483,600,18.89880952,19.5
