Disposition Year,Non-White Victim Cases Dismissed,Non-White Victim Cases Not Dismissed,Non-White Victim Total Cases,White Victim Cases Dismissed,White Victim Cases Not Dismissed,White Victim Cases Total,Percent of cases dismissed involving non-white victims,Percent of cases dismissed involving white victims
2019,107,586,693,133,483,616,15.44011544,21.59090909
2020,97,506,603,91,360,451,16.08623549,20.17738359
2021,116,601,717,99,487,586,16.17852162,16.89419795
2022,109,509,618,110,490,600,17.63754045,18.33333333
2023,137,552,689,101,482,583,19.8838897,17.32418525
2024,53,285,338,58,240,298,15.68047337,19.46308725
