Filing Year,White Victim,NonWhite Victim,Total,Percent involving a white victim,Percent involving a non-white victim
2017,31,59,90,34.44444444,65.55555556
2018,56,56,112,50,50
2019,36,35,71,50.70422535,49.29577465
2020,37,50,87,42.52873563,57.47126437
2021,42,64,106,39.62264151,60.37735849
2022,34,42,76,44.73684211,55.26315789
2023,65,58,123,52.84552846,47.15447154
2024,36,43,79,45.56962025,54.43037975
