Disposition Year,Non-White Victim Cases Dismissed,Non-White Victim Cases Not Dismissed,Non-White Victim Total Cases,White Victim Cases Dismissed,White Victim Cases Not Dismissed,White Victim Cases Total,Percent of cases dismissed involving non-white victims,Percent of cases dismissed involving white victims
2020,95,501,596,91,360,451,15.93959732,20.17738359
2021,116,602,718,99,487,586,16.15598886,16.89419795
2022,108,512,620,113,497,610,17.41935484,18.52459016
2023,137,556,693,102,493,595,19.76911977,17.14285714
2024,126,573,699,118,504,622,18.02575107,18.97106109
2025,155,480,635,155,492,647,24.40944882,23.95672334
