Filing Year,Missing,Highest income zip codes cases filed,Lowest income zip codes cases filed,Middle income zip codes cases filed,Total Cases Filed,Percent of violent crimes occuring in highest income zip codes,Percent of violent crimes occuring in lowest income zip codes
2017,3,11,34,33,81,13.58024691,41.97530864
2018,3,9,39,40,91,9.89010989,42.85714286
2019,4,5,29,27,65,7.692307692,44.61538462
2020,4,6,29,36,75,8,38.66666667
2021,3,9,41,35,88,10.22727273,46.59090909
2022,2,8,25,29,64,12.5,39.0625
2023,0,8,48,50,106,7.547169811,45.28301887
2024,1,1,18,15,35,2.857142857,51.42857143
