Disposition Year,Non-White Victim Cases Dismissed,Non-White Victim Cases Not Dismissed,Non-White Victim Total Cases,White Victim Cases Dismissed,White Victim Cases Not Dismissed,White Victim Cases Total,Percent of cases dismissed involving non-white victims,Percent of cases dismissed involving white victims
2017.0,173.0,646.0,819.0,108.0,314.0,422.0,21.12332112,25.59241706
2018.0,92.0,610.0,702.0,119.0,432.0,551.0,13.10541311,21.59709619
2019.0,107.0,584.0,691.0,134.0,483.0,617.0,15.48480463,21.71799028
2020.0,97.0,508.0,605.0,91.0,363.0,454.0,16.03305785,20.04405286
2021.0,116.0,598.0,714.0,97.0,484.0,581.0,16.2464986,16.69535284
2022.0,108.0,498.0,606.0,110.0,475.0,585.0,17.82178218,18.8034188
2023.0,29.0,123.0,152.0,19.0,123.0,142.0,19.07894737,13.38028169
