Disposition Year,Non-White Victim Cases Dismissed,Non-White Victim Cases Not Dismissed,Non-White Victim Total Cases,White Victim Cases Dismissed,White Victim Cases Not Dismissed,White Victim Cases Total,Percent of cases dismissed involving non-white victims,Percent of cases dismissed involving white victims
2019,107,585,692,133,483,616,15.46242775,21.59090909
2020,95,501,596,91,360,451,15.93959732,20.17738359
2021,116,601,717,99,487,586,16.17852162,16.89419795
2022,108,513,621,113,496,609,17.39130435,18.55500821
2023,137,556,693,102,491,593,19.76911977,17.20067454
2024,127,556,683,118,495,613,18.59443631,19.24959217
2025,71,238,309,66,224,290,22.97734628,22.75862069
