Disposition Year,Black Cases Deferred,Black Cases Not Deferred,Black Total Cases Disposed,Hispanic Cases Deferred,Hispanic Cases Not Deferred,Hispanic Total Cases Disposed,White Cases Deferred,White Cases Not Deferred,White Total Cases Disposed,Percent of Black defendants deferred,Percent of Hispanic defendants deferred,Percent of White defendants deferred
2017,75,1661,1736,69,1630,1699,196,3137,3333,4.320276498,4.061212478,5.880588059
2018,91,1938,2029,93,1661,1754,258,3786,4044,4.484967965,5.302166477,6.379821958
2019,129,1915,2044,109,1704,1813,241,3647,3888,6.311154599,6.012134584,6.198559671
2020,113,1357,1470,117,1236,1353,270,2505,2775,7.68707483,8.647450111,9.72972973
2021,124,1626,1750,124,1278,1402,267,2436,2703,7.085714286,8.844507846,9.87791343
2022,158,1635,1793,161,1341,1502,226,2389,2615,8.812046849,10.71904128,8.642447419
2023,127,1018,1145,108,886,994,176,1532,1708,11.09170306,10.86519115,10.30444965
