Disposition Year,Black Cases Deferred,Black Cases Not Deferred,Black Total Cases Disposed,Hispanic Cases Deferred,Hispanic Cases Not Deferred,Hispanic Total Cases Disposed,White Cases Deferred,White Cases Not Deferred,White Total Cases Disposed,Percent of Black defendants deferred,Percent of Hispanic defendants deferred,Percent of White defendants deferred
2017,75,1662,1737,69,1616,1685,195,3162,3357,4.317789292,4.09495549,5.808757819
2018,91,1942,2033,93,1640,1733,259,3795,4054,4.47614363,5.366416619,6.38875185
2019,128,1923,2051,107,1680,1787,242,3659,3901,6.240858118,5.987688864,6.203537554
2020,112,1358,1470,116,1216,1332,268,2522,2790,7.619047619,8.708708709,9.605734767
2021,124,1626,1750,125,1285,1410,265,2431,2696,7.085714286,8.865248227,9.829376855
2022,154,1630,1784,160,1307,1467,225,2411,2636,8.632286996,10.90661213,8.535660091
2023,79,643,722,70,571,641,111,1042,1153,10.94182825,10.92043682,9.627059844
