Disposition Year,Black Cases Deferred,Black Cases Not Deferred,Black Total Cases Disposed,Hispanic Cases Deferred,Hispanic Cases Not Deferred,Hispanic Total Cases Disposed,White Cases Deferred,White Cases Not Deferred,White Total Cases Disposed,Percent of Black defendants deferred,Percent of Hispanic defendants deferred,Percent of White defendants deferred
2019,127,1694,1821,112,1501,1613,236,3190,3426,6.974190005,6.943583385,6.888499708
2020,114,1232,1346,116,1123,1239,265,2186,2451,8.469539376,9.362389023,10.8119135
2021,121,1522,1643,124,1228,1352,263,2300,2563,7.364576993,9.171597633,10.26141241
2022,160,1641,1801,157,1405,1562,234,2342,2576,8.883953359,10.05121639,9.083850932
2023,174,1459,1633,163,1343,1506,242,2165,2407,10.65523576,10.82337317,10.05400914
2024,153,1497,1650,197,1578,1775,190,2010,2200,9.272727273,11.09859155,8.636363636
2025,37,370,407,44,396,440,52,432,484,9.090909091,10,10.74380165
