Disposition Year,Black Cases Deferred,Black Cases Not Deferred,Black Total Cases Disposed,Hispanic Cases Deferred,Hispanic Cases Not Deferred,Hispanic Total Cases Disposed,White Cases Deferred,White Cases Not Deferred,White Total Cases Disposed,Percent of Black defendants deferred,Percent of Hispanic defendants deferred,Percent of White defendants deferred
2020,114,1231,1345,118,1123,1241,265,2187,2452,8.475836431,9.508460919,10.80750408
2021,120,1523,1643,122,1244,1366,264,2284,2548,7.303712721,8.931185944,10.3610675
2022,160,1640,1800,162,1411,1573,234,2349,2583,8.888888889,10.29879212,9.059233449
2023,177,1485,1662,167,1375,1542,253,2184,2437,10.64981949,10.83009079,10.38161674
2024,160,1548,1708,202,1632,1834,209,2061,2270,9.367681499,11.01417666,9.207048458
2025,149,1511,1660,179,1551,1730,229,1947,2176,8.975903614,10.34682081,10.52389706
