Disposition Year,Black Cases Deferred,Black Cases Not Deferred,Black Total Cases Disposed,Hispanic Cases Deferred,Hispanic Cases Not Deferred,Hispanic Total Cases Disposed,White Cases Deferred,White Cases Not Deferred,White Total Cases Disposed,Percent of Black defendants deferred,Percent of Hispanic defendants deferred,Percent of White defendants deferred
2017,75,1416,1491,69,1361,1430,195,2645,2840,5.030181087,4.825174825,6.866197183
2018,90,1680,1770,94,1386,1480,256,3220,3476,5.084745763,6.351351351,7.364787112
2019,129,1698,1827,109,1474,1583,241,3222,3463,7.060755337,6.885660139,6.959283858
2020,112,1248,1360,117,1092,1209,271,2217,2488,8.235294118,9.677419355,10.89228296
2021,124,1522,1646,119,1205,1324,269,2347,2616,7.533414338,8.987915408,10.28287462
2022,152,1640,1792,153,1354,1507,227,2348,2575,8.482142857,10.1526211,8.815533981
2023,151,1375,1526,137,1217,1354,223,2049,2272,9.895150721,10.11816839,9.815140845
