Disposition Year,Black Cases Deferred,Black Cases Not Deferred,Black Total Cases Disposed,Hispanic Cases Deferred,Hispanic Cases Not Deferred,Hispanic Total Cases Disposed,White Cases Deferred,White Cases Not Deferred,White Total Cases Disposed,Percent of Black defendants deferred,Percent of Hispanic defendants deferred,Percent of White defendants deferred
2019,127,1699,1826,114,1505,1619,235,3188,3423,6.9550931,7.04138357,6.865322816
2020,114,1235,1349,116,1117,1233,265,2188,2453,8.450704225,9.407948094,10.80309825
2021,121,1520,1641,122,1218,1340,265,2305,2570,7.373552712,9.104477612,10.31128405
2022,160,1637,1797,157,1401,1558,233,2350,2583,8.903728436,10.07702182,9.020518777
2023,174,1455,1629,161,1328,1489,242,2174,2416,10.68139963,10.81262592,10.01655629
2024,152,1464,1616,192,1528,1720,183,1939,2122,9.405940594,11.1627907,8.62393968
