Disposition Year,Black Cases Deferred,Black Cases Not Deferred,Black Total Cases Disposed,Hispanic Cases Deferred,Hispanic Cases Not Deferred,Hispanic Total Cases Disposed,White Cases Deferred,White Cases Not Deferred,White Total Cases Disposed,Percent of Black defendants deferred,Percent of Hispanic defendants deferred,Percent of White defendants deferred
2017.0,74.0,1659.0,1733.0,69.0,1591.0,1660.0,195.0,3180.0,3375.0,4.270051933,4.156626506,5.777777778
2018.0,91.0,1941.0,2032.0,91.0,1645.0,1736.0,261.0,3801.0,4062.0,4.478346457,5.241935484,6.425406204
2019.0,128.0,1914.0,2042.0,106.0,1668.0,1774.0,244.0,3666.0,3910.0,6.268364349,5.975197294,6.240409207
2020.0,112.0,1357.0,1469.0,116.0,1203.0,1319.0,268.0,2530.0,2798.0,7.624234173,8.794541319,9.578270193
2021.0,124.0,1622.0,1746.0,131.0,1277.0,1408.0,256.0,2438.0,2694.0,7.101947308,9.303977273,9.502598367
2022.0,152.0,1603.0,1755.0,159.0,1288.0,1447.0,221.0,2408.0,2629.0,8.660968661,10.98825155,8.406238113
2023.0,39.0,293.0,332.0,36.0,275.0,311.0,48.0,485.0,533.0,11.74698795,11.5755627,9.005628518
