Disposition Year,Black Cases Deferred,Black Cases Not Deferred,Black Total Cases Disposed,Hispanic Cases Deferred,Hispanic Cases Not Deferred,Hispanic Total Cases Disposed,White Cases Deferred,White Cases Not Deferred,White Total Cases Disposed,Percent of Black defendants deferred,Percent of Hispanic defendants deferred,Percent of White defendants deferred
2019,127,1693,1820,112,1498,1610,237,3197,3434,6.978021978,6.956521739,6.90157251
2020,113,1234,1347,119,1110,1229,264,2189,2453,8.389012621,9.682668836,10.76233184
2021,121,1522,1643,121,1224,1345,265,2297,2562,7.364576993,8.996282528,10.34348165
2022,160,1628,1788,157,1388,1545,233,2355,2588,8.948545861,10.1618123,9.00309119
2023,175,1455,1630,161,1317,1478,239,2166,2405,10.73619632,10.89309878,9.937629938
2024,118,1063,1181,141,1092,1233,133,1456,1589,9.991532599,11.43552311,8.370044053
