Disposition Year,Black Cases Deferred,Black Cases Not Deferred,Black Total Cases Disposed,Hispanic Cases Deferred,Hispanic Cases Not Deferred,Hispanic Total Cases Disposed,White Cases Deferred,White Cases Not Deferred,White Total Cases Disposed,Percent of Black defendants deferred,Percent of Hispanic defendants deferred,Percent of White defendants deferred
2017,72,1649,1721,11,343,354,243,4353,4596,4.183614178,3.107344633,5.287206266
2018,85,1919,2004,21,353,374,307,4922,5229,4.241516966,5.614973262,5.871103461
2019,126,1899,2025,19,411,430,320,4782,5102,6.222222222,4.418604651,6.272050176
2020,109,1341,1450,21,327,348,350,3361,3711,7.517241379,6.034482759,9.431420102
2021,120,1603,1723,31,358,389,344,3324,3668,6.964596634,7.969151671,9.378407852
2022,106,1185,1291,43,263,306,230,2433,2663,8.210689388,14.05228758,8.636875704