Disposition Year,Black Cases Deferred,Black Cases Not Deferred,Black Total Cases Disposed,Hispanic Cases Deferred,Hispanic Cases Not Deferred,Hispanic Total Cases Disposed,White Cases Deferred,White Cases Not Deferred,White Total Cases Disposed,Percent of Black defendants deferred,Percent of Hispanic defendants deferred,Percent of White defendants deferred
2017,75,1414,1489,70,1363,1433,194,2646,2840,5.036937542,4.884856943,6.830985915
2018,93,1678,1771,90,1386,1476,257,3223,3480,5.251270469,6.097560976,7.385057471
2019,127,1687,1814,111,1482,1593,240,3217,3457,7.001102536,6.967984934,6.942435638
2020,113,1239,1352,117,1092,1209,267,2201,2468,8.357988166,9.677419355,10.8184765
2021,121,1524,1645,119,1214,1333,269,2310,2579,7.3556231,8.927231808,10.43039938
2022,159,1631,1790,158,1363,1521,230,2368,2598,8.882681564,10.3879027,8.852963818
2023,175,1432,1607,157,1270,1427,237,2135,2372,10.88985688,11.00210231,9.991568297
2024,39,281,320,29,277,306,40,401,441,12.1875,9.477124183,9.070294785
