Disposition Year,Black Cases Deferred,Black Cases Not Deferred,Black Total Cases Disposed,Hispanic Cases Deferred,Hispanic Cases Not Deferred,Hispanic Total Cases Disposed,White Cases Deferred,White Cases Not Deferred,White Total Cases Disposed,Percent of Black defendants deferred,Percent of Hispanic defendants deferred,Percent of White defendants deferred
2019,127,1695,1822,112,1485,1597,236,3212,3448,6.970362239,7.013149656,6.844547564
2020,113,1237,1350,118,1102,1220,265,2196,2461,8.37037037,9.672131148,10.7679805
2021,121,1524,1645,120,1220,1340,266,2305,2571,7.3556231,8.955223881,10.34616881
2022,158,1629,1787,158,1376,1534,232,2368,2600,8.841634024,10.29986962,8.923076923
2023,176,1444,1620,155,1312,1467,238,2158,2396,10.86419753,10.5657805,9.933222037
2024,88,646,734,82,690,772,91,892,983,11.98910082,10.62176166,9.257375381
