Disposition Year,Black Cases Deferred,Black Cases Not Deferred,Black Total Cases Disposed,Hispanic Cases Deferred,Hispanic Cases Not Deferred,Hispanic Total Cases Disposed,White Cases Deferred,White Cases Not Deferred,White Total Cases Disposed,Percent of Black defendants deferred,Percent of Hispanic defendants deferred,Percent of White defendants deferred
2019,127,1696,1823,103,1502,1605,245,3190,3435,6.966538673,6.417445483,7.132459971
2020,114,1235,1349,116,1119,1235,265,2191,2456,8.450704225,9.392712551,10.78990228
2021,121,1523,1644,122,1236,1358,265,2293,2558,7.360097324,8.983799705,10.35965598
2022,160,1640,1800,158,1407,1565,236,2346,2582,8.888888889,10.09584665,9.140201394
2023,174,1464,1638,166,1351,1517,244,2179,2423,10.62271062,10.94264997,10.07016096
2024,154,1523,1677,202,1613,1815,194,2029,2223,9.183064997,11.12947658,8.726945569
2025,61,741,802,94,776,870,95,905,1000,7.605985037,10.8045977,9.5
