Referral Year,Filed,Declined,Total Felony Referrals,Percent Declined
2017,855,49,904,5.420353982
2018,917,66,983,6.714140387
2019,843,122,965,12.64248705
2020,729,147,876,16.78082192
2021,882,178,1060,16.79245283
2022,708,168,876,19.17808219
2023,670,104,774,13.43669251
