Referral Year,Filed,Declined,Total Felony Referrals,Percent Declined
2017,855,45,900,5
2018,917,59,976,6.045081967
2019,843,116,959,12.09593326
2020,729,121,850,14.23529412
2021,882,138,1020,13.52941176