Referral Year,Filed,Declined,Total Felony Referrals,Percent Declined
2017,854,49,903,5.426356589
2018,916,66,982,6.720977597
2019,842,124,966,12.83643892
2020,728,157,885,17.74011299
2021,880,180,1060,16.98113208
2022,706,186,892,20.85201794
2023,670,194,864,22.4537037
2024,668,106,774,13.69509044
2025,641,85,726,11.70798898
