Referral Year,Filed,Declined,Total Felony Referrals,Percent Declined
2017,855,49,904,5.420353982
2018,917,66,983,6.714140387
2019,843,122,965,12.64248705
2020,729,145,874,16.59038902
2021,882,172,1054,16.31878558
2022,708,156,864,18.05555556
