Referral Year,Filed,Declined,Total Felony Referrals,Percent Declined
2017,855,49,904,5.420353982
2018,916,67,983,6.815869786
2019,842,124,966,12.83643892
2020,728,157,885,17.74011299
2021,881,180,1061,16.96512724
2022,706,177,883,20.04530011
2023,670,159,829,19.17973462
2024,667,71,738,9.620596206
