Referral Year,Filed,Declined,Total Felony Referrals,Percent Declined
2017.0,855.0,48.0,903.0,5.315614618
2018.0,917.0,64.0,981.0,6.523955148
2019.0,843.0,120.0,963.0,12.46105919
2020.0,729.0,142.0,871.0,16.30309989
2021.0,882.0,165.0,1047.0,15.75931232
2022.0,708.0,140.0,848.0,16.50943396
