Referral Year,Filed,Declined,Total Felony Referrals,Percent Declined
2017,855,49,904,5.420353982
2018,917,67,984,6.808943089
2019,843,123,966,12.73291925
2020,729,147,876,16.78082192
2021,882,178,1060,16.79245283
2022,708,175,883,19.81879955
2023,671,123,794,15.49118388
