Referral Year,Filed,Declined,Total Felony Referrals,Percent Declined
2017,855,49,904,5.420353982
2018,916,67,983,6.815869786
2019,842,123,965,12.74611399
2020,728,147,875,16.8
2021,881,178,1059,16.80830973
2022,706,175,881,19.86379115
2023,670,150,820,18.29268293
