Referral Year,Filed,Declined,Total Felony Referrals,Percent Declined
2017,855,49,904,5.420353982
2018,917,66,983,6.714140387
2019,843,122,965,12.64248705
2020,729,146,875,16.68571429
2021,882,175,1057,16.55629139
2022,708,164,872,18.80733945
2023,509,65,574,11.32404181
