Referral Year,Black Felony Referrals Filed,Black Felony Referrals Not Filed,Black Total Felony Referrals,Hispanic Felony Referrals Filed,Hispanic Felony Referrals Not Filed,Hispanic Total Felony Referrals,White Felony Referrals Filed,White Felony Referrals Not Filed,White Total Felony Referrals,Percent of cases involving Black defendants declined,Percent of cases involving Hispanic defendants declined,Percent of cases involving White defendants declined
2017.0,23.0,2.0,25.0,146.0,3.0,149.0,615.0,28.0,643.0,8.0,2.013422819,4.354587869
2018.0,51.0,3.0,54.0,136.0,10.0,146.0,668.0,24.0,692.0,5.555555556,6.849315068,3.468208092
2019.0,29.0,4.0,33.0,176.0,25.0,201.0,588.0,62.0,650.0,12.12121212,12.43781095,9.538461538
2020.0,42.0,4.0,46.0,155.0,27.0,182.0,497.0,76.0,573.0,8.695652174,14.83516484,13.26352531
2021.0,36.0,5.0,41.0,238.0,46.0,284.0,554.0,63.0,617.0,12.19512195,16.1971831,10.21069692
2022.0,28.0,1.0,29.0,230.0,52.0,282.0,398.0,56.0,454.0,3.448275862,18.43971631,12.33480176
2023.0,9.0,0.0,9.0,63.0,3.0,66.0,103.0,0.0,103.0,0.0,4.545454545,0.0
