Referral Year,Filed,Declined,Total Felony Referrals,Percent Declined
2017,855,49,904,5.420353982
2018,916,67,983,6.815869786
2019,842,124,966,12.83643892
2020,728,157,885,17.74011299
2021,880,180,1060,16.98113208
2022,706,178,884,20.13574661
2023,670,172,842,20.42755344
2024,668,90,758,11.87335092
2025,305,25,330,7.575757576
