Disposition Year,Black Cases Deferred,Black Cases Not Deferred,Black Total Cases Disposed,Hispanic Cases Deferred,Hispanic Cases Not Deferred,Hispanic Total Cases Disposed,White Cases Deferred,White Cases Not Deferred,White Total Cases Disposed,Percent of Black defendants deferred,Percent of Hispanic defendants deferred,Percent of White defendants deferred
2019,4,9,13,19,107,126,96,458,554,,15.07936508,17.32851986
2020,3,18,21,15,114,129,96,395,491,14.28571429,11.62790698,19.55193483
2021,1,17,18,12,93,105,78,444,522,,11.42857143,14.94252874
2022,2,16,18,15,167,182,56,340,396,,8.241758242,14.14141414
2023,2,18,20,16,106,122,77,247,324,10,13.1147541,23.7654321
2024,4,13,17,5,42,47,34,217,251,,10.63829787,13.54581673
