Disposition Year,Black Cases Deferred,Black Cases Not Deferred,Black Total Cases Disposed,Hispanic Cases Deferred,Hispanic Cases Not Deferred,Hispanic Total Cases Disposed,White Cases Deferred,White Cases Not Deferred,White Total Cases Disposed,Percent of Black defendants deferred,Percent of Hispanic defendants deferred,Percent of White defendants deferred
2019,4,9,13,18,105,123,97,454,551,,14.63414634,17.60435572
2020,3,18,21,15,114,129,96,395,491,14.28571429,11.62790698,19.55193483
2021,1,17,18,11,90,101,79,448,527,5.555555556,10.89108911,14.99051233
2022,2,16,18,13,165,178,58,338,396,11.11111111,7.303370787,14.64646465
2023,2,18,20,15,109,124,78,247,325,10,12.09677419,24
2024,6,13,19,10,67,77,47,289,336,31.57894737,12.98701299,13.98809524
2025,0,2,2,15,58,73,24,121,145,,20.54794521,16.55172414
