Disposition Year,Black Cases Deferred,Black Cases Not Deferred,Black Total Cases Disposed,Hispanic Cases Deferred,Hispanic Cases Not Deferred,Hispanic Total Cases Disposed,White Cases Deferred,White Cases Not Deferred,White Total Cases Disposed,Percent of Black defendants deferred,Percent of Hispanic defendants deferred,Percent of White defendants deferred
2020,3,18,21,15,114,129,95,395,490,14.28571429,11.62790698,19.3877551
2021,1,17,18,11,89,100,79,447,526,5.555555556,11,15.01901141
2022,2,16,18,13,167,180,58,332,390,11.11111111,7.222222222,14.87179487
2023,2,18,20,14,109,123,79,249,328,10,11.38211382,24.08536585
2024,6,13,19,10,66,76,47,290,337,31.57894737,13.15789474,13.94658754
2025,2,7,9,18,108,126,52,227,279,,14.28571429,18.63799283
