Disposition Year,Black Cases Deferred,Black Cases Not Deferred,Black Total Cases Disposed,Hispanic Cases Deferred,Hispanic Cases Not Deferred,Hispanic Total Cases Disposed,White Cases Deferred,White Cases Not Deferred,White Total Cases Disposed,Percent of Black defendants deferred,Percent of Hispanic defendants deferred,Percent of White defendants deferred
2019,4,9,13,19,106,125,96,455,551,,15.2,17.42286751
2020,3,18,21,15,114,129,96,395,491,14.28571429,11.62790698,19.55193483
2021,1,17,18,11,92,103,79,444,523,,10.67961165,15.10516252
2022,2,16,18,14,165,179,57,339,396,,7.82122905,14.39393939
2023,2,18,20,16,106,122,77,247,324,10,13.1147541,23.7654321
2024,6,15,21,11,69,80,46,279,325,28.57142857,13.75,14.15384615
