Disposition Year,Black Plea to Lesser Charge,Black No Plea to Lesser Charge,Black Total Guilty Pleas,Hispanic Plea to Lesser Charge,Hispanic No Plea to Lesser Charge,Hispanic Total Guilty Pleas,White Plea to Lesser Charge,White No Plea to Lesser Charge,White Total Guilty Pleas,Percent of Black defendants pleading to a lesser charge,Percent of Hispanic defendants pleading to a lesser charge,Percent of White defendants pleading to a lesser charge
2019,19,19,38,75,91,166,159,204,363,50,45.18072289,43.80165289
2020,8,26,34,58,100,158,149,234,383,23.52941176,36.70886076,38.90339426
2021,23,14,37,58,80,138,177,173,350,62.16216216,42.02898551,50.57142857
2022,12,23,35,67,62,129,153,143,296,34.28571429,51.9379845,51.68918919
2023,15,14,29,49,70,119,140,124,264,51.72413793,41.17647059,53.03030303
2024,8,19,27,41,67,108,134,120,254,29.62962963,37.96296296,52.75590551
