Disposition Year,Black Cases Deferred,Black Cases Not Deferred,Black Total Cases Disposed,Hispanic Cases Deferred,Hispanic Cases Not Deferred,Hispanic Total Cases Disposed,White Cases Deferred,White Cases Not Deferred,White Total Cases Disposed,Percent of Black defendants deferred,Percent of Hispanic defendants deferred,Percent of White defendants deferred
2019,13,99,112,99,963,1062,276,1504,1780,11.60714286,9.322033898,15.50561798
2020,13,80,93,96,701,797,220,1090,1310,13.97849462,12.04516939,16.79389313
2021,16,105,121,69,661,730,202,1173,1375,13.2231405,9.452054795,14.69090909
2022,10,71,81,75,711,786,199,1063,1262,12.34567901,9.541984733,15.76862124
2023,12,85,97,69,725,794,171,1016,1187,12.37113402,8.690176322,14.40606571
2024,8,46,54,52,506,558,131,760,891,14.81481481,9.318996416,14.70258137
