Disposition Year,Black Cases Deferred,Black Cases Not Deferred,Black Total Cases Disposed,Hispanic Cases Deferred,Hispanic Cases Not Deferred,Hispanic Total Cases Disposed,White Cases Deferred,White Cases Not Deferred,White Total Cases Disposed,Percent of Black defendants deferred,Percent of Hispanic defendants deferred,Percent of White defendants deferred
2019,13,101,114,99,970,1069,276,1496,1772,11.40350877,9.260991581,15.57562077
2020,14,81,95,96,706,802,219,1084,1303,14.73684211,11.97007481,16.80736761
2021,16,105,121,70,669,739,200,1167,1367,13.2231405,9.472259811,14.63057791
2022,10,70,80,72,711,783,202,1064,1266,12.5,9.195402299,15.95576619
2023,12,85,97,68,724,792,172,1014,1186,12.37113402,8.585858586,14.50252951
2024,11,70,81,89,684,773,182,1022,1204,13.58024691,11.51358344,15.11627907
