Disposition Year,Black Cases Deferred,Black Cases Not Deferred,Black Total Cases Disposed,Hispanic Cases Deferred,Hispanic Cases Not Deferred,Hispanic Total Cases Disposed,White Cases Deferred,White Cases Not Deferred,White Total Cases Disposed,Percent of Black defendants deferred,Percent of Hispanic defendants deferred,Percent of White defendants deferred
2019,13,99,112,99,962,1061,274,1504,1778,11.60714286,9.330819981,15.41057368
2020,13,80,93,96,704,800,220,1087,1307,13.97849462,12,16.8324407
2021,16,105,121,69,658,727,202,1178,1380,13.2231405,9.491059147,14.63768116
2022,10,71,81,76,713,789,199,1063,1262,12.34567901,9.632446134,15.76862124
2023,12,85,97,68,728,796,171,1012,1183,12.37113402,8.542713568,14.45477599
2024,3,32,35,37,328,365,82,479,561,8.571428571,10.1369863,14.61675579
