Disposition Year,Black Cases Deferred,Black Cases Not Deferred,Black Total Cases Disposed,Hispanic Cases Deferred,Hispanic Cases Not Deferred,Hispanic Total Cases Disposed,White Cases Deferred,White Cases Not Deferred,White Total Cases Disposed,Percent of Black defendants deferred,Percent of Hispanic defendants deferred,Percent of White defendants deferred
2019,13,97,110,99,963,1062,273,1506,1779,11.81818182,9.322033898,15.34569983
2020,12,81,93,97,705,802,222,1089,1311,12.90322581,12.09476309,16.93363844
2021,16,103,119,69,654,723,203,1184,1387,13.44537815,9.543568465,14.63590483
2022,10,71,81,76,713,789,199,1061,1260,12.34567901,9.632446134,15.79365079
2023,12,89,101,71,719,790,167,1018,1185,11.88118812,8.987341772,14.092827
2024,1,19,20,17,152,169,36,220,256,5,10.0591716,14.0625
