Disposition Year,Black Cases Deferred,Black Cases Not Deferred,Black Total Cases Disposed,Hispanic Cases Deferred,Hispanic Cases Not Deferred,Hispanic Total Cases Disposed,White Cases Deferred,White Cases Not Deferred,White Total Cases Disposed,Percent of Black defendants deferred,Percent of Hispanic defendants deferred,Percent of White defendants deferred
2019,13,101,114,93,969,1062,282,1496,1778,11.40350877,8.757062147,15.86051744
2020,14,81,95,88,711,799,227,1078,1305,14.73684211,11.01376721,17.39463602
2021,16,105,121,66,676,742,203,1160,1363,13.2231405,8.894878706,14.89361702
2022,10,71,81,72,713,785,202,1065,1267,12.34567901,9.171974522,15.94317285
2023,12,85,97,61,722,783,177,1013,1190,12.37113402,7.79054917,14.87394958
2024,12,74,86,90,708,798,194,1034,1228,13.95348837,11.27819549,15.7980456
2025,5,36,41,23,293,316,71,493,564,12.19512195,7.278481013,12.58865248
