Disposition Year,Black Cases Deferred,Black Cases Not Deferred,Black Total Cases Disposed,Hispanic Cases Deferred,Hispanic Cases Not Deferred,Hispanic Total Cases Disposed,White Cases Deferred,White Cases Not Deferred,White Total Cases Disposed,Percent of Black defendants deferred,Percent of Hispanic defendants deferred,Percent of White defendants deferred
2020,14,79,93,87,712,799,228,1083,1311,15.05376344,10.88861076,17.39130435
2021,16,105,121,64,671,735,205,1163,1368,13.2231405,8.707482993,14.98538012
2022,10,70,80,71,711,782,203,1069,1272,12.5,9.079283887,15.9591195
2023,12,85,97,58,719,777,182,1017,1199,12.37113402,7.464607465,15.1793161
2024,12,73,85,82,711,793,205,1030,1235,14.11764706,10.34047919,16.59919028
2025,8,71,79,63,610,673,171,1006,1177,10.12658228,9.361069837,14.52846219
