Disposition Year,Black Cases Deferred,Black Cases Not Deferred,Black Total Cases Disposed,Hispanic Cases Deferred,Hispanic Cases Not Deferred,Hispanic Total Cases Disposed,White Cases Deferred,White Cases Not Deferred,White Total Cases Disposed,Percent of Black defendants deferred,Percent of Hispanic defendants deferred,Percent of White defendants deferred
2019,13,101,114,99,970,1069,276,1496,1772,11.40350877,9.260991581,15.57562077
2020,14,81,95,96,707,803,219,1083,1302,14.73684211,11.95516812,15.57562077
2021,16,105,121,70,677,747,199,1159,1358,13.2231405,9.3708166,15.57562077
2022,10,70,80,71,715,786,203,1062,1265,12.5,9.03307888,15.57562077
2023,12,85,97,64,724,788,174,1011,1185,12.37113402,8.121827411,15.57562077
2024,12,71,83,92,701,793,188,1042,1230,14.45783133,11.60151324,15.57562077
2025,4,13,17,9,142,151,35,249,284,23.52941176,5.960264901,15.57562077
