Referral Year,Filed,Declined,Total Felony Referrals,Percent Declined
2017,1022,466,1488,31.3172043
2018,957,557,1514,36.78996037
2019,948,423,1371,30.85339168
2020,995,312,1307,23.87146136
2021,909,278,1187,23.42038753
2022,760,240,1000,24
2023,669,202,871,23.19173364
2024,721,206,927,22.22222222
2025,676,97,773,12.54851229
