Referral Year,Filed,Declined,Total Felony Referrals,Percent Declined
2017,1023,464,1487,31.20376597
2018,958,558,1516,36.80738786
2019,948,422,1370,30.80291971
2020,995,308,1303,23.63775902
2021,907,264,1171,22.54483348
2022,758,220,978,22.49488753
2023,669,170,839,20.26221692
