Referral Year,Filed,Declined,Total Felony Referrals,Percent Declined
2017,1023,464,1487,31.20376597
2018,957,556,1513,36.74818242
2019,948,421,1369,30.752374
2020,995,308,1303,23.63775902
2021,905,267,1172,22.78156997
2022,760,229,989,23.15470172
2023,669,192,861,22.29965157
2024,720,168,888,18.91891892
