Referral Year,Filed,Declined,Total Felony Referrals,Percent Declined
2017,1023,463,1486,31.15746972
2018,957,557,1514,36.78996037
2019,948,421,1369,30.752374
2020,995,312,1307,23.87146136
2021,909,270,1179,22.90076336
2022,760,236,996,23.69477912
2023,669,198,867,22.83737024
2024,721,193,914,21.11597374
2025,331,39,370,10.54054054
