Referral Year,Filed,Declined,Total Felony Referrals,Percent Declined
2017,1023,464,1487,31.20376597
2018,957,559,1516,36.87335092
2019,947,422,1369,30.82542001
2020,995,308,1303,23.63775902
2021,905,268,1173,22.84739983
2022,760,228,988,23.07692308
2023,668,190,858,22.14452214
