Referral Year,Felony Referrals Filed,Felony Referrals Not Filed,Total Felony Referrals,Felony Cases Acquitted,Felony Cases Deferred,Felony Cases Dismissed,Felony Cases Found Guilty,Felony Cases Plea Dismissal,Felony Cases Plead Guilty,Total Felony Cases Disposed,Percent of felony referrals declined,Percent of felony cases dismissed after filing
2017,1023,464,1487,3,136,142,10,74,522,887,31.20376597,16.00901917
2018,957,556,1513,3,122,95,10,57,588,875,36.74818242,10.85714286
2019,948,421,1369,5,125,102,7,96,608,943,30.752374,10.81654295
2020,995,312,1307,2,99,105,7,78,523,814,23.87146136,12.8992629
2021,908,269,1177,5,113,140,8,70,488,824,22.85471538,16.99029126
2022,760,231,991,7,118,158,13,65,475,836,23.30978809,18.89952153
2023,669,193,862,4,90,149,15,55,351,664,22.38979118,22.43975904
2024,721,184,905,6,75,132,8,69,353,643,20.33149171,20.52877138
2025,171,19,190,0,19,25,3,8,70,125,10,20
