Referral Year,Felony Referrals Filed,Felony Referrals Not Filed,Total Felony Referrals,Felony Cases Acquitted,Felony Cases Deferred,Felony Cases Dismissed,Felony Cases Found Guilty,Felony Cases Plea Dismissal,Felony Cases Plead Guilty,Total Felony Cases Disposed,Percent of felony referrals declined,Percent of felony cases dismissed after filing
2017,1023,463,1486,3,136,142,10,74,522,887,31.15746972,16.00901917
2018,957,557,1514,3,122,95,10,57,588,875,36.78996037,10.85714286
2019,948,421,1369,5,125,102,7,96,608,943,30.752374,10.81654295
2020,995,312,1307,2,99,105,7,78,523,814,23.87146136,12.8992629
2021,909,270,1179,5,113,141,8,70,488,825,22.90076336,17.09090909
2022,760,236,996,7,119,158,13,65,476,838,23.69477912,18.85441527
2023,669,198,867,4,90,149,15,55,351,664,22.83737024,22.43975904
2024,721,193,914,6,77,135,8,71,357,654,21.11597374,20.64220183
2025,331,39,370,1,39,50,5,17,146,258,10.54054054,19.37984496
