Referral Year,Black Felony Referrals Filed,Black Felony Referrals Not Filed,Black Total Felony Referrals,Hispanic Felony Referrals Filed,Hispanic Felony Referrals Not Filed,Hispanic Total Felony Referrals,White Felony Referrals Filed,White Felony Referrals Not Filed,White Total Felony Referrals,Percent of cases involving Black defendants declined,Percent of cases involving Hispanic defendants declined,Percent of cases involving White defendants declined
2019,32,29,61,103,44,147,752,255,1007,47.54098361,29.93197279,25.32274081
2020,55,21,76,114,38,152,769,199,968,27.63157895,25,20.55785124
2021,53,9,62,96,23,119,716,197,913,14.51612903,19.32773109,21.57721796
2022,42,10,52,95,23,118,567,158,725,19.23076923,19.49152542,21.79310345
2023,34,12,46,80,21,101,496,134,630,26.08695652,20.79207921,21.26984127
2024,23,12,35,88,17,105,527,123,650,34.28571429,16.19047619,18.92307692
2025,8,2,10,17,2,19,126,12,138,,10.52631579,8.695652174
