Referral Year,Black Felony Referrals Filed,Black Felony Referrals Not Filed,Black Total Felony Referrals,Hispanic Felony Referrals Filed,Hispanic Felony Referrals Not Filed,Hispanic Total Felony Referrals,White Felony Referrals Filed,White Felony Referrals Not Filed,White Total Felony Referrals,Percent of cases involving Black defendants declined,Percent of cases involving Hispanic defendants declined,Percent of cases involving White defendants declined
2020,55,21,76,113,39,152,771,199,970,27.63157895,25.65789474,20.51546392
2021,52,9,61,95,23,118,718,206,924,14.75409836,19.49152542,22.29437229
2022,41,10,51,97,23,120,565,163,728,19.60784314,19.16666667,22.39010989
2023,31,15,46,80,21,101,502,139,641,32.60869565,20.79207921,21.68486739
2024,23,16,39,84,24,108,533,130,663,41.02564103,22.22222222,19.60784314
2025,20,8,28,77,15,92,503,60,563,28.57142857,16.30434783,10.65719361
