Referral Year,Filed,Declined,Total Felony Referrals,Percent Declined
2017,1023,464,1487,31.20376597
2018,957,558,1515,36.83168317
2019,947,422,1369,30.82542001
2020,995,308,1303,23.63775902
2021,905,265,1170,22.64957265
2022,760,224,984,22.76422764
2023,668,185,853,21.68815944
