Referral Year,Felony Referrals Filed,Felony Referrals Not Filed,Total Felony Referrals,Felony Cases Acquitted,Felony Cases Deferred,Felony Cases Dismissed,Felony Cases Found Guilty,Felony Cases Plea Dismissal,Felony Cases Plead Guilty,Total Felony Cases Disposed,Percent of felony referrals declined,Percent of felony cases dismissed after filing
2017,1023,464,1487,3,136,142,10,74,522,887,31.20376597,16.00901917
2018,957,558,1515,3,122,95,10,57,588,875,36.83168317,10.85714286
2019,947,422,1369,5,125,102,7,96,608,943,30.82542001,10.81654295
2020,995,308,1303,2,98,105,7,78,521,811,23.63775902,12.94697904
2021,905,265,1170,5,114,140,8,70,486,823,22.64957265,17.0109356
2022,760,224,984,7,117,158,14,65,469,830,22.76422764,19.03614458
2023,668,185,853,4,89,149,15,54,341,652,21.68815944,22.85276074
2024,340,62,402,3,31,69,2,35,155,295,15.42288557,23.38983051
