Disposition Year,Non-White Victim Cases Dismissed,Non-White Victim Cases Not Dismissed,Non-White Victim Total Cases,White Victim Cases Dismissed,White Victim Cases Not Dismissed,White Victim Cases Total,Percent of cases dismissed involving non-white victims,Percent of cases dismissed involving white victims
2019,125,601,726,133,470,603,17.21763085,22.05638474
2020,97,472,569,86,439,525,17.04745167,16.38095238
2021,110,578,688,128,497,625,15.98837209,20.48
2022,102,627,729,119,543,662,13.99176955,17.97583082
2023,110,639,749,131,459,590,14.68624833,22.20338983
2024,18,172,190,26,94,120,9.473684211,21.66666667
