Disposition Year,Non-White Victim Cases Dismissed,Non-White Victim Cases Not Dismissed,Non-White Victim Total Cases,White Victim Cases Dismissed,White Victim Cases Not Dismissed,White Victim Cases Total,Percent of cases dismissed involving non-white victims,Percent of cases dismissed involving white victims
2019,125,602,727,134,470,604,17.19394773,22.18543046
2020,97,472,569,86,439,525,17.04745167,16.38095238
2021,110,578,688,128,499,627,15.98837209,20.41467305
2022,102,627,729,119,543,662,13.99176955,17.97583082
2023,109,642,751,132,461,593,14.51398136,22.25969646
2024,40,325,365,45,204,249,10.95890411,18.07228916
