Disposition Year,Non-White Victim Cases Dismissed,Non-White Victim Cases Not Dismissed,Non-White Victim Total Cases,White Victim Cases Dismissed,White Victim Cases Not Dismissed,White Victim Cases Total,Percent of cases dismissed involving non-white victims,Percent of cases dismissed involving white victims
2019,125,602,727,133,469,602,17.19394773,22.09302326
2020,97,472,569,86,439,525,17.04745167,16.38095238
2021,110,579,689,128,499,627,15.96516691,20.41467305
2022,103,627,730,119,544,663,14.10958904,17.94871795
2023,109,642,751,132,463,595,14.51398136,22.18487395
2024,88,635,723,89,387,476,12.17150761,18.69747899
