Filing Year,White Victim,NonWhite Victim,Total,Percent involving a white victim,Percent involving a non-white victim
2019,45,56,101,44.55445545,55.44554455
2020,56,66,122,45.90163934,54.09836066
2021,76,54,130,58.46153846,41.53846154
2022,57,50,107,53.27102804,46.72897196
2023,51,51,102,50,50
2024,15,10,25,60,40
