Filing Year,White Victim,NonWhite Victim,Total,Percent involving a white victim,Percent involving a non-white victim
2019,46,56,102,45.09803922,54.90196078
2020,56,66,122,45.90163934,54.09836066
2021,75,55,130,57.69230769,42.30769231
2022,57,50,107,53.27102804,46.72897196
2023,51,51,102,50,50
2024,57,51,108,52.77777778,47.22222222
