Disposition Year,Non-White Victim Cases Dismissed,Non-White Victim Cases Not Dismissed,Non-White Victim Total Cases,White Victim Cases Dismissed,White Victim Cases Not Dismissed,White Victim Cases Total,Percent of cases dismissed involving non-white victims,Percent of cases dismissed involving white victims
2020,97,471,568,85,439,524,17.07746479,16.22137405
2021,111,580,691,128,498,626,16.06367583,20.44728435
2022,103,628,731,119,544,663,14.09028728,17.94871795
2023,110,643,753,133,464,597,14.60823373,22.27805695
2024,90,650,740,91,395,486,12.16216216,18.72427984
2025,139,699,838,82,329,411,16.58711217,19.9513382
