Filing Year,White Victim,NonWhite Victim,Total,Percent involving a white victim,Percent involving a non-white victim
2019,46,56,102,45.09803922,54.90196078
2020,56,66,122,45.90163934,54.09836066
2021,75,55,130,57.69230769,42.30769231
2022,56,51,107,52.3364486,47.6635514
2023,51,51,102,50,50
2024,56,51,107,52.3364486,47.6635514
2025,25,28,53,47.16981132,52.83018868
