Disposition Year,Non-White Victim Cases Dismissed,Non-White Victim Cases Not Dismissed,Non-White Victim Total Cases,White Victim Cases Dismissed,White Victim Cases Not Dismissed,White Victim Cases Total,Percent of cases dismissed involving non-white victims,Percent of cases dismissed involving white victims
2019,125,602,727,133,469,602,17.19394773,22.09302326
2020,97,472,569,86,439,525,17.04745167,16.38095238
2021,111,580,691,128,499,627,16.06367583,20.41467305
2022,103,627,730,119,544,663,14.10958904,17.94871795
2023,109,643,752,133,464,597,14.49468085,22.27805695
2024,90,646,736,91,392,483,12.22826087,18.84057971
2025,47,343,390,52,206,258,12.05128205,20.15503876
