Disposition Year,Non-White Victim Cases Dismissed,Non-White Victim Cases Not Dismissed,Non-White Victim Total Cases,White Victim Cases Dismissed,White Victim Cases Not Dismissed,White Victim Cases Total,Percent of cases dismissed involving non-white victims,Percent of cases dismissed involving white victims
2019,125,602,727,134,470,604,17.19394773,22.18543046
2020,97,472,569,86,439,525,17.04745167,16.38095238
2021,110,578,688,128,499,627,15.98837209,20.41467305
2022,103,627,730,119,544,663,14.10958904,17.94871795
2023,109,643,752,132,463,595,14.49468085,22.18487395
2024,65,477,542,70,283,353,11.99261993,19.83002833
