Referral Year,Felony Referrals Filed,Felony Referrals Not Filed,Total Felony Referrals,Felony Cases Acquitted,Felony Cases Deferred,Felony Cases Dismissed,Felony Cases Found Guilty,Felony Cases Plea Dismissal,Felony Cases Plead Guilty,Total Felony Cases Disposed,Percent of felony referrals declined,Percent of felony cases dismissed after filing
2017,369,61,430,0,34,55,25,34,154,302,14.18604651,18.21192053
2018,418,83,501,1,20,24,28,16,72,161,16.56686627,14.9068323
2019,394,82,476,1,43,32,38,34,131,279,17.22689076,11.46953405
2020,360,93,453,1,36,29,16,20,89,191,20.52980132,15.18324607
2021,385,51,436,2,22,23,18,26,97,188,11.69724771,12.23404255
2022,319,24,343,0,42,30,20,32,91,215,6.997084548,13.95348837
2023,323,8,331,1,31,32,12,33,91,200,2.416918429,16
2024,215,1,216,1,38,35,12,22,90,198,0.462962963,17.67676768
