Referral Year,Filed,Declined,Total Felony Referrals,Percent Declined
2017,369,61,430,14.18604651
2018,418,83,501,16.56686627
2019,394,82,476,17.22689076
2020,359,93,452,20.57522124
2021,385,51,436,11.69724771
2022,319,24,343,6.997084548
2023,324,8,332,2.409638554
