Referral Year,Felony Referrals Filed,Felony Referrals Not Filed,Total Felony Referrals,Felony Cases Acquitted,Felony Cases Deferred,Felony Cases Dismissed,Felony Cases Found Guilty,Felony Cases Plea Dismissal,Felony Cases Plead Guilty,Total Felony Cases Disposed,Percent of felony referrals declined,Percent of felony cases dismissed after filing
2017,374,61,435,0,37,56,20,33,153,299,14.02298851,18.72909699
2018,419,83,502,1,21,21,20,14,73,150,16.53386454,14
2019,394,82,476,1,43,31,31,33,133,272,17.22689076,11.39705882
2020,361,93,454,1,36,25,12,17,87,178,20.4845815,14.04494382
2021,386,51,437,2,21,21,14,21,87,166,11.67048055,12.65060241
2022,319,24,343,0,30,27,14,28,77,176,6.997084548,15.34090909
2023,326,8,334,1,12,19,4,6,36,78,2.395209581,24.35897436
2024,74,0,74,0,3,3,1,1,9,17,0,17.64705882
