Referral Year,Filed,Declined,Total Felony Referrals,Percent Declined
2017,370,62,432,14.35185185
2018,418,83,501,16.56686627
2019,394,82,476,17.22689076
2020,359,93,452,20.57522124
2021,385,51,436,11.69724771
2022,320,25,345,7.246376812
2023,323,9,332,2.710843373
2024,262,3,265,1.132075472
2025,232,5,237,2.109704641
