Referral Year,Filed,Declined,Total Felony Referrals,Percent Declined
2017,369,61,430,14.18604651
2018,418,83,501,16.56686627
2019,394,82,476,17.22689076
2020,360,93,453,20.52980132
2021,385,51,436,11.69724771
2022,319,24,343,6.997084548
2023,323,8,331,2.416918429
2024,215,1,216,0.462962963
