Referral Year,Felony Referrals Filed,Felony Referrals Not Filed,Total Felony Referrals,Felony Cases Acquitted,Felony Cases Deferred,Felony Cases Dismissed,Felony Cases Found Guilty,Felony Cases Plea Dismissal,Felony Cases Plead Guilty,Total Felony Cases Disposed,Percent of felony referrals declined,Percent of felony cases dismissed after filing
2017,369,61,430,0,34,55,25,34,154,299,14.18604651,18.39464883
2018,418,83,501,1,20,24,28,16,72,150,16.56686627,16
2019,394,82,476,1,43,32,38,34,131,272,17.22689076,11.76470588
2020,359,93,452,1,36,29,16,20,89,178,20.57522124,16.29213483
2021,385,51,436,2,19,22,15,26,93,166,11.69724771,13.25301205
2022,319,24,343,0,35,30,17,32,86,176,6.997084548,17.04545455
2023,324,8,332,1,13,21,5,15,45,78,2.409638554,26.92307692
2024,142,0,142,0,9,7,1,1,18,17,0,41.17647059
