Referral Year,Felony Referrals Filed,Felony Referrals Not Filed,Total Felony Referrals,Felony Cases Acquitted,Felony Cases Deferred,Felony Cases Dismissed,Felony Cases Found Guilty,Felony Cases Plea Dismissal,Felony Cases Plead Guilty,Total Felony Cases Disposed,Percent of felony referrals declined,Percent of felony cases dismissed after filing
2017,369,61,430,0,34,55,25,34,154,302,14.18604651,18.21192053
2018,418,83,501,1,20,24,29,16,72,162,16.56686627,14.81481481
2019,394,82,476,1,43,32,42,35,131,284,17.22689076,11.26760563
2020,360,93,453,1,36,29,18,21,88,193,20.52980132,15.02590674
2021,385,51,436,2,23,26,17,30,110,208,11.69724771,12.5
2022,319,24,343,0,43,32,21,35,100,231,6.997084548,13.85281385
2023,323,8,331,1,31,31,12,38,101,214,2.416918429,14.48598131
2024,262,3,265,1,46,49,17,37,124,274,1.132075472,17.88321168
