Disposition Year,Native American Cases Deferred,Native American Cases Not Deferred,Native American Total Cases Disposed,Hispanic Cases Deferred,Hispanic Cases Not Deferred,Hispanic Total Cases Disposed,White Cases Deferred,White Cases Not Deferred,White Total Cases Disposed,Percent of Native American defendants deferred,Percent of Hispanic defendants deferred,Percent of White defendants deferred
2017,16,60,76,16,59,75,74,286,360,21.05263158,21.33333333,20.55555556
2018,12,63,75,20,83,103,89,324,413,16,19.41747573,21.5496368
2019,14,73,87,11,79,90,79,353,432,16.09195402,12.22222222,18.28703704
2020,9,66,75,12,58,70,56,267,323,12,17.14285714,17.3374613
2021,13,56,69,13,75,88,65,260,325,18.84057971,14.77272727,20
2022,12,45,57,16,56,72,64,219,283,21.05263158,22.22222222,22.61484099
2023,8,36,44,8,29,37,17,102,119,18.18181818,21.62162162,14.28571429
