Disposition Quarter,No new criminal case within 2 years,New criminal case within 2 years,Total,Percent with new criminal case within 2 years
2017 Q1,18.0,0.0,18.0,0.0
2017 Q2,18.0,1.0,19.0,5.263157895
2017 Q3,12.0,0.0,12.0,0.0
2017 Q4,20.0,2.0,22.0,9.090909091
2018 Q1,17.0,2.0,19.0,10.52631579
2018 Q2,18.0,2.0,20.0,10.0
