Disposition Year,Native American Cases Deferred,Native American Cases Not Deferred,Native American Total Cases Disposed,Hispanic Cases Deferred,Hispanic Cases Not Deferred,Hispanic Total Cases Disposed,White Cases Deferred,White Cases Not Deferred,White Total Cases Disposed,Percent of Native American defendants deferred,Percent of Hispanic defendants deferred,Percent of White defendants deferred
2019,14,74,88,11,79,90,79,354,433,15.90909091,12.22222222,18.2448037
2020,8,66,74,10,60,70,58,262,320,10.81081081,14.28571429,18.125
2021,13,57,70,13,75,88,66,260,326,18.57142857,14.77272727,20.24539877
2022,13,45,58,13,58,71,67,229,296,22.4137931,18.30985915,22.63513514
2023,18,74,92,11,52,63,55,226,281,19.56521739,17.46031746,19.57295374
2024,19,48,67,20,51,71,75,213,288,28.35820896,28.16901408,26.04166667
2025,9,22,31,10,28,38,44,119,163,29.03225806,26.31578947,26.99386503
