Disposition Year,Native American Cases Deferred,Native American Cases Not Deferred,Native American Total Cases Disposed,Hispanic Cases Deferred,Hispanic Cases Not Deferred,Hispanic Total Cases Disposed,White Cases Deferred,White Cases Not Deferred,White Total Cases Disposed,Percent of Native American defendants deferred,Percent of Hispanic defendants deferred,Percent of White defendants deferred
2019,14,74,88,11,79,90,79,354,433,15.90909091,12.22222222,18.2448037
2020,8,65,73,11,59,70,57,265,322,10.95890411,15.71428571,17.70186335
2021,13,57,70,13,75,88,66,261,327,18.57142857,14.77272727,20.18348624
2022,13,45,58,13,58,71,67,223,290,22.4137931,18.30985915,23.10344828
2023,18,74,92,13,52,65,54,223,277,19.56521739,20,19.49458484
2024,9,22,31,11,17,28,25,81,106,29.03225806,39.28571429,23.58490566
