Disposition Year,Native American Cases Deferred,Native American Cases Not Deferred,Native American Total Cases Disposed,Hispanic Cases Deferred,Hispanic Cases Not Deferred,Hispanic Total Cases Disposed,White Cases Deferred,White Cases Not Deferred,White Total Cases Disposed,Percent of Native American defendants deferred,Percent of Hispanic defendants deferred,Percent of White defendants deferred
2017,16,60,76,16,58,74,74,287,361,21.05263158,21.62162162,20.49861496
2018,12,62,74,20,84,104,89,326,415,16.21621622,19.23076923,21.44578313
2019,14,73,87,11,81,92,73,361,434,16.09195402,11.95652174,16.8202765
2020,9,66,75,8,60,68,45,277,322,12,11.76470588,13.97515528
2021,12,58,70,11,77,88,54,270,324,17.14285714,12.5,16.66666667
2022,12,46,58,13,57,70,59,226,285,20.68965517,18.57142857,20.70175439
2023,15,69,84,12,51,63,45,205,250,17.85714286,19.04761905,18
