Disposition Year,Native American Cases Deferred,Native American Cases Not Deferred,Native American Total Cases Disposed,Hispanic Cases Deferred,Hispanic Cases Not Deferred,Hispanic Total Cases Disposed,White Cases Deferred,White Cases Not Deferred,White Total Cases Disposed,Percent of Native American defendants deferred,Percent of Hispanic defendants deferred,Percent of White defendants deferred
2020,8,66,74,10,60,70,58,261,319,10.81081081,14.28571429,18.18181818
2021,13,57,70,13,74,87,66,259,325,18.57142857,14.94252874,20.30769231
2022,13,45,58,13,59,72,67,228,295,22.4137931,18.05555556,22.71186441
2023,18,74,92,11,52,63,55,227,282,19.56521739,17.46031746,19.5035461
2024,18,48,66,18,51,69,82,214,296,27.27272727,26.08695652,27.7027027
2025,15,45,60,22,47,69,69,241,310,25,31.88405797,22.25806452
