Disposition Year,Native American Cases Deferred,Native American Cases Not Deferred,Native American Total Cases Disposed,Hispanic Cases Deferred,Hispanic Cases Not Deferred,Hispanic Total Cases Disposed,White Cases Deferred,White Cases Not Deferred,White Total Cases Disposed,Percent of Native American defendants deferred,Percent of Hispanic defendants deferred,Percent of White defendants deferred
2017,16,60,76,16,59,75,74,286,360,21.05263158,21.33333333,20.55555556
2018,12,62,74,20,84,104,89,325,414,16.21621622,19.23076923,21.49758454
2019,14,73,87,11,79,90,79,353,432,16.09195402,12.22222222,18.28703704
2020,9,66,75,12,58,70,56,267,323,12,17.14285714,17.3374613
2021,13,56,69,13,75,88,64,261,325,18.84057971,14.77272727,19.69230769
2022,13,45,58,14,56,70,66,219,285,22.4137931,20,23.15789474
2023,10,53,63,10,41,51,29,154,183,15.87301587,19.60784314,15.84699454
