Disposition Year,Native American Cases Deferred,Native American Cases Not Deferred,Native American Total Cases Disposed,Hispanic Cases Deferred,Hispanic Cases Not Deferred,Hispanic Total Cases Disposed,White Cases Deferred,White Cases Not Deferred,White Total Cases Disposed,Percent of Native American defendants deferred,Percent of Hispanic defendants deferred,Percent of White defendants deferred
2017.0,16.0,60.0,76.0,16.0,59.0,75.0,74.0,286.0,360.0,21.05263158,21.33333333,20.55555556
2018.0,11.0,63.0,74.0,20.0,83.0,103.0,90.0,324.0,414.0,14.86486486,19.41747573,21.73913043
2019.0,14.0,73.0,87.0,11.0,79.0,90.0,78.0,353.0,431.0,16.09195402,12.22222222,18.0974478
2020.0,11.0,66.0,77.0,11.0,56.0,67.0,54.0,269.0,323.0,14.28571429,16.41791045,16.71826625
2021.0,13.0,55.0,68.0,15.0,74.0,89.0,64.0,261.0,325.0,19.11764706,16.85393258,19.69230769
2022.0,12.0,43.0,55.0,16.0,56.0,72.0,65.0,221.0,286.0,21.81818182,22.22222222,22.72727273
2023.0,5.0,13.0,18.0,4.0,13.0,17.0,4.0,46.0,50.0,27.77777778,23.52941176,8.0
