Disposition Year,Private Attorney Incarceration,Private Attorney No Incarceration,Private Attorney Total Cases,Public Defender Incarceration,Public Defender No Incarceration,Public Defender Total Cases,Percent of cases with a private attorney incarcerated,Percent of cases with a public defender incarcerated
2017,64,46,110,128,59,187,58.18181818,68.44919786
2018,82,42,124,92,51,143,66.12903226,64.33566434
2019,64,66,130,98,46,144,49.23076923,68.05555556
2020,63,46,109,90,49,139,57.79816514,64.74820144
2021,69,36,105,94,47,141,65.71428571,66.66666667
2022,69,23,92,98,45,143,75,68.53146853
2023,43,28,71,41,43,84,60.56338028,48.80952381
