Disposition Year,Hispanic Incarceration,Hispanic No Incarceration,Hispanic Total,White Incarceration,White No Incarceration,White Total,Percent of Hispanic defendants incarcerated,Percent of White defendants incarcerated
2019,34,26,60,122,93,215,56.66666667,56.74418605
2020,42,19,61,116,78,194,68.85245902,59.79381443
2021,49,18,67,117,71,188,73.13432836,62.23404255
2022,46,25,71,117,45,162,64.78873239,72.22222222
2023,37,19,56,92,56,148,66.07142857,62.16216216
2024,30,11,41,73,34,107,73.17073171,68.22429907
2025,9,9,18,30,20,50,50,60
