Disposition Year,Hispanic No Pretrial,Hispanic Pretrial,Hispanic Total Cases,White No Pretrial,White Pretrial,White Total Cases,Percent of Hispanic defendants detained pretrial,Percent of White defendants detained pretrial
2019,182,130,312,885,397,1282,41.66666667,30.96723869
2020,145,113,258,744,293,1037,43.79844961,28.25458052
2021,216,139,355,843,342,1185,39.15492958,28.86075949
2022,189,110,299,753,368,1121,36.78929766,32.82783229
2023,246,82,328,709,254,963,25,26.37590862
2024,168,67,235,614,220,834,28.5106383,26.37889688
