Fine/ Comm. Serv/ Fee,Credit for time served,Probation,Probation plus Jail,Jail,Comm. Corr.,Youth Corr.,Prison
1119.0,115.0,624.0,226.0,141.0,60.0,12.0,75.0
-20.86280057,-7.258064516,-18.96103896,8.133971292,9.302325581,-4.761904762,0.0,7.142857143
