Disposition Year,Private Attorney Incarceration,Private Attorney No Incarceration,Private Attorney Total Cases,Public Defender Incarceration,Public Defender No Incarceration,Public Defender Total Cases,Percent of cases with a private attorney incarcerated,Percent of cases with a public defender incarcerated
2017,64,46,110,128,59,187,58.18181818,68.44919786
2018,82,42,124,92,51,143,66.12903226,64.33566434
2019,64,65,129,98,47,145,49.6124031,67.5862069
2020,63,46,109,91,50,141,57.79816514,64.53900709
2021,70,35,105,93,49,142,66.66666667,65.49295775
2022,70,27,97,97,45,142,72.16494845,68.30985915
2023,23,20,43,34,31,65,53.48837209,52.30769231
