Disposition Year,Private Attorney Incarceration,Private Attorney No Incarceration,Private Attorney Total Cases,Public Defender Incarceration,Public Defender No Incarceration,Public Defender Total Cases,Percent of cases with a private attorney incarcerated,Percent of cases with a public defender incarcerated
2017,65,46,111,127,59,186,58.55855856,68.27956989
2018,82,41,123,92,52,144,66.66666667,63.88888889
2019,64,67,131,98,45,143,48.85496183,68.53146853
2020,64,47,111,89,49,138,57.65765766,64.49275362
2021,69,39,108,93,45,138,63.88888889,67.39130435
2022,73,23,96,94,46,140,76.04166667,67.14285714
2023,65,37,102,51,42,93,63.7254902,54.83870968
