Disposition Year,Private Attorney Incarceration,Private Attorney No Incarceration,Private Attorney Total Cases,Public Defender Incarceration,Public Defender No Incarceration,Public Defender Total Cases,Percent of cases with a private attorney incarcerated,Percent of cases with a public defender incarcerated
2017,65,46,111,127,59,186,58.55855856,68.27956989
2018,82,40,122,92,53,145,67.21311475,63.44827586
2019,64,67,131,98,45,143,48.85496183,68.53146853
2020,65,48,113,86,48,134,57.52212389,64.17910448
2021,69,39,108,95,46,141,63.88888889,67.37588652
2022,72,23,95,95,46,141,75.78947368,67.37588652
2023,69,31,100,53,40,93,69,56.98924731
2024,9,13,22,12,7,19,40.90909091,63.15789474
