,Fine/ Comm. Serv/ Fee,Credit for time served,Probation,Probation plus Jail,Jail,Comm. Corr.,Youth Corr.,Prison
Sentences in 2023,1098,143,543,189,88,28,7,59
Change since 2022,-9.480626546,20.16806723,-15.81395349,-18.18181818,-41.33333333,-54.09836066,-53.33333333,-21.33333333
