Disposition Year,Hispanic No Pretrial,Hispanic Pretrial,Hispanic Total Cases,White No Pretrial,White Pretrial,White Total Cases,Percent of Hispanic defendants detained pretrial,Percent of White defendants detained pretrial
2017.0,152.0,107.0,259.0,1049.0,348.0,1397.0,41.31274131,24.91052255
2018.0,170.0,110.0,280.0,881.0,372.0,1253.0,39.28571429,29.68874701
2019.0,179.0,130.0,309.0,877.0,393.0,1270.0,42.07119741,30.94488189
2020.0,140.0,105.0,245.0,734.0,297.0,1031.0,42.85714286,28.80698351
2021.0,210.0,133.0,343.0,831.0,328.0,1159.0,38.7755102,28.30025884
2022.0,179.0,106.0,285.0,725.0,349.0,1074.0,37.19298246,32.49534451
2023.0,63.0,22.0,85.0,199.0,46.0,245.0,25.88235294,18.7755102
