,Fine/ Comm. Serv/ Fee,Credit for time served,Probation,Probation plus Jail,Jail,Comm. Corr.,Youth Corr.,Prison
Sentences in 2023,1112,145,568,200,97,29,7,61
Change since 2022,-8.702791461,21.8487395,-12.21020093,-14.52991453,-35.33333333,-52.45901639,-53.33333333,-18.66666667
