,Fine/ Comm. Serv/ Fee,Credit for time served,Probation,Probation plus Jail,Jail,Comm. Corr.,Youth Corr.,Prison
Sentences in 2024,1212,159,479,197,77,34,3,41
Change since 2023,4.935064935,4.605263158,-18.53741497,-9.633027523,-25.24271845,3.125,-66.66666667,-39.39393939
