Disposition Year,Hispanic Incarceration,Hispanic No Incarceration,Hispanic Total,White Incarceration,White No Incarceration,White Total,Percent of Hispanic defendants incarcerated,Percent of White defendants incarcerated
2020,42,19,61,116,78,194,68.85245902,59.79381443
2021,49,18,67,117,70,187,73.13432836,62.56684492
2022,46,25,71,118,45,163,64.78873239,72.39263804
2023,37,19,56,91,57,148,66.07142857,61.48648649
2024,30,12,42,72,34,106,71.42857143,67.9245283
2025,16,25,41,74,35,109,39.02439024,67.88990826
