Disposition Year,Hispanic Incarceration,Hispanic No Incarceration,Hispanic Total,White Incarceration,White No Incarceration,White Total,Percent of Hispanic defendants incarcerated,Percent of White defendants incarcerated
2019,34,26,60,122,93,215,56.66666667,56.74418605
2020,45,19,64,113,78,191,70.3125,59.16230366
2021,49,18,67,118,71,189,73.13432836,62.43386243
2022,45,25,70,118,45,163,64.28571429,72.39263804
2023,36,19,55,93,56,149,65.45454545,62.41610738
2024,30,11,41,71,36,107,73.17073171,66.35514019
2025,3,6,9,15,17,32,,46.875
