Disposition Year,Private Attorney Incarceration,Private Attorney No Incarceration,Private Attorney Total Cases,Public Defender Incarceration,Public Defender No Incarceration,Public Defender Total Cases,Percent of cases with a private attorney incarcerated,Percent of cases with a public defender incarcerated
2017,64,43,107,128,63,191,59.81308411,67.01570681
2018,82,44,126,92,50,142,65.07936508,64.78873239
2019,63,65,128,97,47,144,49.21875,67.36111111
2020,65,47,112,90,47,137,58.03571429,65.69343066
2021,72,39,111,86,46,132,64.86486486,65.15151515
2022,55,36,91,71,45,116,60.43956044,61.20689655