Disposition Year,Hispanic Incarceration,Hispanic No Incarceration,Hispanic Total,White Incarceration,White No Incarceration,White Total,Percent of Hispanic defendants incarcerated,Percent of White defendants incarcerated
2017,17,4,21,176,108,284,80.95238095,61.97183099
2018,13,6,19,160,97,257,68.42105263,62.25680934
2019,15,10,25,140,107,247,60,56.68016194
2020,26,13,39,129,82,211,66.66666667,61.13744076
2021,30,11,41,127,77,204,73.17073171,62.25490196
2022,29,20,49,96,61,157,59.18367347,61.14649682