Disposition Year,Hispanic No Pretrial,Hispanic Pretrial,Hispanic Total Cases,White No Pretrial,White Pretrial,White Total Cases,Percent of Hispanic defendants detained pretrial,Percent of White defendants detained pretrial
2019,183,132,315,886,398,1284,41.9047619,30.99688474
2020,145,114,259,747,292,1039,44.01544402,28.1039461
2021,216,139,355,844,344,1188,39.15492958,28.95622896
2022,188,109,297,754,368,1122,36.7003367,32.79857398
2023,246,80,326,708,257,965,24.5398773,26.63212435
2024,178,76,254,649,236,885,29.92125984,26.66666667
2025,57,22,79,164,59,223,27.84810127,26.4573991
