Disposition Year,Hispanic No Pretrial,Hispanic Pretrial,Hispanic Total Cases,White No Pretrial,White Pretrial,White Total Cases,Percent of Hispanic defendants detained pretrial,Percent of White defendants detained pretrial
2017,155,108,263,1049,347,1396,41.06463878,24.85673352
2018,170,112,282,880,371,1251,39.71631206,29.65627498
2019,180,130,310,879,394,1273,41.93548387,30.9505106
2020,141,109,250,735,297,1032,43.6,28.77906977
2021,215,137,352,834,335,1169,38.92045455,28.65697177
2022,183,112,295,735,359,1094,37.96610169,32.81535649
2023,170,52,222,510,153,663,23.42342342,23.07692308
