Disposition Year,Hispanic No Pretrial,Hispanic Pretrial,Hispanic Total Cases,White No Pretrial,White Pretrial,White Total Cases,Percent of Hispanic defendants detained pretrial,Percent of White defendants detained pretrial
2020,144,112,256,748,293,1041,43.75,28.14601345
2021,215,140,355,844,343,1187,39.43661972,28.89637742
2022,187,111,298,753,371,1124,37.24832215,33.00711744
2023,244,80,324,707,254,961,24.69135802,26.43080125
2024,177,77,254,654,235,889,30.31496063,26.43419573
2025,186,82,268,576,219,795,30.59701493,27.54716981
