Disposition Year,Hispanic No Pretrial,Hispanic Pretrial,Hispanic Total Cases,White No Pretrial,White Pretrial,White Total Cases,Percent of Hispanic defendants detained pretrial,Percent of White defendants detained pretrial
2019,183,128,311,886,398,1284,41.15755627,30.99688474
2020,143,113,256,749,293,1042,44.140625,28.11900192
2021,217,139,356,844,342,1186,39.04494382,28.83642496
2022,188,110,298,753,367,1120,36.91275168,32.76785714
2023,247,81,328,707,257,964,24.69512195,26.65975104
2024,178,76,254,649,236,885,29.92125984,26.66666667
2025,85,40,125,255,96,351,32,27.35042735
