Disposition Year,Hispanic No Pretrial,Hispanic Pretrial,Hispanic Total Cases,White No Pretrial,White Pretrial,White Total Cases,Percent of Hispanic defendants detained pretrial,Percent of White defendants detained pretrial
2019,180,129,309,880,397,1277,41.74757282,31.08848865
2020,142,109,251,737,296,1033,43.42629482,28.65440465
2021,216,137,353,836,337,1173,38.8101983,28.72975277
2022,188,111,299,746,363,1109,37.12374582,32.73219116
2023,241,80,321,680,242,922,24.92211838,26.2472885
2024,85,33,118,242,83,325,27.96610169,25.53846154
