Disposition Year,Hispanic Incarceration,Hispanic No Incarceration,Hispanic Total,White Incarceration,White No Incarceration,White Total,Percent of Hispanic defendants incarcerated,Percent of White defendants incarcerated
2019,34,26,60,123,93,216,56.66666667,56.94444444
2020,45,19,64,113,78,191,70.3125,59.16230366
2021,48,18,66,117,70,187,72.72727273,62.56684492
2022,46,25,71,118,45,163,64.78873239,72.39263804
2023,36,19,55,93,56,149,65.45454545,62.41610738
2024,29,13,42,69,38,107,69.04761905,64.48598131
