Disposition Year,Hispanic No Pretrial,Hispanic Pretrial,Hispanic Total Cases,White No Pretrial,White Pretrial,White Total Cases,Percent of Hispanic defendants detained pretrial,Percent of White defendants detained pretrial
2019,180,129,309,881,397,1278,41.74757282,31.06416275
2020,144,111,255,738,294,1032,43.52941176,28.48837209
2021,216,136,352,838,339,1177,38.63636364,28.80203908
2022,188,110,298,747,366,1113,36.91275168,32.88409704
2023,242,81,323,686,243,929,25.07739938,26.15715823
2024,130,53,183,444,145,589,28.96174863,24.6179966
