Disposition Year,Private Attorney Incarceration,Private Attorney No Incarceration,Private Attorney Total Cases,Public Defender Incarceration,Public Defender No Incarceration,Public Defender Total Cases,Percent of cases with a private attorney incarcerated,Percent of cases with a public defender incarcerated
2017.0,64.0,46.0,110.0,128.0,59.0,187.0,58.18181818,68.44919786
2018.0,82.0,42.0,124.0,92.0,50.0,142.0,66.12903226,64.78873239
2019.0,64.0,65.0,129.0,98.0,47.0,145.0,49.6124031,67.5862069
2020.0,62.0,46.0,108.0,91.0,49.0,140.0,57.40740741,65.0
2021.0,70.0,35.0,105.0,91.0,51.0,142.0,66.66666667,64.08450704
2022.0,71.0,29.0,100.0,96.0,44.0,140.0,71.0,68.57142857
2023.0,16.0,11.0,27.0,20.0,18.0,38.0,59.25925926,52.63157895
