Disposition Year,Hispanic Incarceration,Hispanic No Incarceration,Hispanic Total,White Incarceration,White No Incarceration,White Total,Percent of Hispanic defendants incarcerated,Percent of White defendants incarcerated
2017,44,18,62,150,94,244,70.96774194,61.47540984
2018,36,18,54,138,85,223,66.66666667,61.88340807
2019,35,26,61,122,92,214,57.37704918,57.00934579
2020,43,17,60,112,78,190,71.66666667,58.94736842
2021,49,18,67,114,69,183,73.13432836,62.29508197
2022,44,24,68,119,49,168,64.70588235,70.83333333
2023,20,12,32,33,39,72,62.5,45.83333333
