Disposition Year,Hispanic Incarceration,Hispanic No Incarceration,Hispanic Total,White Incarceration,White No Incarceration,White Total,Percent of Hispanic defendants incarcerated,Percent of White defendants incarcerated
2017.0,44.0,18.0,62.0,150.0,94.0,244.0,70.96774194,61.47540984
2018.0,36.0,17.0,53.0,138.0,86.0,224.0,67.9245283,61.60714286
2019.0,35.0,26.0,61.0,121.0,92.0,213.0,57.37704918,56.80751174
2020.0,41.0,17.0,58.0,114.0,78.0,192.0,70.68965517,59.375
2021.0,49.0,18.0,67.0,112.0,70.0,182.0,73.13432836,61.53846154
2022.0,44.0,24.0,68.0,118.0,49.0,167.0,64.70588235,70.65868263
2023.0,15.0,7.0,22.0,18.0,20.0,38.0,68.18181818,47.36842105
