Disposition Year,Hispanic Incarceration,Hispanic No Incarceration,Hispanic Total,White Incarceration,White No Incarceration,White Total,Percent of Hispanic defendants incarcerated,Percent of White defendants incarcerated
2017,44,19,63,149,93,242,69.84126984,61.57024793
2018,36,18,54,138,86,224,66.66666667,61.60714286
2019,35,26,61,122,92,214,57.37704918,57.00934579
2020,43,17,60,114,78,192,71.66666667,59.375
2021,49,18,67,115,67,182,73.13432836,63.18681319
2022,44,24,68,119,46,165,64.70588235,72.12121212
2023,27,17,44,53,52,105,61.36363636,50.47619048
