Disposition Year,Private Attorney Incarceration,Private Attorney No Incarceration,Private Attorney Total Cases,Public Defender Incarceration,Public Defender No Incarceration,Public Defender Total Cases,Percent of cases with a private attorney incarcerated,Percent of cases with a public defender incarcerated
2019,66,68,134,95,45,140,49.25373134,67.85714286
2020,75,51,126,77,43,120,59.52380952,64.16666667
2021,80,44,124,81,42,123,64.51612903,65.85365854
2022,81,23,104,85,44,129,77.88461538,65.89147287
2023,71,27,98,58,44,102,72.44897959,56.8627451
2024,47,17,64,55,25,80,73.4375,68.75
2025,20,15,35,18,14,32,57.14285714,56.25
