Disposition Year,Hispanic Incarceration,Hispanic No Incarceration,Hispanic Total,White Incarceration,White No Incarceration,White Total,Percent of Hispanic defendants incarcerated,Percent of White defendants incarcerated
2019,33,26,59,124,92,216,55.93220339,57.40740741
2020,44,17,61,113,79,192,72.13114754,58.85416667
2021,48,18,66,117,67,184,72.72727273,63.58695652
2022,46,24,70,118,45,163,65.71428571,72.39263804
2023,36,19,55,88,55,143,65.45454545,61.53846154
2024,14,11,25,33,19,52,56,63.46153846
