Disposition Year,Hispanic No Pretrial,Hispanic Pretrial,Hispanic Total Cases,White No Pretrial,White Pretrial,White Total Cases,Percent of Hispanic defendants detained pretrial,Percent of White defendants detained pretrial
2017,156,109,265,1050,345,1395,41.13207547,24.7311828
2018,172,114,286,878,371,1249,39.86013986,29.70376301
2019,180,130,310,878,395,1273,41.93548387,31.0290652
2020,142,109,251,740,298,1038,43.42629482,28.70905588
2021,215,136,351,835,337,1172,38.74643875,28.75426621
2022,186,112,298,739,360,1099,37.58389262,32.75705187
2023,238,75,313,664,226,890,23.96166134,25.39325843
