Disposition Year,Hispanic Incarceration,Hispanic No Incarceration,Hispanic Total,White Incarceration,White No Incarceration,White Total,Percent of Hispanic defendants incarcerated,Percent of White defendants incarcerated
2019,33,26,59,124,92,216,55.93220339,57.40740741
2020,44,18,62,113,78,191,70.96774194,59.16230366
2021,48,18,66,117,68,185,72.72727273,63.24324324
2022,46,24,70,118,46,164,65.71428571,71.95121951
2023,36,19,55,89,56,145,65.45454545,61.37931034
2024,22,13,35,49,30,79,62.85714286,62.02531646
