Disposition Year,Hispanic Incarceration,Hispanic No Incarceration,Hispanic Total,White Incarceration,White No Incarceration,White Total,Percent of Hispanic defendants incarcerated,Percent of White defendants incarcerated
2017,44,19,63,149,94,243,69.84126984,61.31687243
2018,38,18,56,136,87,223,67.85714286,60.98654709
2019,35,26,61,122,92,214,57.37704918,57.00934579
2020,43,17,60,115,78,193,71.66666667,59.58549223
2021,49,18,67,115,67,182,73.13432836,63.18681319
2022,44,24,68,119,46,165,64.70588235,72.12121212
2023,37,22,59,77,60,137,62.71186441,56.20437956
