Disposition Year,Non-White Victim Cases Dismissed,Non-White Victim Cases Not Dismissed,Non-White Victim Total Cases,White Victim Cases Dismissed,White Victim Cases Not Dismissed,White Victim Cases Total,Percent of cases dismissed involving non-white victims,Percent of cases dismissed involving white victims
2017,135,807,942,132,669,801,14.33121019,16.47940075
2018,115,565,680,148,777,925,16.91176471,16
2019,113,654,767,136,748,884,14.7327249,15.38461538
2020,95,545,640,139,598,737,14.84375,18.86024423
2021,138,754,892,147,555,702,15.47085202,20.94017094
2022,144,917,1061,124,602,726,13.57210179,17.07988981
2023,106,693,799,101,450,551,13.26658323,18.33030853
