Disposition Year,Non-White Victim Cases Dismissed,Non-White Victim Cases Not Dismissed,Non-White Victim Total Cases,White Victim Cases Dismissed,White Victim Cases Not Dismissed,White Victim Cases Total,Percent of cases dismissed involving non-white victims,Percent of cases dismissed involving white victims
2019,114,653,767,135,747,882,14.863103,15.30612245
2020,95,541,636,142,595,737,14.93710692,19.26729986
2021,140,752,892,149,552,701,15.69506726,21.2553495
2022,148,913,1061,127,598,725,13.94910462,17.51724138
2023,148,935,1083,140,604,744,13.66574331,18.8172043
2024,138,624,762,102,391,493,18.11023622,20.68965517
