Disposition Year,Non-White Victim Cases Dismissed,Non-White Victim Cases Not Dismissed,Non-White Victim Total Cases,White Victim Cases Dismissed,White Victim Cases Not Dismissed,White Victim Cases Total,Percent of cases dismissed involving non-white victims,Percent of cases dismissed involving white victims
2017.0,134.0,804.0,938.0,131.0,668.0,799.0,14.28571429,16.39549437
2018.0,114.0,564.0,678.0,146.0,775.0,921.0,16.81415929,15.85233442
2019.0,113.0,655.0,768.0,134.0,748.0,882.0,14.71354167,15.19274376
2020.0,88.0,534.0,622.0,138.0,592.0,730.0,14.14790997,18.90410959
2021.0,131.0,733.0,864.0,140.0,537.0,677.0,15.16203704,20.67946824
2022.0,141.0,875.0,1016.0,119.0,576.0,695.0,13.87795276,17.12230216
2023.0,38.0,237.0,275.0,41.0,158.0,199.0,13.81818182,20.60301508
