Filing Year,White Victim,NonWhite Victim,Total Cases Filed,Percent involving a white victim,Percent involving a non-white victim
2017.0,42.0,57.0,99.0,42.42424242,57.57575758
2018.0,42.0,52.0,94.0,44.68085106,55.31914894
2019.0,48.0,36.0,84.0,57.14285714,42.85714286
2020.0,29.0,66.0,95.0,30.52631579,69.47368421
2021.0,30.0,71.0,101.0,29.7029703,70.2970297
2022.0,20.0,60.0,80.0,25.0,75.0
2023.0,4.0,17.0,21.0,19.04761905,80.95238095
