Disposition Year,Highest Income Neighbood Cases Dismissed,Highest Income Neighborhood Cases Not Dismissed,Highest Income Neighborhood Total Cases Disposed,Lowest Income Neighbood Cases Dismissed,Lowest Income Neighborhood Cases Not Dismissed,Lowest Income Neighborhood Total Cases Disposed,Percent of cases in highest income zip codes dismissed,Percent of cases in lowest income zip codes dismissed
2017.0,97.0,354.0,451.0,23.0,86.0,109.0,21.50776053,21.10091743
2018.0,87.0,340.0,427.0,25.0,78.0,103.0,20.37470726,24.27184466
2019.0,72.0,346.0,418.0,17.0,95.0,112.0,17.22488038,15.17857143
2020.0,63.0,264.0,327.0,15.0,74.0,89.0,19.26605505,16.85393258
2021.0,87.0,284.0,371.0,15.0,86.0,101.0,23.45013477,14.85148515
2022.0,77.0,360.0,437.0,24.0,80.0,104.0,17.6201373,23.07692308
2023.0,26.0,106.0,132.0,5.0,32.0,37.0,19.6969697,13.51351351
