Disposition Year,Non-White Victim Cases Dismissed,Non-White Victim Cases Not Dismissed,Non-White Victim Total Cases,White Victim Cases Dismissed,White Victim Cases Not Dismissed,White Victim Cases Total,Percent of cases dismissed involving non-white victims,Percent of cases dismissed involving white victims
2017,134,807,941,131,668,799,14.24017003,16.39549437
2018,115,565,680,149,776,925,16.91176471,16.10810811
2019,114,653,767,136,747,883,14.863103,15.40203851
2020,95,541,636,142,595,737,14.93710692,19.26729986
2021,140,752,892,149,553,702,15.69506726,21.22507123
2022,148,912,1060,127,598,725,13.96226415,17.51724138
2023,146,934,1080,140,601,741,13.51851852,18.89338731
2024,37,200,237,33,132,165,15.61181435,20
