Disposition Year,Non-White Victim Cases Dismissed,Non-White Victim Cases Not Dismissed,Non-White Victim Total Cases,White Victim Cases Dismissed,White Victim Cases Not Dismissed,White Victim Cases Total,Percent of cases dismissed involving non-white victims,Percent of cases dismissed involving white victims
2017,135,807,942,132,668,800,14.33121019,16.5
2018,115,565,680,148,777,925,16.91176471,16
2019,113,655,768,136,755,891,14.71354167,15.2637486
2020,95,545,640,138,598,736,14.84375,18.75
2021,135,766,901,145,560,705,14.98335183,20.56737589
2022,138,927,1065,118,629,747,12.95774648,15.79651941
2023,129,916,1045,129,580,709,12.34449761,18.19464034
