Disposition Year,Non-White Victim Cases Dismissed,Non-White Victim Cases Not Dismissed,Non-White Victim Total Cases,White Victim Cases Dismissed,White Victim Cases Not Dismissed,White Victim Cases Total,Percent of cases dismissed involving non-white victims,Percent of cases dismissed involving white victims
2017,134,807,941,131,668,799,14.24017003,16.39549437
2018,115,565,680,146,775,921,16.91176471,15.85233442
2019,113,654,767,134,749,883,14.7327249,15.17553794
2020,94,543,637,138,596,734,14.7566719,18.80108992
2021,138,752,890,147,551,698,15.50561798,21.06017192
2022,144,908,1052,123,595,718,13.68821293,17.13091922
2023,77,479,556,77,303,380,13.84892086,20.26315789
