Disposition Year,Non-White Victim Cases Dismissed,Non-White Victim Cases Not Dismissed,Non-White Victim Total Cases,White Victim Cases Dismissed,White Victim Cases Not Dismissed,White Victim Cases Total,Percent of cases dismissed involving non-white victims,Percent of cases dismissed involving white victims
2017,131,804,935,129,667,796,14.01069519,16.20603015
2018,112,560,672,143,769,912,16.66666667,15.67982456
2019,114,646,760,130,740,870,15,14.94252874
2020,84,519,603,133,575,708,13.93034826,18.78531073
2021,123,688,811,131,510,641,15.16646116,20.43681747
2022,98,575,673,82,365,447,14.56166419,18.34451902