Referral Year,Black Felony Referrals Filed,Black Felony Referrals Not Filed,Black Total Felony Referrals,Hispanic Felony Referrals Filed,Hispanic Felony Referrals Not Filed,Hispanic Total Felony Referrals,White Felony Referrals Filed,White Felony Referrals Not Filed,White Total Felony Referrals,Percent of cases involving Black defendants declined,Percent of cases involving Hispanic defendants declined,Percent of cases involving White defendants declined
2020,448,46,494,1446,138,1584,2489,251,2740,9.311740891,8.712121212,9.160583942
2021,465,81,546,1538,231,1769,2233,344,2577,14.83516484,13.05822499,13.34885526
2022,461,62,523,1403,194,1597,2102,273,2375,11.85468451,12.14777708,11.49473684
2023,476,53,529,1497,171,1668,2142,229,2371,10.01890359,10.25179856,9.658371995
2024,454,82,536,1591,253,1844,2006,331,2337,15.29850746,13.72017354,14.16345742
2025,453,100,553,1386,269,1655,1657,361,2018,18.08318264,16.25377644,17.88899901
