Referral Year,Black Felony Referrals Filed,Black Felony Referrals Not Filed,Black Total Felony Referrals,Hispanic Felony Referrals Filed,Hispanic Felony Referrals Not Filed,Hispanic Total Felony Referrals,White Felony Referrals Filed,White Felony Referrals Not Filed,White Total Felony Referrals,Percent of cases involving Black defendants declined,Percent of cases involving Hispanic defendants declined,Percent of cases involving White defendants declined
2019,534,49,583,1623,95,1718,3127,226,3353,8.404802744,5.529685681,6.740232627
2020,440,46,486,1441,135,1576,2496,252,2748,9.465020576,8.565989848,9.170305677
2021,461,82,543,1530,225,1755,2243,348,2591,15.10128913,12.82051282,13.43110768
2022,466,63,529,1399,190,1589,2105,276,2381,11.90926276,11.95720579,11.59176816
2023,474,51,525,1494,159,1653,2148,222,2370,9.714285714,9.618874773,9.367088608
2024,246,24,270,840,78,918,993,114,1107,8.888888889,8.496732026,10.29810298
