Referral Year,Black Felony Referrals Filed,Black Felony Referrals Not Filed,Black Total Felony Referrals,Hispanic Felony Referrals Filed,Hispanic Felony Referrals Not Filed,Hispanic Total Felony Referrals,White Felony Referrals Filed,White Felony Referrals Not Filed,White Total Felony Referrals,Percent of cases involving Black defendants declined,Percent of cases involving Hispanic defendants declined,Percent of cases involving White defendants declined
2019,535,49,584,1628,95,1723,3125,226,3351,8.390410959,5.513639002,6.744255446
2020,439,45,484,1444,136,1580,2494,254,2748,9.297520661,8.607594937,9.243085881
2021,465,84,549,1528,223,1751,2244,348,2592,15.30054645,12.73557967,13.42592593
2022,467,62,529,1391,191,1582,2115,276,2391,11.72022684,12.07332491,11.54328733
2023,474,53,527,1498,163,1661,2142,222,2364,10.056926,9.813365443,9.390862944
2024,351,43,394,1215,134,1349,1509,192,1701,10.91370558,9.933283914,11.28747795
