Referral Year,Felony Referrals Filed,Felony Referrals Not Filed,Total Felony Referrals,Felony Cases Acquitted,Felony Cases Deferred,Felony Cases Dismissed,Felony Cases Found Guilty,Felony Cases Plea Dismissal,Felony Cases Plead Guilty,Total Felony Cases Disposed,Percent of felony referrals declined,Percent of felony cases dismissed after filing
2017,5216,158,5374,28,395,274,88,175,3884,4844,2.940081876,5.656482246
2018,5270,280,5550,21,431,292,70,157,4095,5066,5.045045045,5.763916305
2019,5473,394,5867,36,467,332,86,160,4043,5124,6.715527527,6.479313037
2020,4504,451,4955,10,397,360,47,192,2536,3542,9.101917255,10.16374929
2021,4370,680,5050,23,397,448,52,185,2963,4068,13.46534653,11.01278269
2022,4056,546,4602,18,446,415,61,199,3035,4174,11.86440678,9.942501198
2023,4240,432,4672,9,394,445,67,172,3131,4218,9.246575342,10.55002371
2024,1027,96,1123,4,109,107,12,29,791,1052,8.548530721,10.17110266
