Referral Year,Black Felony Referrals Filed,Black Felony Referrals Not Filed,Black Total Felony Referrals,Hispanic Felony Referrals Filed,Hispanic Felony Referrals Not Filed,Hispanic Total Felony Referrals,White Felony Referrals Filed,White Felony Referrals Not Filed,White Total Felony Referrals,Percent of cases involving Black defendants declined,Percent of cases involving Hispanic defendants declined,Percent of cases involving White defendants declined
2017,540,9,549,1465,51,1516,3018,87,3105,1.639344262,3.364116095,2.801932367
2018,531,24,555,1446,72,1518,3124,167,3291,4.324324324,4.743083004,5.074445457
2019,535,49,584,1629,95,1724,3130,226,3356,8.390410959,5.510440835,6.73420739
2020,446,46,492,1446,136,1582,2496,252,2748,9.349593496,8.596713021,9.170305677
2021,466,82,548,1535,223,1758,2235,352,2587,14.96350365,12.68486917,13.60649401
2022,469,64,533,1395,187,1582,2105,279,2384,12.00750469,11.8204804,11.70302013
2023,481,50,531,1508,147,1655,2154,217,2371,9.416195857,8.882175227,9.152256432
2024,109,9,118,403,28,431,492,56,548,7.627118644,6.496519722,10.2189781
