Referral Year,Black Felony Referrals Filed,Black Felony Referrals Not Filed,Black Total Felony Referrals,Hispanic Felony Referrals Filed,Hispanic Felony Referrals Not Filed,Hispanic Total Felony Referrals,White Felony Referrals Filed,White Felony Referrals Not Filed,White Total Felony Referrals,Percent of cases involving Black defendants declined,Percent of cases involving Hispanic defendants declined,Percent of cases involving White defendants declined
2019,536,49,585,1632,97,1729,3124,225,3349,8.376068376,5.610179294,6.71842341
2020,442,46,488,1439,135,1574,2498,255,2753,9.426229508,8.576874206,9.262622594
2021,465,84,549,1527,225,1752,2245,346,2591,15.30054645,12.84246575,13.35391741
2022,464,63,527,1389,191,1580,2119,276,2395,11.9544592,12.08860759,11.52400835
2023,472,53,525,1492,166,1658,2151,223,2374,10.0952381,10.01206273,9.393428812
2024,452,59,511,1580,214,1794,2023,299,2322,11.54598826,11.92865106,12.87683032
2025,119,12,131,386,37,423,462,50,512,9.160305344,8.747044917,9.765625
