Referral Year,Filed,Declined,Total Felony Referrals,Percent Declined
2017,5214,158,5372,2.941176471
2018,5267,280,5547,5.047773571
2019,5462,394,5856,6.728142077
2020,4489,451,4940,9.129554656
2021,4363,680,5043,13.48403728
2022,4054,546,4600,11.86956522
2023,4218,453,4671,9.698137444
