Referral Year,Black Felony Referrals Filed,Black Felony Referrals Not Filed,Black Total Felony Referrals,Hispanic Felony Referrals Filed,Hispanic Felony Referrals Not Filed,Hispanic Total Felony Referrals,White Felony Referrals Filed,White Felony Referrals Not Filed,White Total Felony Referrals,Percent of cases involving Black defendants declined,Percent of cases involving Hispanic defendants declined,Percent of cases involving White defendants declined
2017,563,15,578,1514,67,1581,3118,117,3235,2.595155709,4.237824162,3.616692427
2018,559,24,583,1514,80,1594,3248,177,3425,4.116638079,5.018820577,5.167883212
2019,558,51,609,1714,97,1811,3279,240,3519,8.374384236,5.356156819,6.820119352
2020,479,46,525,1529,141,1670,2659,256,2915,8.761904762,8.443113772,8.782161235
2021,508,83,591,1651,229,1880,2416,359,2775,14.04399323,12.18085106,12.93693694
2022,502,67,569,1490,192,1682,2277,287,2564,11.77504394,11.41498216,11.19344774
2023,477,44,521,1514,129,1643,2149,202,2351,8.445297505,7.851491175,8.592088473
