Referral Year,Felony Referrals Filed,Felony Referrals Not Filed,Total Felony Referrals,Felony Cases Acquitted,Felony Cases Deferred,Felony Cases Dismissed,Felony Cases Found Guilty,Felony Cases Plea Dismissal,Felony Cases Plead Guilty,Total Felony Cases Disposed,Percent of felony referrals declined,Percent of felony cases dismissed after filing
2017,5213,158,5371,28,393,274,86,175,3882,4838,2.941724074,5.663497313
2018,5266,280,5546,21,427,293,70,157,4096,5064,5.048683736,5.785939968
2019,5463,394,5857,36,466,332,83,159,4040,5116,6.726993341,6.489444879
2020,4489,451,4940,10,392,359,46,191,2532,3530,9.129554656,10.16997167
2021,4364,680,5044,23,397,446,52,185,2968,4071,13.481364,10.95553918
2022,4055,546,4601,18,448,420,62,199,3065,4212,11.86698544,9.971509972
2023,4219,456,4675,8,402,447,67,175,3162,4261,9.754010695,10.49049519
2024,4156,540,4696,18,438,456,70,140,3053,4175,11.49914821,10.92215569
