Referral Year,Felony Referrals Filed,Felony Referrals Not Filed,Total Felony Referrals,Felony Cases Acquitted,Felony Cases Deferred,Felony Cases Dismissed,Felony Cases Found Guilty,Felony Cases Plea Dismissal,Felony Cases Plead Guilty,Total Felony Cases Disposed,Percent of felony referrals declined,Percent of felony cases dismissed after filing
2017,5443,158,5601,28,395,275,90,174,3885,4847,2.820924835,5.673612544
2018,5521,280,5801,21,438,286,70,157,4093,5065,4.826754008,5.646594274
2019,5767,395,6162,36,479,325,87,159,4039,5125,6.41025641,6.341463415
2020,4802,451,5253,10,411,348,46,193,2540,3548,8.58557015,9.808342728
2021,4730,680,5410,23,414,431,51,184,2956,4059,12.56931608,10.61837891
2022,4385,546,4931,18,481,373,61,197,3006,4136,11.0728047,9.018375242
2023,2240,163,2403,5,237,203,35,64,1719,2263,6.783187682,8.970393283
