Referral Year,Filed,Declined,Total Felony Referrals,Percent Declined
2017.0,5214.0,396.0,5610.0,7.058823529
2018.0,5266.0,547.0,5813.0,9.409943231
2019.0,5472.0,697.0,6169.0,11.29842762
2020.0,4503.0,749.0,5252.0,14.26123382
2021.0,4368.0,1050.0,5418.0,19.37984496
2022.0,4052.0,884.0,4936.0,17.90923825
