Referral Year,Filed,Declined,Total Felony Referrals,Percent Declined
2017,5216,158,5374,2.940081876
2018,5270,280,5550,5.045045045
2019,5473,394,5867,6.715527527
2020,4504,451,4955,9.101917255
2021,4370,680,5050,13.46534653
2022,4056,546,4602,11.86440678
2023,4240,432,4672,9.246575342
2024,1027,96,1123,8.548530721
