Referral Year,Black Felony Referrals Filed,Black Felony Referrals Not Filed,Black Total Felony Referrals,Hispanic Felony Referrals Filed,Hispanic Felony Referrals Not Filed,Hispanic Total Felony Referrals,White Felony Referrals Filed,White Felony Referrals Not Filed,White Total Felony Referrals,Percent of cases involving Black defendants declined,Percent of cases involving Hispanic defendants declined,Percent of cases involving White defendants declined
2019,536,49,585,1632,96,1728,3123,226,3349,8.376068376,5.555555556,6.74828307
2020,442,45,487,1440,136,1576,2496,255,2751,9.240246407,8.629441624,9.269356598
2021,467,84,551,1526,225,1751,2243,346,2589,15.24500907,12.84980011,13.36423329
2022,468,63,531,1386,190,1576,2120,276,2396,11.86440678,12.05583756,11.51919866
2023,473,53,526,1491,166,1657,2152,221,2373,10.07604563,10.01810501,9.313105773
2024,455,57,512,1596,190,1786,2006,273,2279,11.1328125,10.63829787,11.97893813
