Referral Year,Felony Referrals Filed,Felony Referrals Not Filed,Total Felony Referrals,Felony Cases Acquitted,Felony Cases Deferred,Felony Cases Dismissed,Felony Cases Found Guilty,Felony Cases Plea Dismissal,Felony Cases Plead Guilty,Total Felony Cases Disposed,Percent of felony referrals declined,Percent of felony cases dismissed after filing
2017,5213,158,5371,29,393,277,86,178,3883,4846,2.941724074,5.716054478
2018,5266,280,5546,21,427,295,70,158,4097,5068,5.048683736,5.820836622
2019,5463,394,5857,37,466,335,83,157,4042,5120,6.726993341,6.54296875
2020,4489,451,4940,10,392,359,45,193,2533,3532,9.129554656,10.16421291
2021,4364,680,5044,23,397,447,52,186,2967,4072,13.481364,10.97740668
2022,4056,546,4602,18,448,421,62,201,3075,4225,11.86440678,9.964497041
2023,4219,459,4678,8,405,448,67,175,3163,4266,9.811885421,10.50164088
2024,4159,594,4753,18,437,460,71,143,2991,4120,12.49737008,11.16504854
2025,985,103,1088,5,101,125,24,46,801,1102,9.466911765,11.3430127
