Referral Year,Felony Referrals Filed,Felony Referrals Not Filed,Total Felony Referrals,Felony Cases Acquitted,Felony Cases Deferred,Felony Cases Dismissed,Felony Cases Found Guilty,Felony Cases Plea Dismissal,Felony Cases Plead Guilty,Total Felony Cases Disposed,Percent of felony referrals declined,Percent of felony cases dismissed after filing
2017,5400,211,5611,274,175,396,28,88,3886,4847,3.760470504,8.170002063
2018,5504,298,5802,286,157,439,21,70,4093,5066,5.136159945,8.665613897
2019,5747,414,6161,331,159,480,36,86,4040,5132,6.719688362,9.353078722
2020,4793,460,5253,351,193,421,10,46,2541,3562,8.756900819,11.8192027
2021,4714,696,5410,435,185,425,23,52,2958,4078,12.8650647,10.42177538
2022,4380,563,4943,364,198,485,18,61,3031,4157,11.38984422,11.6670676
2023,4238,391,4629,378,168,440,8,67,3155,4216,6.968454821,10.43643264
