Referral Year,Black Felony Referrals Filed,Black Felony Referrals Not Filed,Black Total Felony Referrals,Hispanic Felony Referrals Filed,Hispanic Felony Referrals Not Filed,Hispanic Total Felony Referrals,White Felony Referrals Filed,White Felony Referrals Not Filed,White Total Felony Referrals,Percent of cases involving Black defendants declined,Percent of cases involving Hispanic defendants declined,Percent of cases involving White defendants declined
2019,537,49,586,1624,97,1721,3132,225,3357,8.361774744,5.63625799,6.702412869
2020,443,46,489,1439,136,1575,2492,254,2746,9.406952965,8.634920635,9.249817917
2021,463,82,545,1531,227,1758,2243,346,2589,15.04587156,12.91240046,13.36423329
2022,464,63,527,1393,192,1585,2113,275,2388,11.9544592,12.11356467,11.5159129
2023,474,53,527,1495,167,1662,2148,226,2374,10.056926,10.04813478,9.51979781
2024,451,68,519,1586,222,1808,2019,308,2327,13.10211946,12.27876106,13.23592609
2025,226,34,260,703,101,804,850,131,981,13.07692308,12.56218905,13.35372069
