Referral Year,Filed,Declined,Total Felony Referrals,Percent Declined
2017,5213,158,5371,2.941724074
2018,5266,280,5546,5.048683736
2019,5463,394,5857,6.726993341
2020,4489,451,4940,9.129554656
2021,4364,680,5044,13.481364
2022,4055,546,4601,11.86698544
2023,4219,456,4675,9.754010695
2024,4156,540,4696,11.49914821
