Referral Year,Filed,Declined,Total Felony Referrals,Percent Declined
2017,5400,211,5611,3.760470504
2018,5504,298,5802,5.136159945
2019,5747,414,6161,6.719688362
2020,4793,460,5253,8.756900819
2021,4714,696,5410,12.8650647
2022,4380,563,4943,11.38984422
2023,4238,391,4629,6.968454821
