Referral Year,Felony Referrals Filed,Felony Referrals Not Filed,Total Felony Referrals,Felony Cases Acquitted,Felony Cases Deferred,Felony Cases Dismissed,Felony Cases Found Guilty,Felony Cases Plea Dismissal,Felony Cases Plead Guilty,Total Felony Cases Disposed,Percent of felony referrals declined,Percent of felony cases dismissed after filing
2017,5214,158,5372,28,394,274,86,175,3883,4840,2.941176471,5.661157025
2018,5267,280,5547,21,428,292,70,157,4096,5064,2.941176471,5.766192733
2019,5463,394,5857,36,467,331,86,160,4043,5123,2.941176471,6.461057974
2020,4489,451,4940,10,392,359,47,191,2533,3532,2.941176471,10.16421291
2021,4363,680,5043,23,398,448,52,184,2963,4068,2.941176471,11.01278269
2022,4054,546,4600,18,446,415,62,199,3044,4184,2.941176471,9.91873805
2023,4217,449,4666,8,394,446,67,173,3132,4220,2.941176471,10.56872038
2024,2129,226,2355,7,216,232,28,71,1558,2112,2.941176471,10.98484848
