Referral Year,Filed,Declined,Total Felony Referrals,Percent Declined
2017,5443,158,5601,2.820924835
2018,5521,280,5801,4.826754008
2019,5767,395,6162,6.41025641
2020,4802,451,5253,8.58557015
2021,4730,680,5410,12.56931608
2022,4385,546,4931,11.0728047
