Referral Year,Black Felony Referrals Filed,Black Felony Referrals Not Filed,Black Total Felony Referrals,Hispanic Felony Referrals Filed,Hispanic Felony Referrals Not Filed,Hispanic Total Felony Referrals,White Felony Referrals Filed,White Felony Referrals Not Filed,White Total Felony Referrals,Percent of cases involving Black defendants declined,Percent of cases involving Hispanic defendants declined,Percent of cases involving White defendants declined
2017,565,9,574,1520,51,1571,3153,89,3242,1.567944251,3.246339911,2.745219001
2018,556,24,580,1516,73,1589,3262,166,3428,4.137931034,4.59408433,4.842473746
2019,558,49,607,1703,95,1798,3306,226,3532,8.072487644,5.283648498,6.398640997
2020,474,46,520,1526,136,1662,2670,252,2922,8.846153846,8.182912154,8.624229979
2021,501,80,581,1642,220,1862,2444,353,2797,13.76936317,11.81525242,12.620665
2022,502,64,566,1474,181,1655,2293,285,2578,11.30742049,10.93655589,11.05508146
2023,253,15,268,774,54,828,1157,90,1247,5.597014925,6.52173913,7.217321572
