Disposition Year,Black Incarceration,Black No Incarceration,Black Total,Hispanic Incarceration,Hispanic No Incarceration,Hispanic Total,White Incarceration,White No Incarceration,White Total,Percent of Black defendants incarcerated,Percent of Hispanic defendants incarcerated,Percent of White defendants incarcerated
2019,279,235,514,167,131,298,415,265,680,54.28015564,56.04026846,61.02941176
2020,158,165,323,117,119,236,232,205,437,48.91640867,49.57627119,53.08924485
2021,184,183,367,165,122,287,319,215,534,50.13623978,57.4912892,59.73782772
2022,228,166,394,178,146,324,350,235,585,57.8680203,54.9382716,59.82905983
2023,187,223,410,196,163,359,307,240,547,45.6097561,54.59610028,56.12431444
2024,181,194,375,192,162,354,231,186,417,48.26666667,54.23728814,55.39568345
2025,90,79,169,81,75,156,124,96,220,53.25443787,51.92307692,56.36363636
