Disposition Year,Private Attorney Incarceration,Private Attorney No Incarceration,Private Attorney Total Cases,Public Defender Incarceration,Public Defender No Incarceration,Public Defender Total Cases,Percent of cases with a private attorney incarcerated,Percent of cases with a public defender incarcerated
2017,628,452,1080,331,243,574,58.14814815,57.66550523
2018,687,506,1193,417,358,775,57.58591785,53.80645161
2019,653,476,1129,505,374,879,57.83879539,57.4516496
2020,329,321,650,377,330,707,50.61538462,53.32390382
2021,373,324,697,544,381,925,53.51506456,58.81081081
2022,377,248,625,715,445,1160,60.32,61.63793103
2023,146,139,285,364,244,608,51.22807018,59.86842105
