Disposition Year,Black No Pretrial,Black Pretrial,Black Total Cases,Hispanic No Pretrial,Hispanic Pretrial,Hispanic Total Cases,White No Pretrial,White Pretrial,White Total Cases,Percent of Black defendants detained pretrial,Percent of Hispanic defendants detained pretrial,Percent of White defendants detained pretrial
2017,1013,519,1532,880,378,1258,4114,1339,5453,33.8772846,30.04769475,24.55529067
2018,965,573,1538,773,420,1193,3545,1495,5040,37.25617685,35.20536463,29.66269841
2019,1099,647,1746,939,484,1423,3552,1481,5033,37.05612829,34.01264933,29.42578979
2020,687,388,1075,677,344,1021,2389,943,3332,36.09302326,33.69245837,28.30132053
2021,811,442,1253,801,433,1234,2551,1087,3638,35.27533919,35.089141,29.87905443
2022,780,585,1365,826,562,1388,2660,1392,4052,42.85714286,40.48991354,34.35340573
2023,763,595,1358,823,559,1382,2449,1340,3789,43.81443299,40.44862518,35.3655318
2024,174,140,314,217,109,326,500,244,744,44.58598726,33.43558282,32.79569892
