Disposition Year,Private Attorney Incarceration,Private Attorney No Incarceration,Private Attorney Total Cases,Public Defender Incarceration,Public Defender No Incarceration,Public Defender Total Cases,Percent of cases with a private attorney incarcerated,Percent of cases with a public defender incarcerated
2019,655,474,1129,503,374,877,58.01594331,57.35461802
2020,336,325,661,367,328,695,50.83207262,52.8057554
2021,398,315,713,530,393,923,55.82047686,57.42145179
2022,400,237,637,737,465,1202,62.79434851,61.31447587
2023,335,285,620,766,541,1307,54.03225806,58.60749809
2024,203,203,406,489,300,789,50,61.97718631
