Disposition Year,Black Incarceration,Black No Incarceration,Black Total,Hispanic Incarceration,Hispanic No Incarceration,Hispanic Total,White Incarceration,White No Incarceration,White Total,Percent of Black defendants incarcerated,Percent of Hispanic defendants incarcerated,Percent of White defendants incarcerated
2017,236,162,398,187,132,319,618,484,1102,59.29648241,58.62068966,56.07985481
2018,274,249,523,209,150,359,686,516,1202,52.39005736,58.21727019,57.07154742
2019,330,270,600,216,178,394,646,458,1104,55,54.82233503,58.51449275
2020,182,195,377,158,150,308,395,321,716,48.27586207,51.2987013,55.16759777
2021,219,208,427,214,178,392,517,345,862,51.28805621,54.59183673,59.97679814
2022,271,183,454,252,176,428,612,345,957,59.69162996,58.87850467,63.94984326
2023,233,243,476,274,201,475,536,364,900,48.94957983,57.68421053,59.55555556
2024,47,59,106,49,38,87,74,48,122,44.33962264,56.32183908,60.6557377
