Disposition Year,Highest Income Neighborhood Incarceration,Highest Income Neighborhood No Incarceration,Highest Income Neighborhood Total Cases,Lowest Income Neighborhood Incarceration,Lowest Income Neighborhood No Incarceration,Lowest Income Neighborhood Total Cases,Percent of cases from highest income zip code incarcerated,Percent of cases from lowest income zip code incarcerated
2017,63,64,127,269,239,508,49.60629921,52.95275591
2018,90,83,173,282,242,524,52.02312139,53.81679389
2019,75,87,162,330,244,574,46.2962963,57.4912892
2020,41,63,104,191,181,372,39.42307692,51.34408602
2021,53,65,118,223,209,432,44.91525424,51.62037037
2022,68,51,119,302,207,509,57.14285714,59.33202358
2023,68,58,126,264,215,479,53.96825397,55.11482255
