Disposition Year,Black No Pretrial,Black Pretrial,Black Total Cases,Hispanic No Pretrial,Hispanic Pretrial,Hispanic Total Cases,White No Pretrial,White Pretrial,White Total Cases,Percent of Black defendants detained pretrial,Percent of Hispanic defendants detained pretrial,Percent of White defendants detained pretrial
2020,589,330,919,525,247,772,1400,560,1960,35.9085963,31.99481865,28.57142857
2021,667,360,1027,557,334,891,1371,665,2036,35.05355404,37.48597082,32.66208251
2022,653,468,1121,588,383,971,1489,799,2288,41.74843889,39.4438723,34.92132867
2023,638,492,1130,601,393,994,1388,797,2185,43.53982301,39.53722334,36.47597254
2024,604,485,1089,660,430,1090,1303,772,2075,44.53627181,39.44954128,37.20481928
2025,633,490,1123,695,451,1146,1324,863,2187,43.63312556,39.35427574,39.4604481
