Disposition Year,Black Incarceration,Black No Incarceration,Black Total,Hispanic Incarceration,Hispanic No Incarceration,Hispanic Total,White Incarceration,White No Incarceration,White Total,Percent of Black defendants incarcerated,Percent of Hispanic defendants incarcerated,Percent of White defendants incarcerated
2017,236,162,398,185,125,310,621,488,1109,59.29648241,59.67741935,55.99639315
2018,270,247,517,200,150,350,698,514,1212,52.22437137,57.14285714,57.59075908
2019,328,269,597,213,174,387,649,460,1109,54.94137353,55.03875969,58.52119026
2020,183,196,379,158,152,310,392,321,713,48.28496042,50.96774194,54.97896213
2021,217,207,424,207,179,386,512,343,855,51.17924528,53.62694301,59.88304094
2022,258,182,440,241,174,415,596,341,937,58.63636364,58.07228916,63.6072572
2023,103,103,206,145,101,246,253,171,424,50,58.94308943,59.66981132
