Disposition Year,Black No Pretrial,Black Pretrial,Black Total Cases,Hispanic No Pretrial,Hispanic Pretrial,Hispanic Total Cases,White No Pretrial,White Pretrial,White Total Cases,Percent of Black defendants detained pretrial,Percent of Hispanic defendants detained pretrial,Percent of White defendants detained pretrial
2017,1012,520,1532,875,379,1254,4113,1336,5449,33.94255875,30.22328549,24.51826023
2018,959,574,1533,770,415,1185,3550,1497,5047,37.44292237,35.02109705,29.66118486
2019,1096,647,1743,933,485,1418,3557,1479,5036,37.1199082,34.20310296,29.36854647
2020,690,386,1076,675,339,1014,2390,940,3330,35.87360595,33.43195266,28.22822823
2021,812,439,1251,796,424,1220,2537,1093,3630,35.09192646,34.75409836,30.11019284
2022,765,579,1344,818,545,1363,2652,1382,4034,43.08035714,39.98532649,34.2588002
2023,565,443,1008,616,413,1029,1834,964,2798,43.9484127,40.13605442,34.45318084
