Disposition Year,Black No Pretrial,Black Pretrial,Black Total Cases,Hispanic No Pretrial,Hispanic Pretrial,Hispanic Total Cases,White No Pretrial,White Pretrial,White Total Cases,Percent of Black defendants detained pretrial,Percent of Hispanic defendants detained pretrial,Percent of White defendants detained pretrial
2017,1007,521,1528,194,106,300,4811,1612,6423,34.09685864,35.33333333,25.09730655
2018,962,573,1535,234,154,388,4086,1750,5836,37.32899023,39.69072165,29.98629198
2019,1093,654,1747,352,222,574,4131,1739,5870,37.43560389,38.67595819,29.62521295
2020,694,391,1085,314,218,532,2742,1061,3803,36.03686636,40.97744361,27.89902708
2021,798,418,1216,385,258,643,2816,1207,4023,34.375,40.1244168,30.00248571
2022,510,403,913,303,231,534,2206,1070,3276,44.14019715,43.25842697,32.66178266