,Fine/ Comm. Serv/ Fee,Credit for time served,Probation,Probation plus Jail,Jail,Comm. Corr.,Youth Corr.,Prison
Sentences in 2023,7644,1062,3111,727,520,240,103,727
Change since 2022,-5.594664691,-6.100795756,-5.267965895,-4.718217562,-12.60504202,-7.335907336,56.06060606,-4.342105263
