Disposition Year,Private Attorney Incarceration,Private Attorney No Incarceration,Private Attorney Total Cases,Public Defender Incarceration,Public Defender No Incarceration,Public Defender Total Cases,Percent of cases with a private attorney incarcerated,Percent of cases with a public defender incarcerated
2019,497,319,816,346,247,593,60.90686275,58.34738617
2020,238,227,465,243,232,475,51.1827957,51.15789474
2021,294,230,524,348,260,608,56.10687023,57.23684211
2022,301,190,491,443,351,794,61.30346232,55.79345088
2023,227,214,441,460,409,869,51.4739229,52.93440736
2024,221,194,415,359,312,671,53.25301205,53.50223547
