Disposition Year,Highest Income Neighborhood Incarceration,Highest Income Neighborhood No Incarceration,Highest Income Neighborhood Total Cases,Lowest Income Neighborhood Incarceration,Lowest Income Neighborhood No Incarceration,Lowest Income Neighborhood Total Cases,Percent of cases from highest income zip code incarcerated,Percent of cases from lowest income zip code incarcerated
2017.0,68.0,62.0,130.0,268.0,231.0,499.0,52.30769231,53.70741483
2018.0,94.0,82.0,176.0,263.0,247.0,510.0,53.40909091,51.56862745
2019.0,74.0,89.0,163.0,324.0,244.0,568.0,45.39877301,57.04225352
2020.0,43.0,58.0,101.0,194.0,181.0,375.0,42.57425743,51.73333333
2021.0,57.0,65.0,122.0,223.0,203.0,426.0,46.72131148,52.34741784
2022.0,67.0,47.0,114.0,289.0,181.0,470.0,58.77192982,61.4893617
2023.0,18.0,16.0,34.0,48.0,51.0,99.0,52.94117647,48.48484848
