Disposition Year,Private Attorney Incarceration,Private Attorney No Incarceration,Private Attorney Total Cases,Public Defender Incarceration,Public Defender No Incarceration,Public Defender Total Cases,Percent of cases with a private attorney incarcerated,Percent of cases with a public defender incarcerated
2019,500,322,822,344,244,588,60.82725061,58.50340136
2020,250,236,486,232,224,456,51.44032922,50.87719298
2021,306,233,539,337,257,594,56.77179963,56.73400673
2022,325,199,524,420,343,763,62.02290076,55.04587156
2023,241,213,454,449,410,859,53.08370044,52.27008149
2024,259,197,456,350,316,666,56.79824561,52.55255255
2025,55,51,106,92,79,171,51.88679245,53.80116959
