Disposition Year,Private Attorney Incarceration,Private Attorney No Incarceration,Private Attorney Total Cases,Public Defender Incarceration,Public Defender No Incarceration,Public Defender Total Cases,Percent of cases with a private attorney incarcerated,Percent of cases with a public defender incarcerated
2017.0,624.0,449.0,1073.0,334.0,246.0,580.0,58.15470643,57.5862069
2018.0,684.0,500.0,1184.0,421.0,364.0,785.0,57.77027027,53.63057325
2019.0,643.0,468.0,1111.0,515.0,381.0,896.0,57.87578758,57.47767857
2020.0,323.0,312.0,635.0,381.0,339.0,720.0,50.86614173,52.91666667
2021.0,372.0,316.0,688.0,542.0,385.0,927.0,54.06976744,58.46817691
2022.0,356.0,251.0,607.0,720.0,440.0,1160.0,58.6490939,62.06896552
2023.0,70.0,62.0,132.0,174.0,118.0,292.0,53.03030303,59.5890411
