Disposition Year,Black No Pretrial,Black Pretrial,Black Total Cases,Hispanic No Pretrial,Hispanic Pretrial,Hispanic Total Cases,White No Pretrial,White Pretrial,White Total Cases,Percent of Black defendants detained pretrial,Percent of Hispanic defendants detained pretrial,Percent of White defendants detained pretrial
2017,1012,520,1532,867,374,1241,4124,1344,5468,33.94255875,30.1369863,24.57937089
2018,958,570,1528,766,410,1176,3555,1502,5057,37.30366492,34.86394558,29.70140399
2019,1098,647,1745,918,484,1402,3565,1476,5041,37.0773639,34.52211127,29.27990478
2020,690,386,1076,673,336,1009,2392,943,3335,35.87360595,33.30029732,28.27586207
2021,812,439,1251,791,418,1209,2538,1096,3634,35.09192646,34.57402812,30.15960374
2022,758,573,1331,813,542,1355,2655,1374,4029,43.05033809,40,34.10275503
2023,372,284,656,424,265,689,1265,645,1910,43.29268293,38.46153846,33.76963351
