Disposition Year,Black Incarceration,Black No Incarceration,Black Total,Hispanic Incarceration,Hispanic No Incarceration,Hispanic Total,White Incarceration,White No Incarceration,White Total,Percent of Black defendants incarcerated,Percent of Hispanic defendants incarcerated,Percent of White defendants incarcerated
2019,280,234,514,166,134,300,413,262,675,54.47470817,55.33333333,61.18518519
2020,157,165,322,117,118,235,235,206,441,48.75776398,49.78723404,53.28798186
2021,183,184,367,165,120,285,318,214,532,49.86376022,57.89473684,59.77443609
2022,229,165,394,179,146,325,347,235,582,58.12182741,55.07692308,59.62199313
2023,186,222,408,196,162,358,305,241,546,45.58823529,54.74860335,55.86080586
2024,180,194,374,187,162,349,227,183,410,48.12834225,53.58166189,55.36585366
2025,46,40,86,42,38,80,59,51,110,53.48837209,52.5,53.63636364
