,Fine/ Comm. Serv/ Fee,Credit for time served,Probation,Probation plus Jail,Jail,Comm. Corr.,Youth Corr.,Prison
Sentences in 2023,7635,1057,3102,722,516,235,102,714
Change since 2022,-5.647553139,-6.377325066,-5.484460695,-5.620915033,-13.27731092,-9.266409266,54.54545455,-5.430463576
