,Fine/ Comm. Serv/ Fee,Credit for time served,Probation,Probation plus Jail,Jail,Comm. Corr.,Youth Corr.,Prison
Sentences in 2024,3663,742,2014,392,248,89,69,424
Change since 2023,-6.93597561,1.366120219,0.149179513,-21.12676056,-15.06849315,-41.44736842,-25,-9.401709402
