Disposition Year,Private Attorney Incarceration,Private Attorney No Incarceration,Private Attorney Total Cases,Public Defender Incarceration,Public Defender No Incarceration,Public Defender Total Cases,Percent of cases with a private attorney incarcerated,Percent of cases with a public defender incarcerated
2020,241,233,474,242,225,467,50.84388186,51.82012848
2021,295,231,526,346,255,601,56.08365019,57.57071547
2022,332,193,525,411,344,755,63.23809524,54.43708609
2023,260,212,472,427,400,827,55.08474576,51.63240629
2024,277,177,454,347,331,678,61.01321586,51.179941
2025,240,195,435,366,287,653,55.17241379,56.04900459
