,Fine/ Comm. Serv/ Fee,Credit for time served,Probation,Probation plus Jail,Jail,Comm. Corr.,Youth Corr.,Prison
Sentences in 2024,3702,746,2062,411,252,95,70,446
Change since 2023,-5.969011938,1.912568306,2.231036192,-17.63527054,-13.69863014,-37.5,-23.91304348,-5.307855626
