Disposition Year,Highest Income Neighborhood Incarceration,Highest Income Neighborhood No Incarceration,Highest Income Neighborhood Total Cases,Lowest Income Neighborhood Incarceration,Lowest Income Neighborhood No Incarceration,Lowest Income Neighborhood Total Cases,Percent of cases from highest income zip code incarcerated,Percent of cases from lowest income zip code incarcerated
2017,67,62,129,265,236,501,51.9379845,52.89421158
2018,94,83,177,272,249,521,53.10734463,52.20729367
2019,75,88,163,324,246,570,46.01226994,56.84210526
2020,43,62,105,185,182,367,40.95238095,50.40871935
2021,55,69,124,216,210,426,44.35483871,50.70422535
2022,67,49,116,293,191,484,57.75862069,60.53719008
2023,35,32,67,126,95,221,52.23880597,57.01357466
