,Fine/ Comm. Serv/ Fee,Credit for time served,Probation,Probation plus Jail,Jail,Comm. Corr.,Youth Corr.,Prison
Sentences in 2024,3706,749,2066,412,252,98,71,454
Change since 2023,-5.867411735,2.322404372,2.327885092,-17.92828685,-13.69863014,-35.52631579,-22.82608696,-3.813559322
