Disposition Year,Black No Pretrial,Black Pretrial,Black Total Cases,Hispanic No Pretrial,Hispanic Pretrial,Hispanic Total Cases,White No Pretrial,White Pretrial,White Total Cases,Percent of Black defendants detained pretrial,Percent of Hispanic defendants detained pretrial,Percent of White defendants detained pretrial
2017.0,1007.0,521.0,1528.0,863.0,370.0,1233.0,4129.0,1348.0,5477.0,34.09685864,30.0081103,24.61201388
2018.0,961.0,570.0,1531.0,759.0,407.0,1166.0,3558.0,1506.0,5064.0,37.23056826,34.90566038,29.73933649
2019.0,1098.0,648.0,1746.0,913.0,479.0,1392.0,3571.0,1480.0,5051.0,37.11340206,34.41091954,29.30112849
2020.0,690.0,388.0,1078.0,670.0,333.0,1003.0,2396.0,943.0,3339.0,35.99257885,33.2003988,28.24198862
2021.0,809.0,437.0,1246.0,783.0,415.0,1198.0,2530.0,1096.0,3626.0,35.07223114,34.64106845,30.22614451
2022.0,753.0,567.0,1320.0,798.0,541.0,1339.0,2645.0,1359.0,4004.0,42.95454545,40.40328603,33.94105894
2023.0,197.0,127.0,324.0,205.0,128.0,333.0,642.0,316.0,958.0,39.19753086,38.43843844,32.98538622
