Disposition Year,Private Attorney Incarceration,Private Attorney No Incarceration,Private Attorney Total Cases,Public Defender Incarceration,Public Defender No Incarceration,Public Defender Total Cases,Percent of cases with a private attorney incarcerated,Percent of cases with a public defender incarcerated
2017,628,449,1077,333,246,579,58.31012071,57.51295337
2018,686,502,1188,418,360,778,57.74410774,53.72750643
2019,653,474,1127,506,378,884,57.94143744,57.239819
2020,329,321,650,379,332,711,50.61538462,53.30520394
2021,371,323,694,551,381,932,53.45821326,59.12017167
2022,378,248,626,727,452,1179,60.38338658,61.66242578
2023,228,204,432,528,370,898,52.77777778,58.79732739
