Disposition Year,Black Incarceration,Black No Incarceration,Black Total,Hispanic Incarceration,Hispanic No Incarceration,Hispanic Total,White Incarceration,White No Incarceration,White Total,Percent of Black defendants incarcerated,Percent of Hispanic defendants incarcerated,Percent of White defendants incarcerated
2020,157,165,322,117,122,239,231,203,434,48.75776398,48.9539749,53.22580645
2021,183,183,366,168,118,286,316,217,533,50,58.74125874,59.28705441
2022,229,166,395,176,143,319,352,238,590,57.97468354,55.17241379,59.66101695
2023,187,225,412,197,163,360,309,241,550,45.38834951,54.72222222,56.18181818
2024,184,193,377,195,164,359,236,186,422,48.80636605,54.31754875,55.92417062
2025,187,155,342,198,146,344,217,188,405,54.67836257,57.55813953,53.58024691
