,Fine/ Comm. Serv/ Fee,Credit for time served,Probation,Probation plus Jail,Jail,Comm. Corr.,Youth Corr.,Prison
Sentences in 2023,7350,1017,2969,672,496,211,98,671
Change since 2022,-9.012131716,-9.920283437,-9.232650566,-11.57894737,-15.35836177,-18.53281853,48.48484848,-10.88977424
