,Fine/ Comm. Serv/ Fee,Credit for time served,Probation,Probation plus Jail,Jail,Comm. Corr.,Youth Corr.,Prison
Sentences in 2025,4025,924,2045,468,285,94,67,443
Change since 2024,8.432112069,23.2,-1.72993753,11.96172249,12.20472441,-2.083333333,-6.944444444,-4.525862069
