Disposition Year,Black Incarceration,Black No Incarceration,Black Total,Hispanic Incarceration,Hispanic No Incarceration,Hispanic Total,White Incarceration,White No Incarceration,White Total,Percent of Black defendants incarcerated,Percent of Hispanic defendants incarcerated,Percent of White defendants incarcerated
2019,280,235,515,165,134,299,414,263,677,54.36893204,55.18394649,61.1521418
2020,157,166,323,118,118,236,233,205,438,48.60681115,50,53.19634703
2021,182,183,365,165,121,286,318,214,532,49.8630137,57.69230769,59.77443609
2022,227,165,392,181,145,326,345,237,582,57.90816327,55.52147239,59.27835052
2023,184,222,406,193,161,354,306,239,545,45.32019704,54.51977401,56.14678899
2024,172,187,359,182,158,340,208,179,387,47.91086351,53.52941176,53.74677003
