Disposition Year,Private Attorney Incarceration,Private Attorney No Incarceration,Private Attorney Total Cases,Public Defender Incarceration,Public Defender No Incarceration,Public Defender Total Cases,Percent of cases with a private attorney incarcerated,Percent of cases with a public defender incarcerated
2019,654,474,1128,502,374,876,57.9787234,57.30593607
2020,337,324,661,365,328,693,50.98335855,52.66955267
2021,398,319,717,530,389,919,55.50906555,57.67138194
2022,401,237,638,733,464,1197,62.85266458,61.23642439
2023,336,284,620,738,530,1268,54.19354839,58.20189274
2024,116,137,253,266,170,436,45.84980237,61.00917431
