Disposition Year,Black No Pretrial,Black Pretrial,Black Total Cases,Hispanic No Pretrial,Hispanic Pretrial,Hispanic Total Cases,White No Pretrial,White Pretrial,White Total Cases,Percent of Black defendants detained pretrial,Percent of Hispanic defendants detained pretrial,Percent of White defendants detained pretrial
2019,939,546,1485,682,374,1056,2143,906,3049,36.76767677,35.41666667,29.71466054
2020,590,331,921,519,246,765,1406,563,1969,35.93919653,32.15686275,28.59319451
2021,671,359,1030,558,330,888,1369,669,2038,34.85436893,37.16216216,32.82630029
2022,651,467,1118,589,384,973,1488,796,2284,41.77101968,39.4655704,34.85113835
2023,641,487,1128,598,394,992,1383,800,2183,43.17375887,39.71774194,36.64681631
2024,606,482,1088,654,420,1074,1298,766,2064,44.30147059,39.10614525,37.1124031
2025,277,233,510,308,212,520,640,448,1088,45.68627451,40.76923077,41.17647059
