Disposition Year,Black No Pretrial,Black Pretrial,Black Total Cases,Hispanic No Pretrial,Hispanic Pretrial,Hispanic Total Cases,White No Pretrial,White Pretrial,White Total Cases,Percent of Black defendants detained pretrial,Percent of Hispanic defendants detained pretrial,Percent of White defendants detained pretrial
2019,1096,645,1741,940,488,1428,3551,1478,5029,37.04767375,34.17366947,29.38954066
2020,684,389,1073,681,348,1029,2386,940,3326,36.25349487,33.81924198,28.26217679
2021,819,440,1259,808,447,1255,2549,1089,3638,34.94837172,35.61752988,29.93402969
2022,776,583,1359,840,568,1408,2656,1399,4055,42.89919058,40.34090909,34.50061652
2023,762,610,1372,836,580,1416,2457,1382,3839,44.4606414,40.96045198,35.99895806
2024,555,436,991,679,428,1107,1704,913,2617,43.99596367,38.6630533,34.88727551
