Disposition Year,Private Attorney Incarceration,Private Attorney No Incarceration,Private Attorney Total Cases,Public Defender Incarceration,Public Defender No Incarceration,Public Defender Total Cases,Percent of cases with a private attorney incarcerated,Percent of cases with a public defender incarcerated
2017,657,458,1115,302,229,531,58.92376682,56.87382298
2018,736,516,1252,370,352,722,58.78594249,51.2465374
2019,650,475,1125,506,373,879,57.77777778,57.56541524
2020,339,326,665,364,327,691,50.97744361,52.67727931
2021,401,325,726,529,383,912,55.23415978,58.00438596
2022,405,238,643,721,462,1183,62.98600311,60.94674556
2023,336,289,625,716,522,1238,53.76,57.83521809
2024,54,55,109,124,86,210,49.5412844,59.04761905
