Disposition Year,Highest Income Neighborhood Incarceration,Highest Income Neighborhood No Incarceration,Highest Income Neighborhood Total Cases,Lowest Income Neighborhood Incarceration,Lowest Income Neighborhood No Incarceration,Lowest Income Neighborhood Total Cases,Percent of cases from highest income zip code incarcerated,Percent of cases from lowest income zip code incarcerated
2017,66,63,129,266,232,498,51.1627907,53.41365462
2018,92,81,173,272,249,521,53.17919075,52.20729367
2019,77,87,164,338,243,581,46.95121951,58.17555938
2020,43,62,105,192,179,371,40.95238095,51.75202156
2021,56,66,122,212,205,417,45.90163934,50.83932854
2022,69,49,118,295,200,495,58.47457627,59.5959596
2023,52,44,96,201,166,367,54.16666667,54.76839237
