Disposition Year,Private Attorney Incarceration,Private Attorney No Incarceration,Private Attorney Total Cases,Public Defender Incarceration,Public Defender No Incarceration,Public Defender Total Cases,Percent of cases with a private attorney incarcerated,Percent of cases with a public defender incarcerated
2017,589,431,1020,369,269,638,57.74509804,57.8369906
2018,642,486,1128,474,382,856,56.91489362,55.37383178
2019,622,457,1079,546,406,952,57.64596849,57.35294118
2020,305,303,608,408,359,767,50.16447368,53.19426336
2021,342,300,642,538,385,923,53.27102804,58.28819068
2022,239,183,422,467,284,751,56.63507109,62.18375499