Disposition Year,Black No Pretrial,Black Pretrial,Black Total Cases,Hispanic No Pretrial,Hispanic Pretrial,Hispanic Total Cases,White No Pretrial,White Pretrial,White Total Cases,Percent of Black defendants detained pretrial,Percent of Hispanic defendants detained pretrial,Percent of White defendants detained pretrial
2019,941,544,1485,686,367,1053,2141,907,3048,36.63299663,34.85280152,29.75721785
2020,593,332,925,515,243,758,1406,566,1972,35.89189189,32.05804749,28.70182556
2021,674,359,1033,552,326,878,1367,667,2034,34.75314618,37.12984055,32.79252704
2022,651,468,1119,589,386,975,1482,790,2272,41.8230563,39.58974359,34.77112676
2023,638,486,1124,584,395,979,1385,793,2178,43.23843416,40.34729316,36.40955005
2024,593,461,1054,647,406,1053,1268,739,2007,43.73814042,38.55650522,36.82112606
