Disposition Year,Black No Pretrial,Black Pretrial,Black Total Cases,Hispanic No Pretrial,Hispanic Pretrial,Hispanic Total Cases,White No Pretrial,White Pretrial,White Total Cases,Percent of Black defendants detained pretrial,Percent of Hispanic defendants detained pretrial,Percent of White defendants detained pretrial
2019,1099,647,1746,942,488,1430,3547,1477,5024,37.05612829,34.12587413,29.39888535
2020,688,390,1078,679,345,1024,2384,944,3328,36.17810761,33.69140625,28.36538462
2021,815,443,1258,806,440,1246,2544,1084,3628,35.21462639,35.31300161,29.87872106
2022,778,584,1362,836,567,1403,2655,1391,4046,42.87812041,40.41339986,34.37963421
2023,761,603,1364,836,570,1406,2453,1349,3802,44.20821114,40.54054054,35.48132562
2024,349,293,642,444,250,694,1120,541,1661,45.63862928,36.02305476,32.57074052
