Disposition Year,Private Attorney Incarceration,Private Attorney No Incarceration,Private Attorney Total Cases,Public Defender Incarceration,Public Defender No Incarceration,Public Defender Total Cases,Percent of cases with a private attorney incarcerated,Percent of cases with a public defender incarcerated
2019,488,315,803,357,249,606,60.77210461,58.91089109
2020,238,232,470,244,226,470,50.63829787,51.91489362
2021,300,237,537,344,254,598,55.86592179,57.52508361
2022,335,203,538,409,337,746,62.26765799,54.82573727
2023,261,217,478,430,401,831,54.60251046,51.74488568
2024,275,200,475,344,311,655,57.89473684,52.51908397
2025,124,107,231,175,139,314,53.67965368,55.73248408
