Disposition Year,Black Incarceration,Black No Incarceration,Black Total,Hispanic Incarceration,Hispanic No Incarceration,Hispanic Total,White Incarceration,White No Incarceration,White Total,Percent of Black defendants incarcerated,Percent of Hispanic defendants incarcerated,Percent of White defendants incarcerated
2017,236,161,397,187,129,316,618,483,1101,59.44584383,59.17721519,56.13079019
2018,272,248,520,206,151,357,690,515,1205,52.30769231,57.70308123,57.26141079
2019,328,270,598,214,176,390,649,457,1106,54.84949833,54.87179487,58.67992767
2020,183,196,379,159,151,310,392,320,712,48.28496042,51.29032258,55.05617978
2021,216,206,422,209,179,388,512,342,854,51.18483412,53.86597938,59.95316159
2022,261,184,445,243,172,415,603,345,948,58.65168539,58.55421687,63.60759494
2023,162,172,334,204,148,352,376,250,626,48.50299401,57.95454545,60.06389776
