Disposition Year,Black Cases Deferred,Black Cases Not Deferred,Black Total Cases Disposed,Hispanic Cases Deferred,Hispanic Cases Not Deferred,Hispanic Total Cases Disposed,White Cases Deferred,White Cases Not Deferred,White Total Cases Disposed,Percent of Black defendants deferred,Percent of Hispanic defendants deferred,Percent of White defendants deferred
2017,123,897,1020,9,190,199,543,2968,3511,12.05882353,4.522613065,15.46567929
2018,144,1041,1185,35,250,285,637,2771,3408,12.15189873,12.28070175,18.69131455
2019,137,1206,1343,54,378,432,617,2801,3418,10.20104244,12.5,18.0514921
2020,115,814,929,59,428,487,434,1803,2237,12.37890205,12.11498973,19.40098346
2021,132,853,985,74,482,556,387,1889,2276,13.40101523,13.30935252,17.00351494
2022,93,611,704,54,381,435,221,1288,1509,13.21022727,12.4137931,14.64546057