Disposition Year,Black Cases Deferred,Black Cases Not Deferred,Black Total Cases Disposed,Hispanic Cases Deferred,Hispanic Cases Not Deferred,Hispanic Total Cases Disposed,White Cases Deferred,White Cases Not Deferred,White Total Cases Disposed,Percent of Black defendants deferred,Percent of Hispanic defendants deferred,Percent of White defendants deferred
2017.0,123.0,895.0,1018.0,59.0,634.0,693.0,494.0,2518.0,3012.0,12.08251473,8.513708514,16.40106242
2018.0,143.0,1039.0,1182.0,112.0,645.0,757.0,559.0,2376.0,2935.0,12.09813875,14.79524439,19.04599659
2019.0,138.0,1208.0,1346.0,111.0,759.0,870.0,562.0,2415.0,2977.0,10.2526003,12.75862069,18.87806517
2020.0,115.0,810.0,925.0,81.0,638.0,719.0,411.0,1592.0,2003.0,12.43243243,11.26564673,20.51922117
2021.0,134.0,873.0,1007.0,107.0,712.0,819.0,371.0,1752.0,2123.0,13.30685204,13.06471306,17.47527084
2022.0,135.0,883.0,1018.0,113.0,740.0,853.0,302.0,1692.0,1994.0,13.26129666,13.24736225,15.14543631
2023.0,32.0,197.0,229.0,33.0,190.0,223.0,66.0,360.0,426.0,13.97379913,14.79820628,15.49295775
