Disposition Year,Black Cases Deferred,Black Cases Not Deferred,Black Total Cases Disposed,Hispanic Cases Deferred,Hispanic Cases Not Deferred,Hispanic Total Cases Disposed,White Cases Deferred,White Cases Not Deferred,White Total Cases Disposed,Percent of Black defendants deferred,Percent of Hispanic defendants deferred,Percent of White defendants deferred
2019,138,1208,1346,112,771,883,553,2400,2953,10.2526003,12.68403171,18.72671859
2020,115,806,921,82,639,721,410,1596,2006,12.4864278,11.37309293,20.43868395
2021,134,882,1016,102,736,838,380,1767,2147,13.18897638,12.17183771,17.69911504
2022,136,922,1058,111,778,889,310,1742,2052,12.85444234,12.48593926,15.10721248
2023,135,964,1099,113,837,950,254,1607,1861,12.28389445,11.89473684,13.64857603
2024,41,221,262,25,167,192,64,276,340,15.64885496,13.02083333,18.82352941
