Disposition Year,Black Cases Deferred,Black Cases Not Deferred,Black Total Cases Disposed,Hispanic Cases Deferred,Hispanic Cases Not Deferred,Hispanic Total Cases Disposed,White Cases Deferred,White Cases Not Deferred,White Total Cases Disposed,Percent of Black defendants deferred,Percent of Hispanic defendants deferred,Percent of White defendants deferred
2017,123,899,1022,60,645,705,494,2499,2993,12.03522505,8.510638298,16.50517875
2018,143,1038,1181,113,656,769,558,2363,2921,12.10838273,14.69440832,19.1030469
2019,138,1208,1346,112,765,877,560,2408,2968,10.2526003,12.77080958,18.86792453
2020,116,809,925,81,640,721,413,1591,2004,12.54054054,11.23439667,20.60878244
2021,135,873,1008,105,722,827,374,1760,2134,13.39285714,12.69649335,17.5257732
2022,135,899,1034,112,751,863,314,1722,2036,13.05609284,12.97798378,15.42239686
2023,100,680,780,83,615,698,191,1121,1312,12.82051282,11.89111748,14.55792683
