Disposition Year,Black Cases Deferred,Black Cases Not Deferred,Black Total Cases Disposed,Hispanic Cases Deferred,Hispanic Cases Not Deferred,Hispanic Total Cases Disposed,White Cases Deferred,White Cases Not Deferred,White Total Cases Disposed,Percent of Black defendants deferred,Percent of Hispanic defendants deferred,Percent of White defendants deferred
2017,123,899,1022,60,637,697,493,2511,3004,12.03522505,8.608321377,16.4114514
2018,143,1035,1178,112,647,759,559,2370,2929,12.13921902,14.75625823,19.08501195
2019,138,1208,1346,112,761,873,561,2410,2971,10.2526003,12.82932417,18.88253113
2020,115,811,926,80,640,720,413,1591,2004,12.41900648,11.11111111,20.60878244
2021,134,876,1010,106,715,821,372,1763,2135,13.26732673,12.91108404,17.42388759
2022,135,890,1025,112,753,865,310,1709,2019,13.17073171,12.94797688,15.35413571
2023,70,410,480,58,401,459,140,733,873,14.58333333,12.63616558,16.03665521
