Disposition Year,Black Cases Deferred,Black Cases Not Deferred,Black Total Cases Disposed,Hispanic Cases Deferred,Hispanic Cases Not Deferred,Hispanic Total Cases Disposed,White Cases Deferred,White Cases Not Deferred,White Total Cases Disposed,Percent of Black defendants deferred,Percent of Hispanic defendants deferred,Percent of White defendants deferred
2019,111,1074,1185,62,626,688,324,1657,1981,9.367088608,9.011627907,16.35537607
2020,91,718,809,66,515,581,198,1063,1261,11.24845488,11.35972461,15.70182395
2021,97,763,860,69,550,619,177,1098,1275,11.27906977,11.14701131,13.88235294
2022,111,816,927,84,616,700,165,1143,1308,11.97411003,12,12.6146789
2023,108,852,960,98,666,764,166,1062,1228,11.25,12.82722513,13.51791531
2024,146,775,921,110,666,776,170,975,1145,15.85233442,14.17525773,14.84716157
2025,71,364,435,64,330,394,85,539,624,16.32183908,16.24365482,13.62179487
