Disposition Year,Black Cases Deferred,Black Cases Not Deferred,Black Total Cases Disposed,Hispanic Cases Deferred,Hispanic Cases Not Deferred,Hispanic Total Cases Disposed,White Cases Deferred,White Cases Not Deferred,White Total Cases Disposed,Percent of Black defendants deferred,Percent of Hispanic defendants deferred,Percent of White defendants deferred
2019,138,1203,1341,109,775,884,553,2395,2948,10.29082774,12.33031674,18.75848033
2020,111,808,919,82,641,723,406,1591,1997,12.07834603,11.34163209,20.33049574
2021,134,885,1019,100,740,840,381,1759,2140,13.1501472,11.9047619,17.80373832
2022,135,920,1055,110,786,896,312,1740,2052,12.79620853,12.27678571,15.20467836
2023,136,963,1099,114,856,970,261,1617,1878,12.37488626,11.75257732,13.89776358
2024,75,426,501,57,360,417,122,646,768,14.97005988,13.66906475,15.88541667
