Disposition Year,Black Cases Deferred,Black Cases Not Deferred,Black Total Cases Disposed,Hispanic Cases Deferred,Hispanic Cases Not Deferred,Hispanic Total Cases Disposed,White Cases Deferred,White Cases Not Deferred,White Total Cases Disposed,Percent of Black defendants deferred,Percent of Hispanic defendants deferred,Percent of White defendants deferred
2017,122,918,1040,60,657,717,483,2533,3016,11.73076923,8.368200837,16.01458886
2018,124,1043,1167,104,660,764,483,2427,2910,10.62553556,13.61256545,16.59793814
2019,130,1216,1346,107,776,883,502,2462,2964,9.658246657,12.11778029,16.9365722
2020,109,826,935,73,661,734,336,1679,2015,11.65775401,9.945504087,16.67493797
2021,124,900,1024,96,741,837,321,1833,2154,12.109375,11.46953405,14.90250696
2022,125,926,1051,101,779,880,264,1793,2057,11.89343482,11.47727273,12.8342246
2023,123,927,1050,97,798,895,217,1516,1733,11.71428571,10.83798883,12.52163878
