Disposition Year,Black Cases Deferred,Black Cases Not Deferred,Black Total Cases Disposed,Hispanic Cases Deferred,Hispanic Cases Not Deferred,Hispanic Total Cases Disposed,White Cases Deferred,White Cases Not Deferred,White Total Cases Disposed,Percent of Black defendants deferred,Percent of Hispanic defendants deferred,Percent of White defendants deferred
2019,137,1200,1337,108,774,882,556,2397,2953,10.24682124,12.24489796,18.82831019
2020,111,801,912,83,641,724,406,1595,2001,12.17105263,11.4640884,20.28985507
2021,134,884,1018,101,748,849,380,1755,2135,13.16306483,11.89634865,17.79859485
2022,135,921,1056,112,789,901,316,1744,2060,12.78409091,12.43063263,15.33980583
2023,136,974,1110,114,866,980,273,1652,1925,12.25225225,11.63265306,14.18181818
2024,115,660,775,96,618,714,200,1111,1311,14.83870968,13.44537815,15.25553013
