Disposition Year,Black Cases Deferred,Black Cases Not Deferred,Black Total Cases Disposed,Hispanic Cases Deferred,Hispanic Cases Not Deferred,Hispanic Total Cases Disposed,White Cases Deferred,White Cases Not Deferred,White Total Cases Disposed,Percent of Black defendants deferred,Percent of Hispanic defendants deferred,Percent of White defendants deferred
2019,111,1077,1188,70,629,699,316,1649,1965,9.343434343,10.01430615,16.08142494
2020,91,720,811,68,511,579,195,1067,1262,11.22071517,11.74438687,15.45166403
2021,97,761,858,68,551,619,174,1091,1265,11.30536131,10.98546042,13.75494071
2022,110,815,925,84,620,704,164,1133,1297,11.89189189,11.93181818,12.64456438
2023,108,848,956,97,661,758,164,1055,1219,11.29707113,12.79683377,13.45365053
2024,142,746,888,110,640,750,161,933,1094,15.99099099,14.66666667,14.7166362
