Disposition Year,Black Cases Deferred,Black Cases Not Deferred,Black Total Cases Disposed,Hispanic Cases Deferred,Hispanic Cases Not Deferred,Hispanic Total Cases Disposed,White Cases Deferred,White Cases Not Deferred,White Total Cases Disposed,Percent of Black defendants deferred,Percent of Hispanic defendants deferred,Percent of White defendants deferred
2019,111,1072,1183,70,628,698,316,1653,1969,9.382924768,10.0286533,16.04875571
2020,91,718,809,67,510,577,197,1072,1269,11.24845488,11.6117851,15.52403467
2021,97,762,859,68,549,617,178,1094,1272,11.29220023,11.02106969,13.99371069
2022,111,818,929,84,619,703,164,1134,1298,11.94833154,11.9487909,12.6348228
2023,108,850,958,97,662,759,165,1062,1227,11.27348643,12.77997365,13.44743276
2024,146,774,920,111,659,770,167,968,1135,15.86956522,14.41558442,14.71365639
2025,41,198,239,34,168,202,40,273,313,17.15481172,16.83168317,12.77955272
