Disposition Year,Black Cases Deferred,Black Cases Not Deferred,Black Total Cases Disposed,Hispanic Cases Deferred,Hispanic Cases Not Deferred,Hispanic Total Cases Disposed,White Cases Deferred,White Cases Not Deferred,White Total Cases Disposed,Percent of Black defendants deferred,Percent of Hispanic defendants deferred,Percent of White defendants deferred
2020,90,717,807,65,517,582,199,1057,1256,11.15241636,11.16838488,15.84394904
2021,97,761,858,69,548,617,175,1099,1274,11.30536131,11.18314425,13.73626374
2022,111,817,928,84,615,699,168,1143,1311,11.9612069,12.01716738,12.81464531
2023,107,856,963,95,665,760,171,1066,1237,11.11111111,12.5,13.82376718
2024,148,774,922,110,667,777,174,984,1158,16.05206074,14.15701416,15.02590674
2025,125,772,897,117,719,836,170,1035,1205,13.93534002,13.99521531,14.10788382
