Disposition Year,Black Cases Deferred,Black Cases Not Deferred,Black Total Cases Disposed,Hispanic Cases Deferred,Hispanic Cases Not Deferred,Hispanic Total Cases Disposed,White Cases Deferred,White Cases Not Deferred,White Total Cases Disposed,Percent of Black defendants deferred,Percent of Hispanic defendants deferred,Percent of White defendants deferred
2019,50,469,519,134,1400,1534,276,2657,2933,9.633911368,8.735332464,9.410160245
2020,33,317,350,96,940,1036,247,1779,2026,9.428571429,9.266409266,12.19151037
2021,43,413,456,97,1249,1346,241,1934,2175,9.429824561,7.20653789,11.08045977
2022,36,405,441,134,1296,1430,255,1976,2231,8.163265306,9.370629371,11.42985208
2023,49,431,480,111,1324,1435,230,2035,2265,10.20833333,7.735191638,10.15452539
2024,41,450,491,162,1313,1475,220,1834,2054,8.350305499,10.98305085,10.71080818
2025,16,113,129,36,368,404,46,502,548,12.40310078,8.910891089,8.394160584
