Disposition Year,Black Cases Deferred,Black Cases Not Deferred,Black Total Cases Disposed,Hispanic Cases Deferred,Hispanic Cases Not Deferred,Hispanic Total Cases Disposed,White Cases Deferred,White Cases Not Deferred,White Total Cases Disposed,Percent of Black defendants deferred,Percent of Hispanic defendants deferred,Percent of White defendants deferred
2020,33,320,353,89,947,1036,254,1785,2039,9.348441926,8.590733591,12.45708681
2021,43,415,458,97,1277,1374,241,1925,2166,9.388646288,7.059679767,11.12650046
2022,35,408,443,136,1317,1453,255,1984,2239,7.900677201,9.359944942,11.38901295
2023,49,433,482,108,1367,1475,238,2016,2254,10.1659751,7.322033898,10.55900621
2024,43,458,501,151,1328,1479,239,1835,2074,8.582834331,10.20960108,11.52362584
2025,43,423,466,156,1248,1404,201,1677,1878,9.227467811,11.11111111,10.7028754
