Disposition Year,Black Cases Deferred,Black Cases Not Deferred,Black Total Cases Disposed,Hispanic Cases Deferred,Hispanic Cases Not Deferred,Hispanic Total Cases Disposed,White Cases Deferred,White Cases Not Deferred,White Total Cases Disposed,Percent of Black defendants deferred,Percent of Hispanic defendants deferred,Percent of White defendants deferred
2017,39,440,479,85,1260,1345,255,2593,2848,8.141962422,6.319702602,8.953651685
2018,35,493,528,101,1302,1403,282,2683,2965,6.628787879,7.198859587,9.510961214
2019,55,468,523,136,1383,1519,283,2674,2957,10.51625239,8.953258723,9.570510653
2020,35,317,352,103,935,1038,252,1795,2047,9.943181818,9.922928709,12.31069858
2021,42,417,459,101,1245,1346,249,1930,2179,9.150326797,7.50371471,11.42726021
2022,39,397,436,149,1267,1416,262,1940,2202,8.944954128,10.52259887,11.8982743
2023,50,433,483,138,1296,1434,237,1992,2229,10.35196687,9.623430962,10.63257066
