Disposition Year,Black Cases Deferred,Black Cases Not Deferred,Black Total Cases Disposed,Hispanic Cases Deferred,Hispanic Cases Not Deferred,Hispanic Total Cases Disposed,White Cases Deferred,White Cases Not Deferred,White Total Cases Disposed,Percent of Black defendants deferred,Percent of Hispanic defendants deferred,Percent of White defendants deferred
2019,50,471,521,136,1384,1520,275,2673,2948,9.596928983,8.947368421,9.328358209
2020,33,316,349,97,932,1029,246,1784,2030,9.455587393,9.426627794,12.1182266
2021,43,407,450,97,1255,1352,243,1920,2163,9.555555556,7.174556213,11.23439667
2022,35,402,437,141,1286,1427,247,1957,2204,8.009153318,9.880868956,11.20689655
2023,49,426,475,120,1317,1437,211,2010,2221,10.31578947,8.350730689,9.500225124
2024,15,242,257,76,666,742,119,950,1069,5.836575875,10.2425876,11.13189897
