Disposition Year,Black Cases Deferred,Black Cases Not Deferred,Black Total Cases Disposed,Hispanic Cases Deferred,Hispanic Cases Not Deferred,Hispanic Total Cases Disposed,White Cases Deferred,White Cases Not Deferred,White Total Cases Disposed,Percent of Black defendants deferred,Percent of Hispanic defendants deferred,Percent of White defendants deferred
2017,39,439,478,84,1256,1340,256,2594,2850,8.158995816,6.268656716,8.98245614
2018,35,494,529,101,1300,1401,282,2689,2971,6.616257089,7.209136331,9.491753618
2019,55,468,523,135,1370,1505,284,2680,2964,10.51625239,8.970099668,9.581646424
2020,35,317,352,103,930,1033,255,1783,2038,9.943181818,9.970958374,12.51226693
2021,42,410,452,103,1247,1350,253,1914,2167,9.292035398,7.62962963,11.6751269
2022,39,395,434,150,1252,1402,267,1927,2194,8.986175115,10.69900143,12.16955333
2023,35,319,354,106,1003,1109,203,1539,1742,9.88700565,9.558160505,11.6532721
