Disposition Year,Black Cases Deferred,Black Cases Not Deferred,Black Total Cases Disposed,Hispanic Cases Deferred,Hispanic Cases Not Deferred,Hispanic Total Cases Disposed,White Cases Deferred,White Cases Not Deferred,White Total Cases Disposed,Percent of Black defendants deferred,Percent of Hispanic defendants deferred,Percent of White defendants deferred
2017,39,439,478,83,1248,1331,256,2606,2862,8.158995816,6.235912847,8.94479385
2018,35,492,527,100,1290,1390,282,2697,2979,6.641366224,7.194244604,9.466263847
2019,55,467,522,135,1359,1494,284,2693,2977,10.53639847,9.036144578,9.539805173
2020,34,315,349,104,923,1027,255,1794,2049,9.742120344,10.12658228,12.44509517
2021,42,404,446,103,1239,1342,252,1916,2168,9.417040359,7.675111773,11.62361624
2022,40,390,430,154,1247,1401,263,1927,2190,9.302325581,10.99214847,12.00913242
2023,23,220,243,70,691,761,134,1073,1207,9.465020576,9.198423127,11.10190555
