Disposition Year,Black Cases Deferred,Black Cases Not Deferred,Black Total Cases Disposed,Hispanic Cases Deferred,Hispanic Cases Not Deferred,Hispanic Total Cases Disposed,White Cases Deferred,White Cases Not Deferred,White Total Cases Disposed,Percent of Black defendants deferred,Percent of Hispanic defendants deferred,Percent of White defendants deferred
2019,50,467,517,135,1395,1530,275,2665,2940,9.671179884,8.823529412,9.353741497
2020,33,316,349,96,937,1033,247,1782,2029,9.455587393,9.293320426,12.17348448
2021,43,410,453,98,1247,1345,240,1935,2175,9.492273731,7.286245353,11.03448276
2022,37,404,441,134,1292,1426,255,1972,2227,8.390022676,9.396914446,11.45038168
2023,49,432,481,114,1318,1432,224,2036,2260,10.18711019,7.960893855,9.911504425
2024,40,459,499,165,1354,1519,219,1839,2058,8.016032064,10.86240948,10.64139942
