Disposition Year,Black Cases Deferred,Black Cases Not Deferred,Black Total Cases Disposed,Hispanic Cases Deferred,Hispanic Cases Not Deferred,Hispanic Total Cases Disposed,White Cases Deferred,White Cases Not Deferred,White Total Cases Disposed,Percent of Black defendants deferred,Percent of Hispanic defendants deferred,Percent of White defendants deferred
2019,51,471,522,135,1379,1514,276,2672,2948,9.770114943,8.91677675,9.362279512
2020,34,316,350,98,937,1035,248,1781,2029,9.714285714,9.468599034,12.22276984
2021,43,413,456,98,1254,1352,241,1918,2159,9.429824561,7.24852071,11.16257527
2022,36,397,433,140,1278,1418,249,1956,2205,8.31408776,9.873060649,11.29251701
2023,49,435,484,124,1309,1433,207,2004,2211,10.12396694,8.653175157,9.362279512
2024,6,111,117,39,322,361,59,488,547,5.128205128,10.8033241,10.78610603
