Referral Year,Filed,Declined,Total Felony Referrals,Percent Declined
2018,896,27,923,2.92524377
2019,899,58,957,6.060606061
2020,699,50,749,6.675567423
2021,676,34,710,4.788732394
2022,531,73,604,12.08609272
2023,527,77,604,12.74834437
2024,574,36,610,5.901639344
