Referral Year,Filed,Declined,Total Felony Referrals,Percent Declined
2018,896,27,923,2.92524377
2019,899,58,957,6.060606061
2020,699,50,749,6.675567423
2021,677,34,711,4.781997187
2022,531,73,604,12.08609272
2023,528,84,612,13.7254902
2024,574,39,613,6.362153344
2025,128,12,140,8.571428571
