Referral Year,Felony Referrals Filed,Felony Referrals Not Filed,Total Felony Referrals,Felony Cases Acquitted,Felony Cases Deferred,Felony Cases Dismissed,Felony Cases Found Guilty,Felony Cases Plea Dismissal,Felony Cases Plead Guilty,Total Felony Cases Disposed,Percent of felony referrals declined,Percent of felony cases dismissed after filing
2018,896,28,924,2,148,63,39,39,357,648,3.03030303,9.722222222
2019,899,58,957,1,129,97,12,45,451,735,6.060606061,13.19727891
2020,699,50,749,3,121,71,14,34,424,667,6.675567423,10.64467766
2021,677,34,711,4,97,124,12,63,376,676,4.781997187,18.34319527
2022,531,75,606,14,76,115,14,56,338,613,12.37623762,18.76019576
2023,528,86,614,6,104,55,13,38,275,491,14.00651466,11.20162933
2024,574,42,616,4,66,69,14,35,264,452,6.818181818,15.26548673
2025,232,27,259,0,39,23,10,13,144,229,10.42471042,10.04366812
