Referral Year,Filed,Declined,Total Felony Referrals,Percent Declined
2018,896,26,922,2.819956616
2019,900,56,956,5.857740586
2020,699,50,749,6.675567423
2021,676,32,708,4.519774011
2022,531,71,602,11.79401993
2023,526,71,597,11.89279732
2024,285,16,301,5.315614618
