Referral Year,Filed,Declined,Total Felony Referrals,Percent Declined
2018,896,27,923,2.92524377
2019,900,56,956,5.857740586
2020,699,50,749,6.675567423
2021,676,32,708,4.519774011
2022,531,71,602,11.79401993
2023,526,75,601,12.47920133
