Referral Year,Filed,Declined,Total Felony Referrals,Percent Declined
2018,896,28,924,3.03030303
2019,900,58,958,6.054279749
2020,698,51,749,6.809078772
2021,677,34,711,4.781997187
2022,531,76,607,12.52059308
2023,528,88,616,14.28571429
2024,574,46,620,7.419354839
2025,489,66,555,11.89189189
