Referral Year,Felony Referrals Filed,Felony Referrals Not Filed,Total Felony Referrals,Felony Cases Acquitted,Felony Cases Deferred,Felony Cases Dismissed,Felony Cases Found Guilty,Felony Cases Plea Dismissal,Felony Cases Plead Guilty,Total Felony Cases Disposed,Percent of felony referrals declined,Percent of felony cases dismissed after filing
2018,894,26,920,2,148,63,40,39,359,651,2.826086957,9.677419355
2019,902,56,958,1,129,98,13,44,451,736,5.845511482,13.31521739
2020,700,50,750,3,121,71,14,34,425,668,6.666666667,10.62874251
2021,675,27,702,4,97,123,12,63,376,675,3.846153846,18.22222222
2022,529,70,599,14,75,117,14,56,337,613,11.68614357,19.08646003
2023,527,71,598,6,104,53,10,38,273,484,11.8729097,10.95041322
2024,140,2,142,1,17,15,3,12,63,111,1.408450704,13.51351351
