Referral Year,Filed,Declined,Total Felony Referrals,Percent Declined
2019,902,56,958,5.845511482
2020,700,50,750,6.666666667
2021,675,27,702,3.846153846
2022,529,70,599,11.68614357
2023,527,71,598,11.8729097
2024,140,2,142,1.408450704
