Referral Year,Felony Referrals Filed,Felony Referrals Not Filed,Total Felony Referrals,Felony Cases Acquitted,Felony Cases Deferred,Felony Cases Dismissed,Felony Cases Found Guilty,Felony Cases Plea Dismissal,Felony Cases Plead Guilty,Total Felony Cases Disposed,Percent of felony referrals declined,Percent of felony cases dismissed after filing
2018,896,27,923,2,148,63,40,39,358,650,2.92524377,9.692307692
2019,899,58,957,1,129,97,12,45,451,739,6.060606061,13.12584574
2020,699,50,749,3,121,71,14,34,424,667,6.675567423,10.64467766
2021,676,34,710,4,97,124,12,63,376,677,4.788732394,18.31610044
2022,531,73,604,14,76,115,14,56,338,615,12.08609272,18.69918699
2023,527,77,604,6,104,54,12,38,275,489,12.74834437,11.04294479
2024,574,36,610,4,66,69,13,35,259,331,5.901639344,20.84592145
