Filing Year,White Victim,NonWhite Victim,Total,Percent involving a white victim,Percent involving a non-white victim
2017.0,15.0,235.0,250.0,6.0,94.0
2018.0,23.0,215.0,238.0,9.663865546,90.33613445
2019.0,24.0,190.0,214.0,11.21495327,88.78504673
2020.0,34.0,230.0,264.0,12.87878788,87.12121212
2021.0,20.0,236.0,256.0,7.8125,92.1875
2022.0,11.0,273.0,284.0,3.873239437,96.12676056
2023.0,7.0,74.0,81.0,8.641975309,91.35802469
