Disposition Year,Highest Income Neighbood Cases Dismissed,Highest Income Neighborhood Cases Not Dismissed,Highest Income Neighborhood Total Cases Disposed,Lowest Income Neighbood Cases Dismissed,Lowest Income Neighborhood Cases Not Dismissed,Lowest Income Neighborhood Total Cases Disposed,Percent of cases in highest income zip codes dismissed,Percent of cases in lowest income zip codes dismissed
2017.0,24.0,224.0,248.0,44.0,363.0,407.0,9.677419355,10.81081081
2018.0,46.0,224.0,270.0,67.0,357.0,424.0,17.03703704,15.80188679
2019.0,42.0,287.0,329.0,59.0,353.0,412.0,12.76595745,14.32038835
2020.0,44.0,226.0,270.0,44.0,269.0,313.0,16.2962963,14.05750799
2021.0,30.0,246.0,276.0,31.0,297.0,328.0,10.86956522,9.451219512
2022.0,33.0,311.0,344.0,40.0,297.0,337.0,9.593023256,11.8694362
2023.0,8.0,64.0,72.0,13.0,64.0,77.0,11.11111111,16.88311688
