Disposition Year,Highest Income Neighbood Cases Dismissed,Highest Income Neighborhood Cases Not Dismissed,Highest Income Neighborhood Total Cases Disposed,Lowest Income Neighbood Cases Dismissed,Lowest Income Neighborhood Cases Not Dismissed,Lowest Income Neighborhood Total Cases Disposed,Percent of cases in highest income zip codes dismissed,Percent of cases in lowest income zip codes dismissed
2017.0,58.0,236.0,294.0,87.0,339.0,426.0,19.72789116,20.42253521
2018.0,58.0,250.0,308.0,92.0,343.0,435.0,18.83116883,21.14942529
2019.0,69.0,246.0,315.0,79.0,342.0,421.0,21.9047619,18.76484561
2020.0,53.0,221.0,274.0,65.0,291.0,356.0,19.34306569,18.25842697
2021.0,50.0,237.0,287.0,73.0,303.0,376.0,17.42160279,19.41489362
2022.0,92.0,238.0,330.0,89.0,296.0,385.0,27.87878788,23.11688312
2023.0,17.0,76.0,93.0,25.0,84.0,109.0,18.27956989,22.93577982
