Disposition Year,Non-White Victim Cases Dismissed,Non-White Victim Cases Not Dismissed,Non-White Victim Total Cases,White Victim Cases Dismissed,White Victim Cases Not Dismissed,White Victim Cases Total,Percent of cases dismissed involving non-white victims,Percent of cases dismissed involving white victims
2017.0,393.0,3128.0,3521.0,106.0,546.0,652.0,11.16160182,16.25766871
2018.0,420.0,3117.0,3537.0,138.0,500.0,638.0,11.87446989,21.63009404
2019.0,405.0,2989.0,3394.0,148.0,643.0,791.0,11.93282263,18.71049305
2020.0,329.0,2243.0,2572.0,125.0,516.0,641.0,12.79160187,19.50078003
2021.0,345.0,2501.0,2846.0,163.0,525.0,688.0,12.12227688,23.69186047
2022.0,445.0,2886.0,3331.0,207.0,451.0,658.0,13.35935155,31.45896657
2023.0,95.0,700.0,795.0,56.0,116.0,172.0,11.94968553,32.55813953
