Disposition Year,Black Plea to Lesser Charge,Black No Plea to Lesser Charge,Black Total Guilty Pleas,Hispanic Plea to Lesser Charge,Hispanic No Plea to Lesser Charge,Hispanic Total Guilty Pleas,White Plea to Lesser Charge,White No Plea to Lesser Charge,White Total Guilty Pleas,Percent of Black defendants pleading to a lesser charge,Percent of Hispanic defendants pleading to a lesser charge,Percent of White defendants pleading to a lesser charge
2019,30,79,109,129,346,475,433,1200,1633,27.52293578,27.15789474,26.51561543
2020,30,66,96,128,297,425,378,866,1244,31.25,30.11764706,30.38585209
2021,22,64,86,143,247,390,403,820,1223,25.58139535,36.66666667,32.95175797
2022,27,62,89,132,235,367,369,674,1043,30.33707865,35.96730245,35.37871524
2023,36,56,92,127,275,402,349,624,973,39.13043478,31.5920398,35.8684481
2024,29,40,69,133,276,409,326,556,882,42.02898551,32.51833741,36.96145125
2025,17,31,48,56,144,200,157,343,500,35.41666667,28,31.4
