Disposition Year,Black Plea to Lesser Charge,Black No Plea to Lesser Charge,Black Total Guilty Pleas,Hispanic Plea to Lesser Charge,Hispanic No Plea to Lesser Charge,Hispanic Total Guilty Pleas,White Plea to Lesser Charge,White No Plea to Lesser Charge,White Total Guilty Pleas,Percent of Black defendants pleading to a lesser charge,Percent of Hispanic defendants pleading to a lesser charge,Percent of White defendants pleading to a lesser charge
2017,42,70,112,67,171,238,486,1220,1706,37.5,28.1512605,28.4876905
2018,31,82,113,58,171,229,444,1395,1839,27.43362832,25.32751092,24.14355628
2019,32,82,114,93,227,320,464,1316,1780,28.07017544,29.0625,26.06741573
2020,30,69,99,118,240,358,388,921,1309,30.3030303,32.96089385,29.64094729
2021,23,68,91,128,221,349,414,846,1260,25.27472527,36.67621777,32.85714286
2022,19,50,69,83,152,235,288,550,838,27.53623188,35.31914894,34.36754177