Disposition Year,Black Plea to Lesser Charge,Black No Plea to Lesser Charge,Black Total Guilty Pleas,Hispanic Plea to Lesser Charge,Hispanic No Plea to Lesser Charge,Hispanic Total Guilty Pleas,White Plea to Lesser Charge,White No Plea to Lesser Charge,White Total Guilty Pleas,Percent of Black defendants pleading to a lesser charge,Percent of Hispanic defendants pleading to a lesser charge,Percent of White defendants pleading to a lesser charge
2019,30,79,109,129,340,469,433,1206,1639,27.52293578,27.50533049,26.4185479
2020,30,66,96,128,296,424,378,867,1245,31.25,30.18867925,30.36144578
2021,22,68,90,143,246,389,403,817,1220,24.44444444,36.76092545,33.03278689
2022,27,62,89,132,236,368,368,673,1041,30.33707865,35.86956522,35.3506244
2023,37,58,95,126,273,399,348,624,972,38.94736842,31.57894737,35.80246914
2024,29,41,70,136,279,415,324,554,878,41.42857143,32.77108434,36.90205011
2025,10,16,26,23,73,96,78,176,254,38.46153846,23.95833333,30.70866142
