Disposition Year,Black Plea to Lesser Charge,Black No Plea to Lesser Charge,Black Total Guilty Pleas,Hispanic Plea to Lesser Charge,Hispanic No Plea to Lesser Charge,Hispanic Total Guilty Pleas,White Plea to Lesser Charge,White No Plea to Lesser Charge,White Total Guilty Pleas,Percent of Black defendants pleading to a lesser charge,Percent of Hispanic defendants pleading to a lesser charge,Percent of White defendants pleading to a lesser charge
2020,30,66,96,127,295,422,378,866,1244,31.25,30.09478673,30.38585209
2021,22,64,86,143,249,392,403,816,1219,25.58139535,36.47959184,33.05988515
2022,27,62,89,132,238,370,368,673,1041,30.33707865,35.67567568,35.3506244
2023,36,57,93,129,276,405,348,621,969,38.70967742,31.85185185,35.91331269
2024,28,40,68,135,273,408,324,561,885,41.17647059,33.08823529,36.61016949
2025,33,58,91,114,280,394,296,638,934,36.26373626,28.93401015,31.69164882
