Disposition Year,Black Plea to Lesser Charge,Black No Plea to Lesser Charge,Black Total Guilty Pleas,Hispanic Plea to Lesser Charge,Hispanic No Plea to Lesser Charge,Hispanic Total Guilty Pleas,White Plea to Lesser Charge,White No Plea to Lesser Charge,White Total Guilty Pleas,Percent of Black defendants pleading to a lesser charge,Percent of Hispanic defendants pleading to a lesser charge,Percent of White defendants pleading to a lesser charge
2017,42,72,114,103,278,381,449,1110,1559,36.84210526,27.03412073,28.80051315
2018,31,81,112,105,281,386,399,1292,1691,27.67857143,27.20207254,23.59550562
2019,31,80,111,130,335,465,431,1213,1644,27.92792793,27.95698925,26.21654501
2020,32,70,102,127,289,416,380,869,1249,31.37254902,30.52884615,30.42433947
2021,23,69,92,145,251,396,399,808,1207,25,36.61616162,33.05716653
2022,27,62,89,132,242,374,368,676,1044,30.33707865,35.29411765,35.24904215
2023,36,58,94,127,279,406,341,625,966,38.29787234,31.28078818,35.30020704
