Disposition Year,Black Plea to Lesser Charge,Black No Plea to Lesser Charge,Black Total Guilty Pleas,Hispanic Plea to Lesser Charge,Hispanic No Plea to Lesser Charge,Hispanic Total Guilty Pleas,White Plea to Lesser Charge,White No Plea to Lesser Charge,White Total Guilty Pleas,Percent of Black defendants pleading to a lesser charge,Percent of Hispanic defendants pleading to a lesser charge,Percent of White defendants pleading to a lesser charge
2017,42,72,114,100,276,376,452,1115,1567,36.84210526,26.59574468,28.84492661
2018,31,82,113,102,276,378,401,1292,1693,27.43362832,26.98412698,23.68576491
2019,33,82,115,126,332,458,431,1214,1645,28.69565217,27.51091703,26.2006079
2020,32,69,101,125,281,406,380,875,1255,31.68316832,30.78817734,30.27888446
2021,24,70,94,143,249,392,399,812,1211,25.53191489,36.47959184,32.94797688
2022,27,62,89,132,240,372,370,678,1048,30.33707865,35.48387097,35.30534351
2023,19,31,50,64,162,226,178,330,508,38,28.31858407,35.03937008
