Disposition Year,Black Plea to Lesser Charge,Black No Plea to Lesser Charge,Black Total Guilty Pleas,Hispanic Plea to Lesser Charge,Hispanic No Plea to Lesser Charge,Hispanic Total Guilty Pleas,White Plea to Lesser Charge,White No Plea to Lesser Charge,White Total Guilty Pleas,Percent of Black defendants pleading to a lesser charge,Percent of Hispanic defendants pleading to a lesser charge,Percent of White defendants pleading to a lesser charge
2019,30,78,108,129,335,464,433,1211,1644,27.77777778,27.80172414,26.33819951
2020,30,67,97,127,288,415,379,868,1247,30.92783505,30.60240964,30.39294306
2021,22,68,90,143,247,390,402,813,1215,24.44444444,36.66666667,33.08641975
2022,27,62,89,131,240,371,371,673,1044,30.33707865,35.30997305,35.53639847
2023,36,58,94,124,276,400,348,625,973,38.29787234,31,35.76567318
2024,11,18,29,77,140,217,167,276,443,37.93103448,35.48387097,37.69751693
