Disposition Year,Black Plea to Lesser Charge,Black No Plea to Lesser Charge,Black Total Guilty Pleas,Hispanic Plea to Lesser Charge,Hispanic No Plea to Lesser Charge,Hispanic Total Guilty Pleas,White Plea to Lesser Charge,White No Plea to Lesser Charge,White Total Guilty Pleas,Percent of Black defendants pleading to a lesser charge,Percent of Hispanic defendants pleading to a lesser charge,Percent of White defendants pleading to a lesser charge
2017.0,42.0,72.0,114.0,98.0,275.0,373.0,454.0,1115.0,1569.0,36.84210526,26.27345845,28.93562779
2018.0,31.0,81.0,112.0,102.0,275.0,377.0,400.0,1287.0,1687.0,27.67857143,27.05570292,23.7107291
2019.0,33.0,81.0,114.0,126.0,338.0,464.0,432.0,1207.0,1639.0,28.94736842,27.15517241,26.35753508
2020.0,32.0,69.0,101.0,127.0,280.0,407.0,378.0,875.0,1253.0,31.68316832,31.2039312,30.16759777
2021.0,24.0,70.0,94.0,143.0,248.0,391.0,399.0,812.0,1211.0,25.53191489,36.57289003,32.94797688
2022.0,27.0,62.0,89.0,132.0,240.0,372.0,369.0,680.0,1049.0,30.33707865,35.48387097,35.17635844
2023.0,6.0,15.0,21.0,35.0,79.0,114.0,82.0,159.0,241.0,28.57142857,30.70175439,34.02489627
