Disposition Year,Black Plea to Lesser Charge,Black No Plea to Lesser Charge,Black Total Guilty Pleas,Hispanic Plea to Lesser Charge,Hispanic No Plea to Lesser Charge,Hispanic Total Guilty Pleas,White Plea to Lesser Charge,White No Plea to Lesser Charge,White Total Guilty Pleas,Percent of Black defendants pleading to a lesser charge,Percent of Hispanic defendants pleading to a lesser charge,Percent of White defendants pleading to a lesser charge
2017,42,73,115,101,277,378,451,1111,1562,36.52173913,26.71957672,28.87323944
2018,31,82,113,106,278,384,398,1293,1691,27.43362832,27.60416667,23.53636901
2019,31,80,111,130,334,464,431,1216,1647,27.92792793,28.01724138,26.16879174
2020,32,70,102,126,284,410,380,874,1254,31.37254902,30.73170732,30.3030303
2021,23,69,92,143,250,393,400,811,1211,25,36.38676845,33.03055326
2022,27,62,89,132,242,374,371,678,1049,30.33707865,35.29411765,35.36701621
2023,30,45,75,102,223,325,254,499,753,40,31.38461538,33.73173971
