Disposition Year,Black Plea to Lesser Charge,Black No Plea to Lesser Charge,Black Total Guilty Pleas,Hispanic Plea to Lesser Charge,Hispanic No Plea to Lesser Charge,Hispanic Total Guilty Pleas,White Plea to Lesser Charge,White No Plea to Lesser Charge,White Total Guilty Pleas,Percent of Black defendants pleading to a lesser charge,Percent of Hispanic defendants pleading to a lesser charge,Percent of White defendants pleading to a lesser charge
2017,42,72,114,102,279,381,450,1110,1560,36.84210526,26.77165354,28.84615385
2018,30,81,111,105,280,385,399,1294,1693,27.02702703,27.27272727,23.56763142
2019,31,78,109,130,335,465,431,1214,1645,28.44036697,27.95698925,26.2006079
2020,32,70,102,127,289,416,378,868,1246,31.37254902,30.52884615,30.33707865
2021,22,69,91,143,249,392,402,811,1213,24.17582418,36.47959184,33.14097279
2022,27,62,89,131,242,373,371,676,1047,30.33707865,35.12064343,35.43457498
2023,36,58,94,126,280,406,344,620,964,38.29787234,31.03448276,35.6846473
2024,3,11,14,41,77,118,81,132,213,21.42857143,34.74576271,38.02816901
