Filing Year,White Victim,NonWhite Victim,Total,Percent involving a white victim,Percent involving a non-white victim
2019,205,191,396,51.76767677,48.23232323
2020,235,247,482,48.75518672,51.24481328
2021,226,209,435,51.95402299,48.04597701
2022,236,196,432,54.62962963,45.37037037
2023,263,255,518,50.77220077,49.22779923
2024,257,226,483,53.20910973,46.79089027
2025,151,113,264,57.1969697,42.8030303
