Disposition Year,Non-White Victim Cases Dismissed,Non-White Victim Cases Not Dismissed,Non-White Victim Total Cases,White Victim Cases Dismissed,White Victim Cases Not Dismissed,White Victim Cases Total,Percent of cases dismissed involving non-white victims,Percent of cases dismissed involving white victims
2019,185,2305,2490,226,1611,1837,7.429718876,12.30266739
2020,134,1840,1974,148,1241,1389,6.788247214,10.65514759
2021,199,1951,2150,296,1464,1760,9.255813953,16.81818182
2022,283,2131,2414,304,1413,1717,11.72328086,17.70529994
2023,230,2022,2252,297,1334,1631,10.21314387,18.20968731
2024,55,446,501,64,261,325,10.97804391,19.69230769
