Filing Year,White Victim,NonWhite Victim,Total,Percent involving a white victim,Percent involving a non-white victim
2020,235,247,482,48.75518672,51.24481328
2021,226,209,435,51.95402299,48.04597701
2022,236,196,432,54.62962963,45.37037037
2023,264,255,519,50.86705202,49.13294798
2024,257,227,484,53.09917355,46.90082645
2025,317,208,525,60.38095238,39.61904762
