Filing Year,White Victim,NonWhite Victim,Total,Percent involving a white victim,Percent involving a non-white victim
2019,205,191,396,51.76767677,48.23232323
2020,235,247,482,48.75518672,51.24481328
2021,226,209,435,51.95402299,48.04597701
2022,236,196,432,54.62962963,45.37037037
2023,262,257,519,50.48169557,49.51830443
2024,259,225,484,53.51239669,46.48760331
