Disposition Year,Non-White Victim Cases Dismissed,Non-White Victim Cases Not Dismissed,Non-White Victim Total Cases,White Victim Cases Dismissed,White Victim Cases Not Dismissed,White Victim Cases Total,Percent of cases dismissed involving non-white victims,Percent of cases dismissed involving white victims
2019,185,2306,2491,226,1612,1838,7.426736251,12.29597388
2020,134,1835,1969,148,1241,1389,6.805485018,10.65514759
2021,198,1952,2150,297,1463,1760,9.209302326,16.875
2022,283,2135,2418,304,1413,1717,11.70388751,17.70529994
2023,230,2038,2268,299,1339,1638,10.14109347,18.25396825
2024,173,1526,1699,243,957,1200,10.18246027,20.25
