Filing Year,White Victim,NonWhite Victim,Total,Percent involving a white victim,Percent involving a non-white victim
2019,205,191,396,51.76767677,48.23232323
2020,235,247,482,48.75518672,51.24481328
2021,226,209,435,51.95402299,48.04597701
2022,235,196,431,54.52436195,45.47563805
2023,268,248,516,51.9379845,48.0620155
2024,55,47,102,53.92156863,46.07843137
