Disposition Year,Non-White Victim Cases Dismissed,Non-White Victim Cases Not Dismissed,Non-White Victim Total Cases,White Victim Cases Dismissed,White Victim Cases Not Dismissed,White Victim Cases Total,Percent of cases dismissed involving non-white victims,Percent of cases dismissed involving white victims
2019,184,2306,2490,226,1611,1837,7.389558233,12.30266739
2020,134,1835,1969,148,1241,1389,6.805485018,10.65514759
2021,198,1954,2152,297,1462,1759,9.200743494,16.88459352
2022,283,2140,2423,304,1414,1718,11.67973586,17.69499418
2023,229,2034,2263,300,1336,1636,10.11931065,18.33740831
2024,248,2188,2436,352,1384,1736,10.18062397,20.2764977
2025,66,505,571,92,411,503,11.558669,18.29025845
