Disposition Year,Non-White Victim Cases Dismissed,Non-White Victim Cases Not Dismissed,Non-White Victim Total Cases,White Victim Cases Dismissed,White Victim Cases Not Dismissed,White Victim Cases Total,Percent of cases dismissed involving non-white victims,Percent of cases dismissed involving white victims
2019,184,2306,2490,226,1612,1838,7.389558233,12.29597388
2020,134,1835,1969,148,1241,1389,6.805485018,10.65514759
2021,198,1954,2152,297,1462,1759,9.200743494,16.88459352
2022,283,2138,2421,304,1413,1717,11.68938455,17.70529994
2023,229,2036,2265,300,1338,1638,10.11037528,18.31501832
2024,245,2154,2399,351,1350,1701,10.21258858,20.63492063
