Disposition Year,Non-White Victim Cases Dismissed,Non-White Victim Cases Not Dismissed,Non-White Victim Total Cases,White Victim Cases Dismissed,White Victim Cases Not Dismissed,White Victim Cases Total,Percent of cases dismissed involving non-white victims,Percent of cases dismissed involving white victims
2020,134,1835,1969,147,1240,1387,6.805485018,10.59841384
2021,196,1954,2150,296,1462,1758,9.11627907,16.83731513
2022,283,2141,2424,304,1414,1718,11.67491749,17.69499418
2023,230,2034,2264,300,1340,1640,10.1590106,18.29268293
2024,249,2198,2447,355,1389,1744,10.17572538,20.35550459
2025,307,2008,2315,449,1750,2199,13.26133909,20.41837199
