Filing Year,White Victim,NonWhite Victim,Total,Percent involving a white victim,Percent involving a non-white victim
2019,92,53,145,63.44827586,36.55172414
2020,92,47,139,66.18705036,33.81294964
2021,91,76,167,54.49101796,45.50898204
2022,90,57,147,61.2244898,38.7755102
2023,70,52,122,57.37704918,42.62295082
2024,91,46,137,66.42335766,33.57664234
