Filing Year,Missing,Highest income zip codes cases filed,Lowest income zip codes cases filed,Middle income zip codes cases filed,Total Cases Filed,Percent of violent crimes occuring in highest income zip codes,Percent of violent crimes occuring in lowest income zip codes
2017.0,1.0,40.0,24.0,5.0,70.0,57.14285714,34.28571429
2018.0,4.0,29.0,48.0,10.0,91.0,31.86813187,52.74725275
2019.0,3.0,39.0,38.0,11.0,91.0,42.85714286,41.75824176
2020.0,5.0,27.0,51.0,12.0,95.0,28.42105263,53.68421053
2021.0,6.0,50.0,56.0,12.0,124.0,40.32258065,45.16129032
2022.0,1.0,44.0,49.0,6.0,100.0,44.0,49.0
