Disposition Year,Non-White Victim Cases Dismissed,Non-White Victim Cases Not Dismissed,Non-White Victim Total Cases,White Victim Cases Dismissed,White Victim Cases Not Dismissed,White Victim Cases Total,Percent of cases dismissed involving non-white victims,Percent of cases dismissed involving white victims
2019,76,430,506,285,1053,1338,15.01976285,21.30044843
2020,113,462,575,246,759,1005,19.65217391,24.47761194
2021,100,499,599,368,1000,1368,16.69449082,26.9005848
2022,117,518,635,347,871,1218,18.42519685,28.48932677
2023,152,539,691,405,822,1227,21.99710564,33.00733496
2024,167,476,643,366,622,988,25.97200622,37.04453441
