Disposition Year,Non-White Victim Cases Dismissed,Non-White Victim Cases Not Dismissed,Non-White Victim Total Cases,White Victim Cases Dismissed,White Victim Cases Not Dismissed,White Victim Cases Total,Percent of cases dismissed involving non-white victims,Percent of cases dismissed involving white victims
2019,77,426,503,286,1052,1338,15.30815109,21.37518685
2020,113,459,572,248,751,999,19.75524476,24.82482482
2021,98,494,592,364,990,1354,16.55405405,26.88330871
2022,117,510,627,345,857,1202,18.66028708,28.70216306
2023,150,501,651,401,783,1184,23.04147465,33.86824324
2024,45,76,121,76,138,214,37.19008264,35.51401869
