Disposition Year,Non-White Victim Cases Dismissed,Non-White Victim Cases Not Dismissed,Non-White Victim Total Cases,White Victim Cases Dismissed,White Victim Cases Not Dismissed,White Victim Cases Total,Percent of cases dismissed involving non-white victims,Percent of cases dismissed involving white victims
2019,77,431,508,285,1053,1338,15.15748031,21.30044843
2020,114,462,576,247,759,1006,19.79166667,24.5526839
2021,100,501,601,369,1001,1370,16.63893511,26.93430657
2022,117,519,636,347,871,1218,18.39622642,28.48932677
2023,152,540,692,406,823,1229,21.96531792,33.03498779
2024,170,494,664,377,658,1035,25.60240964,36.42512077
2025,41,134,175,74,148,222,23.42857143,33.33333333
