Disposition Year,Non-White Victim Cases Dismissed,Non-White Victim Cases Not Dismissed,Non-White Victim Total Cases,White Victim Cases Dismissed,White Victim Cases Not Dismissed,White Victim Cases Total,Percent of cases dismissed involving non-white victims,Percent of cases dismissed involving white victims
2017,58,383,441,261,998,1259,13.15192744,20.73073868
2018,74,378,452,306,1116,1422,16.37168142,21.51898734
2019,77,424,501,287,1052,1339,15.36926148,21.4339059
2020,113,458,571,249,753,1002,19.78984238,24.8502994
2021,98,494,592,362,986,1348,16.55405405,26.85459941
2022,115,505,620,339,861,1200,18.5483871,28.25
2023,116,363,479,303,586,889,24.217119,34.0832396
