Filing Year,White Victim,NonWhite Victim,Total,Percent involving a white victim,Percent involving a non-white victim
2017,43,27,70,61.42857143,38.57142857
2018,67,24,91,73.62637363,26.37362637
2019,57,34,91,62.63736264,37.36263736
2020,60,35,95,63.15789474,36.84210526
2021,63,62,125,50.4,49.6
2022,50,24,74,67.56756757,32.43243243