Disposition Year,Highest Income Neighbood Cases Dismissed,Highest Income Neighborhood Cases Not Dismissed,Highest Income Neighborhood Total Cases Disposed,Lowest Income Neighbood Cases Dismissed,Lowest Income Neighborhood Cases Not Dismissed,Lowest Income Neighborhood Total Cases Disposed,Percent of cases in highest income zip codes dismissed,Percent of cases in lowest income zip codes dismissed
2017.0,22.0,147.0,169.0,46.0,214.0,260.0,13.01775148,17.69230769
2018.0,36.0,147.0,183.0,46.0,209.0,255.0,19.67213115,18.03921569
2019.0,37.0,143.0,180.0,35.0,202.0,237.0,20.55555556,14.76793249
2020.0,34.0,117.0,151.0,37.0,188.0,225.0,22.51655629,16.44444444
2021.0,36.0,119.0,155.0,61.0,227.0,288.0,23.22580645,21.18055556
2022.0,41.0,146.0,187.0,51.0,193.0,244.0,21.92513369,20.90163934
2023.0,8.0,34.0,42.0,17.0,62.0,79.0,19.04761905,21.51898734
