Disposition Year,Non-White Victim Cases Dismissed,Non-White Victim Cases Not Dismissed,Non-White Victim Total Cases,White Victim Cases Dismissed,White Victim Cases Not Dismissed,White Victim Cases Total,Percent of cases dismissed involving non-white victims,Percent of cases dismissed involving white victims
2020,113,462,575,247,759,1006,19.65217391,24.5526839
2021,100,501,601,368,1001,1369,16.63893511,26.88093499
2022,117,520,637,345,870,1215,18.36734694,28.39506173
2023,154,536,690,406,823,1229,22.31884058,33.03498779
2024,169,492,661,376,663,1039,25.56732224,36.18864293
2025,164,525,689,326,561,887,23.80261248,36.75310034
