Disposition Year,Highest Income Neighbood Cases Dismissed,Highest Income Neighborhood Cases Not Dismissed,Highest Income Neighborhood Total Cases Disposed,Lowest Income Neighbood Cases Dismissed,Lowest Income Neighborhood Cases Not Dismissed,Lowest Income Neighborhood Total Cases Disposed,Percent of cases in highest income zip codes dismissed,Percent of cases in lowest income zip codes dismissed
2017.0,61.0,235.0,296.0,99.0,295.0,394.0,20.60810811,25.12690355
2018.0,73.0,290.0,363.0,116.0,307.0,423.0,20.11019284,27.42316785
2019.0,76.0,241.0,317.0,119.0,285.0,404.0,23.97476341,29.45544554
2020.0,73.0,161.0,234.0,93.0,245.0,338.0,31.1965812,27.5147929
2021.0,72.0,197.0,269.0,120.0,330.0,450.0,26.76579926,26.66666667
2022.0,100.0,201.0,301.0,132.0,281.0,413.0,33.22259136,31.96125908
2023.0,29.0,31.0,60.0,36.0,76.0,112.0,48.33333333,32.14285714
