Disposition Year,Non-White Victim Cases Dismissed,Non-White Victim Cases Not Dismissed,Non-White Victim Total Cases,White Victim Cases Dismissed,White Victim Cases Not Dismissed,White Victim Cases Total,Percent of cases dismissed involving non-white victims,Percent of cases dismissed involving white victims
2017,58,382,440,261,998,1259,13.18181818,20.73073868
2018,74,378,452,307,1118,1425,16.37168142,21.54385965
2019,77,426,503,287,1054,1341,15.30815109,21.40193885
2020,112,461,573,244,760,1004,19.54624782,24.30278884
2021,97,495,592,353,996,1349,16.38513514,26.1675315
2022,112,516,628,335,872,1207,17.8343949,27.75476388
2023,143,500,643,378,778,1156,22.23950233,32.69896194
