Disposition Year,Non-White Victim Cases Dismissed,Non-White Victim Cases Not Dismissed,Non-White Victim Total Cases,White Victim Cases Dismissed,White Victim Cases Not Dismissed,White Victim Cases Total,Percent of cases dismissed involving non-white victims,Percent of cases dismissed involving white victims
2017.0,58.0,383.0,441.0,261.0,998.0,1259.0,13.15192744,20.73073868
2018.0,74.0,379.0,453.0,306.0,1115.0,1421.0,16.33554084,21.53413089
2019.0,77.0,424.0,501.0,287.0,1053.0,1340.0,15.36926148,21.41791045
2020.0,113.0,458.0,571.0,249.0,753.0,1002.0,19.78984238,24.8502994
2021.0,96.0,488.0,584.0,351.0,966.0,1317.0,16.43835616,26.65148064
2022.0,107.0,493.0,600.0,322.0,831.0,1153.0,17.83333333,27.92714657
2023.0,33.0,125.0,158.0,86.0,190.0,276.0,20.88607595,31.15942029
