Disposition Year,Non-White Victim Cases Dismissed,Non-White Victim Cases Not Dismissed,Non-White Victim Total Cases,White Victim Cases Dismissed,White Victim Cases Not Dismissed,White Victim Cases Total,Percent of cases dismissed involving non-white victims,Percent of cases dismissed involving white victims
2019,77,426,503,287,1051,1338,15.30815109,21.44992526
2020,113,460,573,248,751,999,19.72076789,24.82482482
2021,98,493,591,364,991,1355,16.5820643,26.86346863
2022,117,513,630,345,859,1204,18.57142857,28.65448505
2023,149,506,655,401,783,1184,22.7480916,33.86824324
2024,77,181,258,167,258,425,29.84496124,39.29411765
