Filing Year,White Victim,NonWhite Victim,Total,Percent involving a white victim,Percent involving a non-white victim
2017,65,36,101,64.35643564,35.64356436
2018,90,30,120,75,25
2019,92,53,145,63.44827586,36.55172414
2020,91,48,139,65.4676259,34.5323741
2021,91,76,167,54.49101796,45.50898204
2022,90,58,148,60.81081081,39.18918919
2023,68,54,122,55.73770492,44.26229508
2024,25,11,36,69.44444444,30.55555556
