Filing Year,White Victim,NonWhite Victim,Total,Percent involving a white victim,Percent involving a non-white victim
2017,65,36,101,64.35643564,35.64356436
2018,90,30,120,75,25
2019,92,53,145,63.44827586,36.55172414
2020,92,47,139,66.18705036,33.81294964
2021,91,76,167,54.49101796,45.50898204
2022,90,57,147,61.2244898,38.7755102
2023,69,53,122,56.55737705,43.44262295
2024,71,34,105,67.61904762,32.38095238
