Disposition Year,Non-White Victim Cases Dismissed,Non-White Victim Cases Not Dismissed,Non-White Victim Total Cases,White Victim Cases Dismissed,White Victim Cases Not Dismissed,White Victim Cases Total,Percent of cases dismissed involving non-white victims,Percent of cases dismissed involving white victims
2019,77,426,503,286,1051,1337,15.30815109,21.39117427
2020,113,461,574,248,751,999,19.68641115,24.82482482
2021,99,494,593,365,992,1357,16.69477234,26.89756817
2022,117,513,630,345,861,1206,18.57142857,28.60696517
2023,150,516,666,402,801,1203,22.52252252,33.41645885
2024,117,299,416,265,427,692,28.125,38.29479769
