Filing Year,White Victim,NonWhite Victim,Total,Percent involving a white victim,Percent involving a non-white victim
2017.0,43.0,27.0,70.0,61.42857143,38.57142857
2018.0,67.0,24.0,91.0,73.62637363,26.37362637
2019.0,57.0,34.0,91.0,62.63736264,37.36263736
2020.0,60.0,35.0,95.0,63.15789474,36.84210526
2021.0,63.0,61.0,124.0,50.80645161,49.19354839
2022.0,59.0,41.0,100.0,59.0,41.0
2023.0,14.0,9.0,23.0,60.86956522,39.13043478
