Filing Year,White Victim,NonWhite Victim,Total,Percent involving a white victim,Percent involving a non-white victim
2020,92,47,139,66.18705036,33.81294964
2021,91,76,167,54.49101796,45.50898204
2022,90,57,147,61.2244898,38.7755102
2023,71,51,122,58.19672131,41.80327869
2024,91,47,138,65.94202899,34.05797101
2025,73,49,122,59.83606557,40.16393443
