Disposition Quarter,Black No Pretrial,Black Pretrial,Black Total Cases,Hispanic No Pretrial,Hispanic Pretrial,Hispanic Total Cases,White No Pretrial,White Pretrial,White Total Cases,Percent of Black defendants detained pretrial,Percent of Hispanic defendants detained pretrial,Percent of White defendants detained pretrial
2022 Q1,264,110,374,277,123,400,538,201,739,29.41176471,30.75,27.19891746
2022 Q2,283,104,387,273,136,409,571,207,778,26.87338501,33.25183374,26.6066838
2022 Q3,263,142,405,254,129,383,531,203,734,35.0617284,33.68146214,27.65667575
2022 Q4,246,100,346,250,103,353,457,177,634,28.9017341,29.17847025,27.91798107
2023 Q1,266,100,366,287,137,424,525,185,710,27.32240437,32.31132075,26.05633803
2023 Q2,253,104,357,266,91,357,545,186,731,29.13165266,25.49019608,25.44459644
2023 Q3,244,108,352,301,69,370,493,143,636,30.68181818,18.64864865,22.48427673
2023 Q4,218,55,273,241,70,311,449,111,560,20.14652015,22.50803859,19.82142857
