Disposition Quarter,NoPretrialDetention,PretrialDetention,Total Cases,Percent of defendants detained pretrial
2021 Q4,1037,444,1481,29.97974342
2022 Q1,1077,419,1496,28.00802139
2022 Q2,1108,429,1537,27.91151594
2022 Q3,962,351,1313,26.73267327