,Fine/ Comm. Serv/ Fee,Credit for time served,Probation,Probation plus jail,Jail,Com. Corr.,Youth Corr.,Prison
Sentences in 2023,1611,180,2971,854,1133,184,60,993
Change since 2022,28.06041335,11.11111111,-11.97037037,2.767749699,23.55507088,-49.5890411,33.33333333,9.481808159
