Disposition Year,Black Incarceration,Black No Incarceration,Black Total,Hispanic Incarceration,Hispanic No Incarceration,Hispanic Total,White Incarceration,White No Incarceration,White Total,Percent of Black defendants incarcerated,Percent of Hispanic defendants incarcerated,Percent of White defendants incarcerated
2022 Q1,91,85,176,106,78,184,172,116,288,51.70454545,57.60869565,59.72222222
2022 Q2,88,80,168,122,82,204,176,145,321,52.38095238,59.80392157,54.82866044
2022 Q3,113,99,212,101,87,188,153,120,273,53.30188679,53.72340426,56.04395604
2022 Q4,69,80,149,86,62,148,161,102,263,46.30872483,58.10810811,61.21673004
2023 Q1,95,106,201,138,88,226,150,105,255,47.26368159,61.0619469,58.82352941
2023 Q2,82,84,166,86,69,155,172,128,300,49.39759036,55.48387097,57.33333333
2023 Q3,84,91,175,72,73,145,123,120,243,48,49.65517241,50.61728395
2023 Q4,43,72,115,68,73,141,82,87,169,37.39130435,48.22695035,48.52071006
