Disposition Quarter,Drugs,DUI,Other,Person,Property,Sex Offense,Traffic,Weapons,Total,"Percent involving person, sex, or weapons offenses",Percent involving DUI,Percent involving other offenses
2021 Q4,115,108,50,141,210,7,68,41,740,25.54054054,14.59459459,59.86486486
2022 Q1,108,90,45,171,222,6,64,44,750,29.46666667,12,58.53333333
2022 Q2,101,122,57,145,249,8,57,32,771,23.99481193,15.82360571,60.18158236
2022 Q3,114,130,37,152,226,8,54,29,750,25.2,17.33333333,57.46666667
2022 Q4,118,105,43,147,171,10,43,26,663,27.60180995,15.83710407,56.56108597
2023 Q1,159,121,44,161,204,8,76,30,803,24.78206725,15.06849315,60.1494396
2023 Q2,126,105,56,97,140,5,84,33,646,20.89783282,16.25386997,62.84829721
