Disposition Quarter,NoPretrialDetention,PretrialDetention,Total Cases,Percent of defendants detained pretrial
2021 Q4,1047,458,1505,30.43189369
2022 Q1,1117,441,1558,28.3055199
2022 Q2,1180,461,1641,28.09262645
2022 Q3,1092,483,1575,30.66666667
2022 Q4,1013,391,1404,27.84900285
2023 Q1,1122,426,1548,27.51937984
2023 Q2,1102,361,1463,24.67532468
2023 Q3,1022,244,1266,19.27330174
