Disposition Quarter,Black No Pretrial,Black Pretrial,Black Total Cases,Hispanic No Pretrial,Hispanic Pretrial,Hispanic Total Cases,White No Pretrial,White Pretrial,White Total Cases,Percent of Black defendants detained pretrial,Percent of Hispanic defendants detained pretrial,Percent of White defendants detained pretrial
2022,1057,460,1517,1106,519,1625,2062,791,2853,30.32300593,31.93846154,27.72520154
2023,1026,441,1467,1199,443,1642,2048,700,2748,30.06134969,26.97929354,25.47307132
2024,1187,412,1599,1397,511,1908,2123,593,2716,25.76610381,26.78197065,21.83357879
2025,1155,417,1572,1346,509,1855,2295,523,2818,26.52671756,27.4393531,18.55926189
