Disposition Quarter,Black No Pretrial,Black Pretrial,Black Total Cases,Hispanic No Pretrial,Hispanic Pretrial,Hispanic Total Cases,White No Pretrial,White Pretrial,White Total Cases,Percent of Black defendants detained pretrial,Percent of Hispanic defendants detained pretrial,Percent of White defendants detained pretrial
2022,1054,461,1515,1099,521,1620,2073,782,2855,30.4290429,32.16049383,27.39054291
2023,1021,430,1451,1188,428,1616,2055,698,2753,29.63473467,26.48514851,25.3541591
2024,1176,402,1578,1389,502,1891,2115,586,2701,25.47528517,26.54680063,21.69566827
2025,585,183,768,649,219,868,1147,207,1354,23.828125,25.23041475,15.28803545
