,Fine/ Comm. Serv/ Fee,Credit for time served,Probation,Probation plus jail,Jail,Com. Corr.,Youth Corr.,Prison
Sentences in Q4 2023,345,29,582,154,181,30,10,138
Change since Q4 2022,5.828220859,-25.64102564,-23.01587302,-24.13793103,-5.729166667,-57.74647887,-23.07692308,-33.33333333
