Disposition Quarter,Drugs,DUI,Other,Person,Property,Sex Offense,Traffic,Weapons,Total,"Percent involving person, sex, or weapons offenses",Percent involving DUI,Percent involving other offenses
2021 Q4,116,110,50,142,211,7,68,41,745,25.5033557,14.76510067,59.73154362
2022 Q1,114,91,46,172,222,6,66,44,761,29.17214192,11.95795007,58.86990802
2022 Q2,105,122,58,147,252,8,59,33,784,23.97959184,15.56122449,60.45918367
2022 Q3,117,129,37,155,231,8,58,29,764,25.13089005,16.88481675,57.98429319
2022 Q4,121,106,43,149,172,11,45,26,673,27.63744428,15.75037147,56.61218425
2023 Q1,165,121,44,168,208,9,85,33,833,25.21008403,14.52581032,60.26410564
2023 Q2,151,138,67,143,187,6,93,41,826,23.00242131,16.70702179,60.2905569
2023 Q3,137,115,52,143,150,11,64,25,697,25.68149211,16.49928264,57.81922525
2023 Q4,129,99,38,75,103,5,43,11,503,18.09145129,19.68190855,62.22664016
