Disposition Year,Black Incarceration,Black No Incarceration,Black Total,Hispanic Incarceration,Hispanic No Incarceration,Hispanic Total,White Incarceration,White No Incarceration,White Total,Percent of Black defendants incarcerated,Percent of Hispanic defendants incarcerated,Percent of White defendants incarcerated
2022,365,346,711,436,323,759,665,477,1142,51.33614627,57.44400527,58.23117338
2023,374,366,740,441,332,773,606,458,1064,50.54054054,57.05045278,56.95488722
2024,366,392,758,460,403,863,498,428,926,48.28496042,53.30243337,53.77969762
2025,331,331,662,431,387,818,427,436,863,50,52.68948655,49.47856315
