,Fine/ Comm. Serv/ Fee,Credit for time served,Probation,Probation plus jail,Jail,Com. Corr.,Youth Corr.,Prison
Sentences in 2024,1466,192,2991,880,1164,191,53,795
Change since 2023,-15.98853868,6.077348066,0.3354579,2.206736353,-1.355932203,2.688172043,-11.66666667,-20.81673307
