Disposition Quarter,Private Attorney Incarceration,Private Attorney No Incarceration,Private Attorney Total Cases,Public Defender Incarceration,Public Defender No Incarceration,Public Defender Total Cases,Percent of cases with a private attorney incarcerated,Percent of cases with a public defender incarcerated
2021 Q4,127,102,229,199,197,396,55.45851528,50.25252525
2022 Q1,123,91,214,226,173,399,57.47663551,56.64160401
2022 Q2,106,101,207,269,209,478,51.20772947,56.27615063
2022 Q3,101,95,196,258,202,460,51.53061224,56.08695652
2022 Q4,101,64,165,215,183,398,61.21212121,54.0201005
2023 Q1,118,78,196,249,220,469,60.20408163,53.09168443
2023 Q2,58,82,140,162,190,352,41.42857143,46.02272727
