Disposition Quarter,Black No Pretrial,Black Pretrial,Black Total Cases,Hispanic No Pretrial,Hispanic Pretrial,Hispanic Total Cases,White No Pretrial,White Pretrial,White Total Cases,Percent of Black defendants detained pretrial,Percent of Hispanic defendants detained pretrial,Percent of White defendants detained pretrial
2021 Q4,265,131,396,247,126,373,502,193,695,33.08080808,33.78016086,27.76978417
2022 Q1,264,108,372,271,123,394,546,197,743,29.03225806,31.21827411,26.5141319
2022 Q2,276,100,376,268,129,397,585,210,795,26.59574468,32.49370277,26.41509434
2022 Q3,261,136,397,246,123,369,543,204,747,34.25692695,33.33333333,27.30923695
2022 Q4,249,98,347,250,100,350,456,175,631,28.24207493,28.57142857,27.73375594
2023 Q1,265,96,361,277,123,400,527,183,710,26.59279778,30.75,25.77464789
2023 Q2,253,68,321,264,53,317,515,150,665,21.18380062,16.7192429,22.55639098
