Disposition Quarter,Drugs,DUI,Other,Person,Property,Sex Offense,Traffic,Weapons,Total,"Percent involving person, sex, or weapons offenses",Percent involving DUI,Percent involving other offenses
2021 Q4,109,101,49,137,201,7,58,39,701,26.10556348,14.40798859,59.48644793
2022 Q1,96,81,44,169,215,5,48,40,698,30.65902579,11.60458453,57.73638968
2022 Q2,86,115,55,137,240,7,40,32,712,24.71910112,16.15168539,59.12921348
2022 Q3,73,110,32,103,169,4,44,24,559,23.43470483,19.67799642,56.88729875