,Fine/ Comm. Serv/ Fee,Credit for time served,Probation,Probation plus jail,Jail,Com. Corr.,Youth Corr.,Prison
Sentences in 2025,1212,206,3200,1064,1340,208,56,821
Change since 2024,-22.20795892,3.51758794,0.692259283,13.07120085,7.890499195,-4.147465438,-8.196721311,-9.78021978
