Disposition Quarter,Private Attorney Incarceration,Private Attorney No Incarceration,Private Attorney Total Cases,Public Defender Incarceration,Public Defender No Incarceration,Public Defender Total Cases,Percent of cases with a private attorney incarcerated,Percent of cases with a public defender incarcerated
2022 Q1,123,90,213,235,175,410,57.74647887,57.31707317
2022 Q2,107,98,205,273,210,483,52.19512195,56.52173913
2022 Q3,103,94,197,266,204,470,52.28426396,56.59574468
2022 Q4,104,63,167,218,187,405,62.2754491,53.82716049
2023 Q1,119,78,197,263,221,484,60.40609137,54.33884298
2023 Q2,95,76,171,229,203,432,55.55555556,53.00925926
2023 Q3,89,69,158,183,218,401,56.32911392,45.63591022
2023 Q4,38,65,103,152,157,309,36.89320388,49.19093851
