Disposition Year,Black Incarceration,Black No Incarceration,Black Total,Hispanic Incarceration,Hispanic No Incarceration,Hispanic Total,White Incarceration,White No Incarceration,White Total,Percent of Black defendants incarcerated,Percent of Hispanic defendants incarcerated,Percent of White defendants incarcerated
2022,361,349,710,438,323,761,657,476,1133,50.84507042,57.55584757,57.98764342
2023,362,367,729,431,331,762,598,454,1052,49.65706447,56.56167979,56.84410646
2024,357,384,741,455,409,864,490,420,910,48.17813765,52.66203704,53.84615385
2025,134,162,296,169,200,369,182,228,410,45.27027027,45.79945799,44.3902439
