Disposition Year,Black Incarceration,Black No Incarceration,Black Total,Hispanic Incarceration,Hispanic No Incarceration,Hispanic Total,White Incarceration,White No Incarceration,White Total,Percent of Black defendants incarcerated,Percent of Hispanic defendants incarcerated,Percent of White defendants incarcerated
2022 Q1,89,84,173,105,77,182,169,116,285,51.44508671,57.69230769,59.29824561
2022 Q2,87,80,167,120,79,199,175,149,324,52.09580838,60.30150754,54.01234568
2022 Q3,107,98,205,99,87,186,155,120,275,52.19512195,53.22580645,56.36363636
2022 Q4,68,80,148,86,63,149,161,101,262,45.94594595,57.71812081,61.45038168
2023 Q1,94,105,199,136,87,223,148,107,255,47.2361809,60.98654709,58.03921569
2023 Q2,78,84,162,76,74,150,167,121,288,48.14814815,50.66666667,57.98611111
2023 Q3,56,93,149,48,67,115,84,108,192,37.58389262,41.73913043,43.75
