Disposition Quarter,Drugs,DUI,Other,Person,Property,Sex Offense,Traffic,Weapons,Total,"Percent involving person, sex, or weapons offenses",Percent involving DUI,Percent involving other offenses
2021 Q4,116,109,50,141,210,7,67,41,741,25.50607287,14.70985155,59.78407557
2022 Q1,110,91,46,171,222,6,67,44,757,29.19418758,12.02113606,58.78467635
2022 Q2,101,122,57,146,250,8,58,32,774,24.03100775,15.7622739,60.20671835
2022 Q3,115,129,37,155,229,8,57,29,759,25.29644269,16.99604743,57.70750988
2022 Q4,120,106,43,147,172,11,44,26,669,27.50373692,15.8445441,56.65171898
2023 Q1,164,122,44,165,206,9,81,31,822,24.93917275,14.84184915,60.2189781
2023 Q2,145,133,65,137,176,6,85,40,787,23.25285896,16.89961881,59.84752224
2023 Q3,116,90,43,103,116,7,58,18,551,23.23049002,16.33393829,60.43557169
