Disposition Quarter,NoPretrialDetention,PretrialDetention,Total Cases,Percent of defendants detained pretrial
2021 Q4,1047,459,1506,30.47808765
2022 Q1,1119,446,1565,28.49840256
2022 Q2,1182,466,1648,28.27669903
2022 Q3,1096,487,1583,30.76437145
2022 Q4,1011,395,1406,28.09388336
2023 Q1,1126,435,1561,27.86675208
2023 Q2,1108,383,1491,25.68745808
2023 Q3,1075,333,1408,23.65056818
2023 Q4,953,238,1191,19.98320739
