Disposition Quarter,Private Attorney Incarceration,Private Attorney No Incarceration,Private Attorney Total Cases,Public Defender Incarceration,Public Defender No Incarceration,Public Defender Total Cases,Percent of cases with a private attorney incarcerated,Percent of cases with a public defender incarcerated
2021 Q4,126.0,101.0,227.0,199.0,196.0,395.0,55.50660793,50.37974684
2022 Q1,124.0,91.0,215.0,222.0,167.0,389.0,57.6744186,57.06940874
2022 Q2,105.0,100.0,205.0,266.0,209.0,475.0,51.2195122,56.0
2022 Q3,97.0,96.0,193.0,251.0,201.0,452.0,50.25906736,55.53097345
2022 Q4,99.0,63.0,162.0,202.0,180.0,382.0,61.11111111,52.87958115
2023 Q1,76.0,90.0,166.0,146.0,219.0,365.0,45.78313253,40.0
