Disposition Quarter,NoPretrialDetention,PretrialDetention,Total Cases,Percent of defendants detained pretrial
2021 Q4,1047,458,1505,30.43189369
2022 Q1,1117,439,1556,28.21336761
2022 Q2,1180,459,1639,28.00488103
2022 Q3,1092,477,1569,30.40152964
2022 Q4,1008,388,1396,27.79369628
2023 Q1,1116,415,1531,27.10646636
2023 Q2,1071,272,1343,20.25316456
