,Fine/ Comm. Serv/ Fee,Credit for time served,Probation,Probation plus jail,Jail,Com. Corr.,Youth Corr.,Prison
Sentences in 2023,1512,175,2911,839,1089,179,60,950
Change since 2022,27,8.695652174,-13.95211351,1.084337349,20.1986755,-50.95890411,33.33333333,4.856512141
