,Fine/ Comm. Serv/ Fee,Credit for time served,Probation,Probation plus jail,Jail,Com. Corr.,Youth Corr.,Prison
Sentences in Q2 2023,324,42,596,163,289,25,12,169
Change since Q2 2022,13.2,-6.666666667,-34.21633554,-21.25603865,30.76923077,-73.68421053,33.33333333,-31.85483871
