,Fine/ Comm. Serv/ Fee,Credit for time served,Probation,Probation plus jail,Jail,Com. Corr.,Youth Corr.,Prison
Sentences in 2023,1539,181,2959,849,1108,181,60,980
Change since 2022,28.03660566,12.42236025,-12.32592593,2.166064982,22.29580574,-50.54644809,33.33333333,8.167770419
