Disposition Quarter,Black No Pretrial,Black Pretrial,Black Total Cases,Hispanic No Pretrial,Hispanic Pretrial,Hispanic Total Cases,White No Pretrial,White Pretrial,White Total Cases,Percent of Black defendants detained pretrial,Percent of Hispanic defendants detained pretrial,Percent of White defendants detained pretrial
2022 Q1,263,108,371,277,123,400,541,197,738,29.11051213,30.75,26.69376694
2022 Q2,280,103,383,271,132,403,575,206,781,26.89295039,32.75434243,26.37644046
2022 Q3,258,137,395,254,127,381,533,206,739,34.6835443,33.33333333,27.87550744
2022 Q4,248,99,347,254,103,357,456,175,631,28.53025937,28.85154062,27.73375594
2023 Q1,262,97,359,282,132,414,529,185,714,27.01949861,31.88405797,25.91036415
2023 Q2,253,98,351,270,82,352,535,179,714,27.92022792,23.29545455,25.07002801
2023 Q3,240,80,320,281,49,330,470,105,575,25,14.84848485,18.26086957
