Fine/ Comm. Serv/ Fee,Credit for time served,Probation,Probation plus jail,Jail,Com. Corr.,Youth Corr.,Prison
324.0,38.0,624.0,174.0,253.0,32.0,15.0,160.0
-60.0,150.5376344,-16.0,8.571428571,-25.44802867,-13.86138614,9.051724138,-67.67676768
