Disposition Quarter,Private Attorney Incarceration,Private Attorney No Incarceration,Private Attorney Total Cases,Public Defender Incarceration,Public Defender No Incarceration,Public Defender Total Cases,Percent of cases with a private attorney incarcerated,Percent of cases with a public defender incarcerated
2022 Q1,124,90,214,229,173,402,57.94392523,56.96517413
2022 Q2,107,99,206,269,209,478,51.94174757,56.27615063
2022 Q3,102,94,196,262,204,466,52.04081633,56.22317597
2022 Q4,102,63,165,217,187,404,61.81818182,53.71287129
2023 Q1,119,78,197,258,221,479,60.40609137,53.86221294
2023 Q2,92,73,165,217,199,416,55.75757576,52.16346154
2023 Q3,58,75,133,126,194,320,43.60902256,39.375
