Disposition Year,Black Incarceration,Black No Incarceration,Black Total,Hispanic Incarceration,Hispanic No Incarceration,Hispanic Total,White Incarceration,White No Incarceration,White Total,Percent of Black defendants incarcerated,Percent of Hispanic defendants incarcerated,Percent of White defendants incarcerated
2021 Q4,87,108,195,97,73,170,162,130,292,44.61538462,57.05882353,55.47945205
2022 Q1,87,84,171,105,76,181,169,118,287,50.87719298,58.01104972,58.88501742
2022 Q2,84,80,164,117,78,195,177,155,332,51.2195122,60,53.31325301
2022 Q3,104,100,204,95,85,180,157,118,275,50.98039216,52.77777778,57.09090909
2022 Q4,69,78,147,84,61,145,161,101,262,46.93877551,57.93103448,61.45038168
2023 Q1,93,106,199,127,86,213,146,106,252,46.73366834,59.62441315,57.93650794
2023 Q2,51,87,138,50,71,121,127,120,247,36.95652174,41.32231405,51.41700405
