Disposition Year,Black Incarceration,Black No Incarceration,Black Total,Hispanic Incarceration,Hispanic No Incarceration,Hispanic Total,White Incarceration,White No Incarceration,White Total,Percent of Black defendants incarcerated,Percent of Hispanic defendants incarcerated,Percent of White defendants incarcerated
2021 Q4,87.0,108.0,195.0,97.0,72.0,169.0,162.0,130.0,292.0,44.61538462,57.3964497,55.47945205
2022 Q1,86.0,84.0,170.0,103.0,77.0,180.0,168.0,116.0,284.0,50.58823529,57.22222222,59.15492958
2022 Q2,84.0,80.0,164.0,114.0,75.0,189.0,177.0,156.0,333.0,51.2195122,60.31746032,53.15315315
2022 Q3,96.0,101.0,197.0,93.0,82.0,175.0,158.0,120.0,278.0,48.73096447,53.14285714,56.83453237
2022 Q4,64.0,77.0,141.0,79.0,62.0,141.0,156.0,102.0,258.0,45.39007092,56.02836879,60.46511628
2023 Q1,54.0,101.0,155.0,71.0,98.0,169.0,99.0,110.0,209.0,34.83870968,42.01183432,47.36842105
