Referral Year,Felony Referrals Filed,Felony Referrals Not Filed,Total Felony Referrals,Felony Cases Acquitted,Felony Cases Deferred,Felony Cases Dismissed,Felony Cases Found Guilty,Felony Cases Plea Dismissal,Felony Cases Plead Guilty,Total Felony Cases Disposed,Percent of felony referrals declined,Percent of felony cases dismissed after filing
2017,2903,471,3374,10,340,165,38,187,1985,2725,13.95969176,6.055045872
2018,2946,445,3391,17,416,210,41,214,1890,2788,13.12297257,7.532281205
2019,3097,423,3520,16,396,201,41,220,2136,3010,12.01704545,6.677740864
2020,2303,358,2661,6,338,146,21,198,1528,2237,13.45358888,6.526598122
2021,2446,318,2764,10,294,176,31,218,1532,2261,11.50506512,7.784166298
2022,2075,311,2386,10,290,184,45,206,1437,2172,13.03436714,8.47145488
2023,1956,277,2233,10,257,218,43,189,1396,2113,12.40483654,10.31708471
2024,1613,112,1725,10,198,143,37,109,1037,1534,6.492753623,9.322033898
