Referral Year,Black Felony Referrals Filed,Black Felony Referrals Not Filed,Black Total Felony Referrals,Hispanic Felony Referrals Filed,Hispanic Felony Referrals Not Filed,Hispanic Total Felony Referrals,White Felony Referrals Filed,White Felony Referrals Not Filed,White Total Felony Referrals,Percent of cases involving Black defendants declined,Percent of cases involving Hispanic defendants declined,Percent of cases involving White defendants declined
2020,135,10,145,776,92,868,1365,252,1617,6.896551724,10.59907834,15.58441558
2021,87,8,95,917,101,1018,1387,201,1588,8.421052632,9.921414538,12.65743073
2022,92,7,99,722,95,817,1231,195,1426,7.070707071,11.62790698,13.67461431
2023,83,12,95,721,83,804,1123,188,1311,12.63157895,10.32338308,14.34019832
2024,110,9,119,781,92,873,1208,155,1363,7.56302521,10.53837342,11.37197359
2025,88,11,99,686,63,749,1193,158,1351,11.11111111,8.411214953,11.69504071
