Referral Year,Filed,Declined,Total Felony Referrals,Percent Declined
2017,2903,471,3374,13.95969176
2018,2948,445,3393,13.11523725
2019,3097,423,3520,12.01704545
2020,2304,358,2662,13.44853494
2021,2446,318,2764,11.50506512
2022,2075,311,2386,13.03436714
2023,1958,283,2241,12.62829094
2024,2132,241,2373,10.15592078
