Referral Year,Filed,Declined,Total Felony Referrals,Percent Declined
2017,2905,470,3375,13.92592593
2018,2955,445,3400,13.08823529
2019,3100,423,3523,12.00681238
2020,2306,358,2664,13.43843844
2021,2449,318,2767,11.49259125
2022,2076,314,2390,13.13807531
2023,1974,244,2218,11.00090171
