Referral Year,Felony Referrals Filed,Felony Referrals Not Filed,Total Felony Referrals,Felony Cases Acquitted,Felony Cases Deferred,Felony Cases Dismissed,Felony Cases Found Guilty,Felony Cases Plea Dismissal,Felony Cases Plead Guilty,Total Felony Cases Disposed,Percent of felony referrals declined,Percent of felony cases dismissed after filing
2017,2905,470,3375,10,340,165,38,187,1987,2727,13.92592593,6.050605061
2018,2955,445,3400,17,417,210,41,214,1892,2791,13.08823529,7.52418488
2019,3100,423,3523,16,394,203,41,220,2138,3012,12.00681238,6.739707835
2020,2306,358,2664,6,340,146,21,198,1536,2247,13.43843844,6.497552292
2021,2449,318,2767,10,295,177,31,218,1533,2264,11.49259125,7.818021201
2022,2076,314,2390,10,291,184,45,206,1438,2174,13.13807531,8.463661454
2023,1974,244,2218,10,255,218,42,189,1395,2109,11.00090171,10.33665244
2024,484,15,499,3,57,44,7,37,311,459,3.006012024,9.586056645
