Referral Year,Black Felony Referrals Filed,Black Felony Referrals Not Filed,Black Total Felony Referrals,Hispanic Felony Referrals Filed,Hispanic Felony Referrals Not Filed,Hispanic Total Felony Referrals,White Felony Referrals Filed,White Felony Referrals Not Filed,White Total Felony Referrals,Percent of cases involving Black defendants declined,Percent of cases involving Hispanic defendants declined,Percent of cases involving White defendants declined
2019,129,15,144,1119,141,1260,1804,262,2066,10.41666667,11.19047619,12.68151016
2020,138,10,148,776,91,867,1361,253,1614,6.756756757,10.49596309,15.67534077
2021,87,8,95,914,102,1016,1386,200,1586,8.421052632,10.03937008,12.61034048
2022,92,8,100,723,97,820,1231,192,1423,8,11.82926829,13.49262122
2023,84,11,95,726,80,806,1116,186,1302,11.57894737,9.925558313,14.28571429
2024,106,6,112,799,58,857,1196,94,1290,5.357142857,6.767794632,7.286821705
