Referral Year,Filed,Declined,Total Felony Referrals,Percent Declined
2017,2903,471,3374,13.95969176
2018,2948,445,3393,13.11523725
2019,3097,423,3520,12.01704545
2020,2304,358,2662,13.44853494
2021,2446,317,2763,11.47303655
2022,2075,311,2386,13.03436714
2023,1958,285,2243,12.70619706
2024,2132,257,2389,10.75763918
2025,1987,237,2224,10.65647482
