Referral Year,Black Felony Referrals Filed,Black Felony Referrals Not Filed,Black Total Felony Referrals,Hispanic Felony Referrals Filed,Hispanic Felony Referrals Not Filed,Hispanic Total Felony Referrals,White Felony Referrals Filed,White Felony Referrals Not Filed,White Total Felony Referrals,Percent of cases involving Black defendants declined,Percent of cases involving Hispanic defendants declined,Percent of cases involving White defendants declined
2019,127,15,142,1112,139,1251,1814,264,2078,10.56338028,11.11111111,12.70452358
2020,138,10,148,773,91,864,1364,254,1618,6.756756757,10.53240741,15.69839308
2021,88,8,96,909,102,1011,1390,201,1591,8.333333333,10.08902077,12.6335638
2022,92,7,99,724,96,820,1230,194,1424,7.070707071,11.70731707,13.62359551
2023,84,10,94,728,81,809,1114,184,1298,10.63829787,10.01236094,14.17565485
2024,75,4,79,614,40,654,903,67,970,5.063291139,6.116207951,6.907216495
