Referral Year,Black Felony Referrals Filed,Black Felony Referrals Not Filed,Black Total Felony Referrals,Hispanic Felony Referrals Filed,Hispanic Felony Referrals Not Filed,Hispanic Total Felony Referrals,White Felony Referrals Filed,White Felony Referrals Not Filed,White Total Felony Referrals,Percent of cases involving Black defendants declined,Percent of cases involving Hispanic defendants declined,Percent of cases involving White defendants declined
2019,128,15,143,1123,141,1264,1803,262,2065,10.48951049,11.15506329,12.68765133
2020,138,10,148,780,91,871,1357,253,1610,6.756756757,10.44776119,15.71428571
2021,87,8,95,919,102,1021,1383,200,1583,8.421052632,9.990205681,12.63423879
2022,92,8,100,725,95,820,1227,193,1420,8,11.58536585,13.5915493
2023,84,11,95,729,81,810,1114,186,1300,11.57894737,10,14.30769231
2024,107,8,115,793,77,870,1203,124,1327,6.956521739,8.850574713,9.344385833
2025,19,2,21,167,8,175,326,28,354,9.523809524,4.571428571,7.90960452
