Referral Year,Felony Referrals Filed,Felony Referrals Not Filed,Total Felony Referrals,Felony Cases Acquitted,Felony Cases Deferred,Felony Cases Dismissed,Felony Cases Found Guilty,Felony Cases Plea Dismissal,Felony Cases Plead Guilty,Total Felony Cases Disposed,Percent of felony referrals declined,Percent of felony cases dismissed after filing
2017,2903,471,3374,10,340,165,38,187,1983,2723,13.95969176,6.059493206
2018,2946,445,3391,17,417,211,41,214,1889,2789,13.12297257,7.56543564
2019,3097,423,3520,16,396,201,41,220,2136,3010,12.01704545,6.677740864
2020,2303,358,2661,6,338,146,21,198,1528,2237,13.45358888,6.526598122
2021,2446,317,2763,10,293,176,32,218,1533,2262,11.47303655,7.780725022
2022,2075,311,2386,10,290,184,45,206,1436,2171,13.03436714,8.475356978
2023,1956,279,2235,10,257,217,43,190,1393,2110,12.48322148,10.28436019
2024,2131,159,2290,13,293,200,47,156,1390,2099,6.943231441,9.528346832
