Referral Year,Filed,Declined,Total Felony Referrals,Percent Declined
2017,2903,471,3374,13.95969176
2018,2946,445,3391,13.12297257
2019,3096,423,3519,12.02046036
2020,2303,358,2661,13.45358888
2021,2446,318,2764,11.50506512
2022,2075,312,2387,13.07080017
2023,1956,255,2211,11.53324288
