Referral Year,Felony Referrals Filed,Felony Referrals Not Filed,Total Felony Referrals,Felony Cases Acquitted,Felony Cases Deferred,Felony Cases Dismissed,Felony Cases Found Guilty,Felony Cases Plea Dismissal,Felony Cases Plead Guilty,Total Felony Cases Disposed,Percent of felony referrals declined,Percent of felony cases dismissed after filing
2017,2903,471,3374,10,340,165,38,187,1983,2723,13.95969176,6.059493206
2018,2948,445,3393,17,417,211,41,214,1889,2789,13.11523725,7.56543564
2019,3097,423,3520,16,396,201,40,220,2134,3007,12.01704545,6.68440306
2020,2304,358,2662,6,338,146,20,198,1528,2236,13.44853494,6.529516995
2021,2446,318,2764,10,293,176,32,218,1533,2262,11.50506512,7.780725022
2022,2075,311,2386,10,290,184,45,206,1436,2171,13.03436714,8.475356978
2023,1958,283,2241,10,255,217,42,190,1393,2107,12.62829094,10.29900332
2024,2132,241,2373,13,308,200,47,161,1422,2151,10.15592078,9.29800093
2025,977,69,1046,15,101,102,32,80,606,936,6.596558317,10.8974359
