Referral Year,Black Felony Referrals Filed,Black Felony Referrals Not Filed,Black Total Felony Referrals,Hispanic Felony Referrals Filed,Hispanic Felony Referrals Not Filed,Hispanic Total Felony Referrals,White Felony Referrals Filed,White Felony Referrals Not Filed,White Total Felony Referrals,Percent of cases involving Black defendants declined,Percent of cases involving Hispanic defendants declined,Percent of cases involving White defendants declined
2019,125,15,140,1113,138,1251,1813,265,2078,10.71428571,11.03117506,12.75264678
2020,136,10,146,777,91,868,1361,253,1614,6.849315068,10.48387097,15.67534077
2021,89,8,97,906,101,1007,1394,202,1596,8.24742268,10.02979146,12.6566416
2022,94,9,103,720,96,816,1235,195,1430,8.737864078,11.76470588,13.63636364
2023,83,9,92,750,69,819,1110,165,1275,9.782608696,8.424908425,12.94117647
2024,20,0,20,192,6,198,133,21,154,0,3.03030303,13.63636364
