Referral Year,Filed,Declined,Total Felony Referrals,Percent Declined
2017,2903,471,3374,13.95969176
2018,2946,445,3391,13.12297257
2019,3097,423,3520,12.01704545
2020,2303,358,2661,13.45358888
2021,2446,318,2764,11.50506512
2022,2075,311,2386,13.03436714
2023,1956,277,2233,12.40483654
2024,1613,112,1725,6.492753623
