Referral Year,Filed,Declined,Total Felony Referrals,Percent Declined
2017,2903,471,3374,13.95969176
2018,2948,445,3393,13.11523725
2019,3097,423,3520,12.01704545
2020,2304,358,2662,13.44853494
2021,2446,317,2763,11.47303655
2022,2075,310,2385,12.99790356
2023,1957,280,2237,12.51676352
2024,2132,210,2342,8.966695132
2025,517,38,555,6.846846847
