Referral Year,Black Felony Referrals Filed,Black Felony Referrals Not Filed,Black Total Felony Referrals,Hispanic Felony Referrals Filed,Hispanic Felony Referrals Not Filed,Hispanic Total Felony Referrals,White Felony Referrals Filed,White Felony Referrals Not Filed,White Total Felony Referrals,Percent of cases involving Black defendants declined,Percent of cases involving Hispanic defendants declined,Percent of cases involving White defendants declined
2019,127,15,142,1113,139,1252,1810,264,2074,10.56338028,11.10223642,12.72902604
2020,138,10,148,774,91,865,1362,254,1616,6.756756757,10.52023121,15.71782178
2021,88,8,96,911,101,1012,1390,202,1592,8.333333333,9.980237154,12.68844221
2022,92,7,99,726,96,822,1230,195,1425,7.070707071,11.67883212,13.68421053
2023,84,10,94,732,72,804,1110,172,1282,10.63829787,8.955223881,13.41653666
2024,52,3,55,389,16,405,558,34,592,5.454545455,3.950617284,5.743243243
