Referral Year,Filed,Declined,Total Felony Referrals,Percent Declined
2020,666,265,931,28.46401719
2021,710,349,1059,32.95561851
2022,618,181,799,22.65331665
2023,502,70,572,12.23776224
