Referral Year,Filed,Declined,Total Felony Referrals,Percent Declined
2020,663,266,929,28.63293864
2021,709,365,1074,33.98510242
2022,617,205,822,24.93917275
2023,669,116,785,14.77707006
2024,620,69,689,10.01451379
