Referral Year,Felony Referrals Filed,Felony Referrals Not Filed,Total Felony Referrals,Felony Cases Acquitted,Felony Cases Deferred,Felony Cases Dismissed,Felony Cases Found Guilty,Felony Cases Plea Dismissal,Felony Cases Plead Guilty,Total Felony Cases Disposed,Percent of felony referrals declined,Percent of felony cases dismissed after filing
2020,663,266,929,1,44,87,6,40,340,518,28.63293864,16.7953668
2021,709,365,1074,0,63,177,6,94,317,657,33.98510242,26.94063927
2022,617,206,823,4,59,176,1,81,346,667,25.03037667,26.3868066
2023,669,119,788,3,44,63,7,15,228,360,15.10152284,17.5
2024,620,71,691,1,45,62,5,25,169,307,10.27496382,20.19543974
2025,131,16,147,0,14,17,0,3,56,90,10.88435374,18.88888889
