Referral Year,Filed,Declined,Total Felony Referrals,Percent Declined
2020,664,266,930,28.60215054
2021,710,365,1075,33.95348837
2022,617,205,822,24.93917275
2023,669,116,785,14.77707006
