Referral Year,Filed,Declined,Total Felony Referrals,Percent Declined
2020,666,265,931,28.46401719
2021,710,364,1074,33.89199255
2022,618,202,820,24.63414634
2023,667,100,767,13.03780965
