Referral Year,Felony Referrals Filed,Felony Referrals Not Filed,Total Felony Referrals,Felony Cases Acquitted,Felony Cases Deferred,Felony Cases Dismissed,Felony Cases Found Guilty,Felony Cases Plea Dismissal,Felony Cases Plead Guilty,Total Felony Cases Disposed,Percent of felony referrals declined,Percent of felony cases dismissed after filing
2017.0,1082.0,5.0,1087.0,2.0,47.0,122.0,37.0,59.0,306.0,573.0,0.459981601,21.29144852
2018.0,903.0,12.0,915.0,2.0,57.0,162.0,31.0,36.0,224.0,512.0,1.31147541,31.640625
2019.0,899.0,8.0,907.0,5.0,39.0,121.0,29.0,66.0,259.0,519.0,0.882028666,23.31406551
2020.0,666.0,256.0,922.0,1.0,43.0,84.0,6.0,38.0,337.0,509.0,27.76572668,16.50294695
2021.0,710.0,301.0,1011.0,0.0,63.0,177.0,6.0,92.0,316.0,654.0,29.77250247,27.06422018
2022.0,617.0,129.0,746.0,4.0,63.0,170.0,2.0,80.0,337.0,656.0,17.2922252,25.91463415
2023.0,163.0,22.0,185.0,1.0,7.0,12.0,0.0,2.0,23.0,45.0,11.89189189,26.66666667
