Referral Year,Filed,Declined,Total Felony Referrals,Percent Declined
2017.0,1082.0,5.0,1087.0,0.459981601
2018.0,903.0,12.0,915.0,1.31147541
2019.0,899.0,8.0,907.0,0.882028666
2020.0,666.0,256.0,922.0,27.76572668
2021.0,710.0,301.0,1011.0,29.77250247
2022.0,617.0,129.0,746.0,17.2922252
