Referral Year,Filed,Declined,Total Felony Referrals,Percent Declined
2020,663,266,929,28.63293864
2021,709,365,1074,33.98510242
2022,617,206,823,25.03037667
2023,669,119,788,15.10152284
2024,620,71,691,10.27496382
2025,131,16,147,10.88435374
