Referral Year,Filed,Declined,Total Felony Referrals,Percent Declined
2020,666,261,927,28.15533981
2021,710,318,1028,30.93385214
2022,618,141,759,18.5770751
2023,337,37,374,9.893048128
