Referral Year,Felony Referrals Filed,Felony Referrals Not Filed,Total Felony Referrals,Felony Cases Acquitted,Felony Cases Deferred,Felony Cases Dismissed,Felony Cases Found Guilty,Felony Cases Plea Dismissal,Felony Cases Plead Guilty,Total Felony Cases Disposed,Percent of felony referrals declined,Percent of felony cases dismissed after filing
2020,663,266,929,1,44,88,6,41,341,521,28.63293864,16.89059501
2021,709,366,1075,0,62,178,6,96,315,657,34.04651163,27.09284627
2022,617,207,824,4,63,179,1,81,352,680,25.12135922,26.32352941
2023,669,129,798,3,46,68,7,18,236,378,16.16541353,17.98941799
2024,620,86,706,1,51,79,6,38,206,381,12.18130312,20.73490814
2025,567,89,656,0,61,125,3,33,257,479,13.56707317,26.0960334
