Referral Year,Felony Referrals Filed,Felony Referrals Not Filed,Total Felony Referrals,Felony Cases Acquitted,Felony Cases Deferred,Felony Cases Dismissed,Felony Cases Found Guilty,Felony Cases Plea Dismissal,Felony Cases Plead Guilty,Total Felony Cases Disposed,Percent of felony referrals declined,Percent of felony cases dismissed after filing
2020,663,266,929,1,44,87,6,41,341,520,28.63293864,16.73076923
2021,709,366,1075,0,63,176,6,95,317,657,34.04651163,26.78843227
2022,617,207,824,4,60,177,1,81,346,669,25.12135922,26.4573991
2023,669,123,792,3,45,65,7,16,228,364,15.53030303,17.85714286
2024,620,78,698,1,49,69,5,30,174,328,11.1747851,21.03658537
2025,268,41,309,0,24,50,2,10,114,200,13.26860841,25
