Referral Year,Filed,Declined,Total Felony Referrals,Percent Declined
2020,663,266,929,28.63293864
2021,709,366,1075,34.04651163
2022,617,207,824,25.12135922
2023,669,123,792,15.53030303
2024,620,78,698,11.1747851
2025,268,41,309,13.26860841
