Referral Year,Filed,Declined,Total Felony Referrals,Percent Declined
2020,664,266,930,28.60215054
2021,710,365,1075,33.95348837
2022,617,204,821,24.84774665
2023,669,113,782,14.45012788
,,,,
