Referral Year,Filed,Declined,Total Felony Referrals,Percent Declined
2020,666,266,932,28.54077253
2021,710,365,1075,33.95348837
2022,618,204,822,24.81751825
2023,669,108,777,13.8996139
2024,168,16,184,8.695652174
