Disposition Year,Private Attorney Incarceration,Private Attorney No Incarceration,Private Attorney Total Cases,Public Defender Incarceration,Public Defender No Incarceration,Public Defender Total Cases,Percent of cases with a private attorney incarcerated,Percent of cases with a public defender incarcerated
2017.0,56.0,39.0,95.0,79.0,36.0,115.0,58.94736842,68.69565217
2018.0,65.0,36.0,101.0,78.0,53.0,131.0,64.35643564,59.54198473
2019.0,52.0,49.0,101.0,113.0,46.0,159.0,51.48514851,71.06918239
2020.0,62.0,33.0,95.0,60.0,33.0,93.0,65.26315789,64.51612903
2021.0,63.0,40.0,103.0,94.0,40.0,134.0,61.16504854,70.14925373
2022.0,76.0,38.0,114.0,75.0,38.0,113.0,66.66666667,66.37168142
2023.0,20.0,5.0,25.0,18.0,6.0,24.0,80.0,75.0
