Disposition Year,Black Incarceration,Black No Incarceration,Black Total,Hispanic Incarceration,Hispanic No Incarceration,Hispanic Total,White Incarceration,White No Incarceration,White Total,Percent of Black defendants incarcerated,Percent of Hispanic defendants incarcerated,Percent of White defendants incarcerated
2019,11,5,16,37,24,61,120,67,187,,60.6557377,64.17112299
2020,3,5,8,38,7,45,84,60,144,,84.44444444,58.33333333
2021,10,6,16,55,18,73,94,65,159,,75.34246575,59.11949686
2022,7,6,13,63,30,93,88,55,143,,67.74193548,61.53846154
2023,8,1,9,44,31,75,69,29,98,,58.66666667,70.40816327
2024,5,5,10,32,29,61,53,42,95,,52.45901639,55.78947368
2025,1,0,1,15,14,29,27,26,53,,51.72413793,50.94339623
