Disposition Year,Black Incarceration,Black No Incarceration,Black Total,Hispanic Incarceration,Hispanic No Incarceration,Hispanic Total,White Incarceration,White No Incarceration,White Total,Percent of Black defendants incarcerated,Percent of Hispanic defendants incarcerated,Percent of White defendants incarcerated
2017,3,2,5,28,18,46,114,65,179,,60.86956522,63.68715084
2018,10,4,14,35,18,53,99,76,175,,66.03773585,56.57142857
2019,11,5,16,35,21,56,122,68,190,,62.5,64.21052632
2020,3,5,8,36,8,44,84,61,145,,81.81818182,57.93103448
2021,10,6,16,53,19,72,93,63,156,,73.61111111,59.61538462
2022,6,6,12,59,28,87,91,53,144,,67.81609195,63.19444444
2023,3,0,3,28,17,45,33,14,47,,62.22222222,70.21276596
