Disposition Year,Black Incarceration,Black No Incarceration,Black Total,Hispanic Incarceration,Hispanic No Incarceration,Hispanic Total,White Incarceration,White No Incarceration,White Total,Percent of Black defendants incarcerated,Percent of Hispanic defendants incarcerated,Percent of White defendants incarcerated
2017,3,1,4,28,18,46,115,65,180,,60.86956522,63.88888889
2018,10,4,14,35,19,54,99,76,175,,64.81481481,56.57142857
2019,11,5,16,36,23,59,121,66,187,,61.01694915,64.70588235
2020,3,5,8,37,7,44,85,61,146,,84.09090909,58.21917808
2021,10,6,16,53,18,71,95,64,159,,74.64788732,59.74842767
2022,6,6,12,59,29,88,91,56,147,,67.04545455,61.9047619
2023,5,0,5,34,20,54,39,19,58,,62.96296296,67.24137931
