Disposition Year,Black Incarceration,Black No Incarceration,Black Total,Hispanic Incarceration,Hispanic No Incarceration,Hispanic Total,White Incarceration,White No Incarceration,White Total,Percent of Black defendants incarcerated,Percent of Hispanic defendants incarcerated,Percent of White defendants incarcerated
2017.0,3.0,2.0,5.0,29.0,18.0,47.0,114.0,65.0,179.0,,61.70212766,63.68715084
2018.0,10.0,4.0,14.0,34.0,17.0,51.0,100.0,77.0,177.0,,66.66666667,56.49717514
2019.0,11.0,5.0,16.0,35.0,21.0,56.0,122.0,68.0,190.0,,62.5,64.21052632
2020.0,3.0,5.0,8.0,35.0,8.0,43.0,85.0,61.0,146.0,,81.39534884,58.21917808
2021.0,10.0,6.0,16.0,53.0,20.0,73.0,92.0,58.0,150.0,,72.60273973,61.33333333
2022.0,5.0,5.0,10.0,56.0,28.0,84.0,88.0,52.0,140.0,,66.66666667,62.85714286
2023.0,1.0,0.0,1.0,14.0,5.0,19.0,22.0,5.0,27.0,,73.68421053,81.48148148
