Disposition Year,Black No Pretrial,Black Pretrial,Black Total Cases,Hispanic No Pretrial,Hispanic Pretrial,Hispanic Total Cases,White No Pretrial,White Pretrial,White Total Cases,Percent of Black defendants detained pretrial,Percent of Hispanic defendants detained pretrial,Percent of White defendants detained pretrial
2017.0,25.0,12.0,37.0,273.0,56.0,329.0,1028.0,297.0,1325.0,32.43243243,17.0212766,22.41509434
2018.0,38.0,20.0,58.0,230.0,77.0,307.0,1028.0,275.0,1303.0,34.48275862,25.08143322,21.10514198
2019.0,24.0,18.0,42.0,230.0,63.0,293.0,873.0,343.0,1216.0,42.85714286,21.50170648,28.20723684
2020.0,26.0,6.0,32.0,212.0,49.0,261.0,671.0,176.0,847.0,18.75,18.77394636,20.77922078
2021.0,29.0,19.0,48.0,299.0,79.0,378.0,744.0,257.0,1001.0,39.58333333,20.8994709,25.67432567
2022.0,28.0,16.0,44.0,299.0,118.0,417.0,803.0,238.0,1041.0,36.36363636,28.29736211,22.86263208
2023.0,2.0,5.0,7.0,80.0,35.0,115.0,216.0,63.0,279.0,,30.43478261,22.58064516
