Referral Year,Black Felony Referrals Filed,Black Felony Referrals Not Filed,Black Total Felony Referrals,Hispanic Felony Referrals Filed,Hispanic Felony Referrals Not Filed,Hispanic Total Felony Referrals,White Felony Referrals Filed,White Felony Referrals Not Filed,White Total Felony Referrals,Percent of cases involving Black defendants declined,Percent of cases involving Hispanic defendants declined,Percent of cases involving White defendants declined
2017.0,167.0,10.0,177.0,510.0,56.0,566.0,2309.0,209.0,2518.0,5.649717514,9.893992933,8.300238284
2018.0,162.0,6.0,168.0,589.0,48.0,637.0,2310.0,220.0,2530.0,3.571428571,7.535321821,8.695652174
2019.0,170.0,8.0,178.0,611.0,54.0,665.0,2212.0,189.0,2401.0,4.494382022,8.120300752,7.871720117
2020.0,155.0,8.0,163.0,608.0,54.0,662.0,1756.0,141.0,1897.0,4.90797546,8.157099698,7.432788614
2021.0,112.0,12.0,124.0,493.0,28.0,521.0,1497.0,93.0,1590.0,9.677419355,5.37428023,5.849056604
2022.0,119.0,11.0,130.0,564.0,53.0,617.0,1398.0,92.0,1490.0,8.461538462,8.589951378,6.174496644
2023.0,37.0,1.0,38.0,158.0,11.0,169.0,334.0,25.0,359.0,2.631578947,6.50887574,6.963788301
