Referral Year,Felony Referrals Filed,Felony Referrals Not Filed,Total Felony Referrals,Felony Cases Acquitted,Felony Cases Deferred,Felony Cases Dismissed,Felony Cases Found Guilty,Felony Cases Plea Dismissal,Felony Cases Plead Guilty,Total Felony Cases Disposed,Percent of felony referrals declined,Percent of felony cases dismissed after filing
2017,3086,290,3376,8,395,165,26,139,2100,2833,8.590047393,5.824214613
2018,3149,285,3434,8,391,174,29,150,2202,2954,8.299359348,5.890318213
2019,3057,262,3319,11,397,198,31,211,2225,3073,7.893943959,6.443215099
2020,2556,266,2822,4,327,183,17,173,1774,2478,9.42593905,7.384987893
2021,2167,182,2349,7,321,168,21,130,1707,2354,7.747977863,7.136788445
2022,2115,178,2293,4,318,200,19,159,1505,2205,7.762756215,9.070294785
2023,2139,136,2275,12,323,181,17,124,1470,2127,5.978021978,8.509637988
2024,2191,161,2352,9,355,174,26,128,1357,2049,6.845238095,8.491947291
2025,2137,112,2249,11,329,183,31,163,1403,2120,4.979991107,8.632075472
