Referral Year,Filed,Declined,Total Felony Referrals,Percent Declined
2017,3084,290,3374,8.595139301
2018,3151,285,3436,8.294528522
2019,3061,262,3323,7.884441769
2020,2558,266,2824,9.419263456
2021,2168,182,2350,7.744680851
2022,2116,179,2295,7.79956427
2023,2153,133,2286,5.818022747
2024,527,34,561,6.060606061
