Referral Year,Felony Referrals Filed,Felony Referrals Not Filed,Total Felony Referrals,Felony Cases Acquitted,Felony Cases Deferred,Felony Cases Dismissed,Felony Cases Found Guilty,Felony Cases Plea Dismissal,Felony Cases Plead Guilty,Total Felony Cases Disposed,Percent of felony referrals declined,Percent of felony cases dismissed after filing
2017,3084,290,3374,8,396,166,27,139,2100,2836,8.595139301,5.853314528
2018,3151,285,3436,7,391,175,29,152,2216,2970,8.294528522,5.892255892
2019,3061,262,3323,11,403,198,32,212,2236,3092,7.884441769,6.403622251
2020,2558,263,2821,4,335,177,19,173,1782,2490,9.322935129,7.108433735
2021,2168,170,2338,7,320,170,21,128,1712,2358,7.271171942,7.209499576
2022,2116,170,2286,4,323,192,21,155,1514,2209,7.436570429,8.691715708
2023,1046,82,1128,7,180,82,11,43,786,1109,7.269503546,7.394048693
