Referral Year,Felony Referrals Filed,Felony Referrals Not Filed,Total Felony Referrals,Felony Cases Acquitted,Felony Cases Deferred,Felony Cases Dismissed,Felony Cases Found Guilty,Felony Cases Plea Dismissal,Felony Cases Plead Guilty,Total Felony Cases Disposed,Percent of felony referrals declined,Percent of felony cases dismissed after filing
2017,3086,290,3376,8,395,165,26,139,2101,2834,8.590047393,5.822159492
2018,3149,285,3434,8,391,174,29,150,2204,2956,8.299359348,5.886332882
2019,3057,262,3319,11,397,198,32,211,2225,3074,7.893943959,6.441119063
2020,2556,266,2822,4,327,183,17,173,1778,2482,9.42593905,7.373086221
2021,2167,182,2349,7,319,168,21,130,1710,2355,7.747977863,7.133757962
2022,2115,178,2293,4,318,202,19,159,1505,2207,7.762756215,9.152695967
2023,2140,136,2276,12,322,181,17,124,1470,2126,5.975395431,8.51364064
2024,2214,160,2374,9,353,174,26,128,1355,2045,6.739679865,8.508557457
2025,1062,58,1120,4,160,95,14,70,739,1082,5.178571429,8.780036969
