Referral Year,Filed,Declined,Total Felony Referrals,Percent Declined
2017,3086,290,3376,8.590047393
2018,3149,285,3434,8.299359348
2019,3057,262,3319,7.893943959
2020,2556,266,2822,9.42593905
2021,2167,182,2349,7.747977863
2022,2115,178,2293,7.762756215
2023,2140,136,2276,5.975395431
2024,2214,160,2374,6.739679865
2025,1062,58,1120,5.178571429
