Referral Year,Black Felony Referrals Filed,Black Felony Referrals Not Filed,Black Total Felony Referrals,Hispanic Felony Referrals Filed,Hispanic Felony Referrals Not Filed,Hispanic Total Felony Referrals,White Felony Referrals Filed,White Felony Referrals Not Filed,White Total Felony Referrals,Percent of cases involving Black defendants declined,Percent of cases involving Hispanic defendants declined,Percent of cases involving White defendants declined
2017,166,10,176,516,55,571,2311,211,2522,5.681818182,9.632224168,8.366375892
2018,159,6,165,602,48,650,2320,220,2540,3.636363636,7.384615385,8.661417323
2019,172,8,180,610,53,663,2217,191,2408,4.444444444,7.993966817,7.931893688
2020,155,8,163,617,58,675,1751,141,1892,4.90797546,8.592592593,7.45243129
2021,110,13,123,493,33,526,1501,101,1602,10.56910569,6.273764259,6.304619226
2022,121,11,132,568,55,623,1391,102,1493,8.333333333,8.828250401,6.831882117
2023,117,6,123,594,29,623,1398,84,1482,4.87804878,4.654895666,5.668016194
