Referral Year,Filed,Declined,Total Felony Referrals,Percent Declined
2017,3086,290,3376,8.590047393
2018,3149,285,3434,8.299359348
2019,3057,262,3319,7.893943959
2020,2556,266,2822,9.42593905
2021,2167,182,2349,7.747977863
2022,2115,178,2293,7.762756215
2023,2139,136,2275,5.978021978
2024,2191,161,2352,6.845238095
2025,2137,112,2249,4.979991107
