Referral Year,Filed,Declined,Total Felony Referrals,Percent Declined
2017,3084,290,3374,8.595139301
2018,3150,285,3435,8.296943231
2019,3061,262,3323,7.884441769
2020,2558,262,2820,9.290780142
2021,2168,166,2334,7.112253642