Referral Year,Black Felony Referrals Filed,Black Felony Referrals Not Filed,Black Total Felony Referrals,Hispanic Felony Referrals Filed,Hispanic Felony Referrals Not Filed,Hispanic Total Felony Referrals,White Felony Referrals Filed,White Felony Referrals Not Filed,White Total Felony Referrals,Percent of cases involving Black defendants declined,Percent of cases involving Hispanic defendants declined,Percent of cases involving White defendants declined
2020,152,9,161,616,58,674,1755,141,1896,5.590062112,8.605341246,7.436708861
2021,109,13,122,484,33,517,1514,103,1617,10.6557377,6.382978723,6.369820656
2022,121,11,132,561,53,614,1397,104,1501,8.333333333,8.631921824,6.928714191
2023,116,6,122,560,29,589,1424,90,1514,4.918032787,4.923599321,5.944517834
2024,133,11,144,555,36,591,1466,101,1567,7.638888889,6.091370558,6.445437141
2025,149,8,157,557,35,592,1391,61,1452,5.095541401,5.912162162,4.201101928
