Referral Year,Black Felony Referrals Filed,Black Felony Referrals Not Filed,Black Total Felony Referrals,Hispanic Felony Referrals Filed,Hispanic Felony Referrals Not Filed,Hispanic Total Felony Referrals,White Felony Referrals Filed,White Felony Referrals Not Filed,White Total Felony Referrals,Percent of cases involving Black defendants declined,Percent of cases involving Hispanic defendants declined,Percent of cases involving White defendants declined
2019,169,8,177,611,53,664,2218,191,2409,4.519774011,7.981927711,7.928601079
2020,153,8,161,611,59,670,1754,140,1894,4.968944099,8.805970149,7.391763464
2021,110,13,123,489,33,522,1507,102,1609,10.56910569,6.32183908,6.339341206
2022,121,11,132,557,55,612,1401,102,1503,8.333333333,8.986928105,6.786427146
2023,119,6,125,574,29,603,1402,90,1492,4.8,4.809286899,6.032171582
2024,95,6,101,409,25,434,1114,57,1171,5.940594059,5.760368664,4.8676345
