Referral Year,Felony Referrals Filed,Felony Referrals Not Filed,Total Felony Referrals,Felony Cases Acquitted,Felony Cases Deferred,Felony Cases Dismissed,Felony Cases Found Guilty,Felony Cases Plea Dismissal,Felony Cases Plead Guilty,Total Felony Cases Disposed,Percent of felony referrals declined,Percent of felony cases dismissed after filing
2017,3086,290,3376,8,395,165,26,139,2102,2835,8.590047393,5.82010582
2018,3149,285,3434,8,391,174,29,150,2210,2962,8.299359348,5.874409183
2019,3057,262,3319,11,397,198,32,212,2227,3077,7.893943959,6.434839129
2020,2556,266,2822,4,328,183,17,173,1779,2484,9.42593905,7.367149758
2021,2167,182,2349,7,319,170,21,130,1711,2358,7.747977863,7.209499576
2022,2115,179,2294,4,318,202,19,159,1508,2210,7.802964255,9.140271493
2023,2140,136,2276,12,320,181,17,124,1470,2124,5.975395431,8.52165725
2024,1651,97,1748,8,266,136,17,96,986,1509,5.549199085,9.01259112
