Referral Year,Felony Referrals Filed,Felony Referrals Not Filed,Total Felony Referrals,Felony Cases Acquitted,Felony Cases Deferred,Felony Cases Dismissed,Felony Cases Found Guilty,Felony Cases Plea Dismissal,Felony Cases Plead Guilty,Total Felony Cases Disposed,Percent of felony referrals declined,Percent of felony cases dismissed after filing
2017,3084,290,3374,8,396,176,27,129,2103,2839,8.595139301,6.199365974
2018,3150,285,3435,7,390,185,29,142,2223,2976,8.296943231,6.216397849
2019,3061,262,3323,11,403,218,32,192,2244,3100,7.884441769,7.032258065
2020,2558,262,2820,4,335,190,19,159,1785,2492,9.290780142,7.624398074
2021,2168,166,2334,7,319,176,21,121,1713,2357,7.112253642,7.467119219
2022,1564,121,1685,2,240,158,17,95,1146,1658,7.181008902,9.529553679