Referral Year,Filed,Declined,Total Felony Referrals,Percent Declined
2017,3084,290,3374,8.595139301
2018,3151,285,3436,8.294528522
2019,3061,262,3323,7.884441769
2020,2558,263,2821,9.322935129
2021,2168,176,2344,7.508532423
2022,2116,179,2295,7.79956427
2023,1616,110,1726,6.373117034
