Referral Year,Filed,Declined,Total Felony Referrals,Percent Declined
2017,3084,290,3374,8.595139301
2018,3151,285,3436,8.294528522
2019,3061,262,3323,7.884441769
2020,2558,263,2821,9.322935129
2021,2168,170,2338,7.271171942
2022,2116,170,2286,7.436570429
2023,1046,82,1128,7.269503546
