Referral Year,Felony Referrals Filed,Felony Referrals Not Filed,Total Felony Referrals,Felony Cases Acquitted,Felony Cases Deferred,Felony Cases Dismissed,Felony Cases Found Guilty,Felony Cases Plea Dismissal,Felony Cases Plead Guilty,Total Felony Cases Disposed,Percent of felony referrals declined,Percent of felony cases dismissed after filing
2017,3086,290,3376,8,395,165,26,139,2101,2834,8.590047393,5.822159492
2018,3150,285,3435,8,391,174,29,150,2211,2963,8.296943231,5.872426595
2019,3057,262,3319,11,398,198,32,212,2227,3078,7.893943959,6.432748538
2020,2556,266,2822,4,328,183,17,173,1779,2484,9.42593905,7.367149758
2021,2167,182,2349,7,319,171,21,128,1711,2357,7.747977863,7.254985151
2022,2115,179,2294,4,316,202,19,159,1510,2210,7.802964255,9.140271493
2023,2140,136,2276,12,319,181,17,124,1470,2123,5.975395431,8.52567122
2024,1088,68,1156,7,180,82,12,65,693,1039,5.882352941,7.892204042
