Referral Year,Black Felony Referrals Filed,Black Felony Referrals Not Filed,Black Total Felony Referrals,Hispanic Felony Referrals Filed,Hispanic Felony Referrals Not Filed,Hispanic Total Felony Referrals,White Felony Referrals Filed,White Felony Referrals Not Filed,White Total Felony Referrals,Percent of cases involving Black defendants declined,Percent of cases involving Hispanic defendants declined,Percent of cases involving White defendants declined
2017,168,10,178,515,55,570,2311,211,2522,5.617977528,9.649122807,8.366375892
2018,160,6,166,596,48,644,2323,220,2543,3.614457831,7.453416149,8.651199371
2019,172,8,180,609,53,662,2218,191,2409,4.444444444,8.006042296,7.928601079
2020,155,8,163,611,56,667,1758,140,1898,4.90797546,8.395802099,7.376185458
2021,110,13,123,491,31,522,1503,98,1601,10.56910569,5.938697318,6.121174266
2022,121,11,132,567,54,621,1393,103,1496,8.333333333,8.695652174,6.885026738
2023,86,6,92,457,26,483,1047,70,1117,6.52173913,5.383022774,6.266786034
