Referral Year,Black Felony Referrals Filed,Black Felony Referrals Not Filed,Black Total Felony Referrals,Hispanic Felony Referrals Filed,Hispanic Felony Referrals Not Filed,Hispanic Total Felony Referrals,White Felony Referrals Filed,White Felony Referrals Not Filed,White Total Felony Referrals,Percent of cases involving Black defendants declined,Percent of cases involving Hispanic defendants declined,Percent of cases involving White defendants declined
2017,165,10,175,320,44,364,2494,221,2715,5.714285714,12.08791209,8.139963168
2018,160,6,166,357,40,397,2541,226,2767,3.614457831,10.07556675,8.16769064
2019,168,8,176,496,47,543,2322,195,2517,4.545454545,8.655616943,7.747318236
2020,151,8,159,546,30,576,1822,152,1974,5.031446541,5.208333333,7.700101317
2021,106,12,118,423,20,443,1577,99,1676,10.16949153,4.514672686,5.906921241
2022,82,10,92,365,29,394,1097,73,1170,10.86956522,7.360406091,6.239316239