Referral Year,Black Felony Referrals Filed,Black Felony Referrals Not Filed,Black Total Felony Referrals,Hispanic Felony Referrals Filed,Hispanic Felony Referrals Not Filed,Hispanic Total Felony Referrals,White Felony Referrals Filed,White Felony Referrals Not Filed,White Total Felony Referrals,Percent of cases involving Black defendants declined,Percent of cases involving Hispanic defendants declined,Percent of cases involving White defendants declined
2019,169,8,177,611,52,663,2220,192,2412,4.519774011,7.843137255,7.960199005
2020,154,9,163,615,57,672,1754,141,1895,5.521472393,8.482142857,7.440633245
2021,110,13,123,488,33,521,1512,102,1614,10.56910569,6.333973129,6.319702602
2022,122,11,133,555,54,609,1402,102,1504,8.270676692,8.866995074,6.781914894
2023,119,6,125,572,29,601,1407,90,1497,4.8,4.825291181,6.012024048
2024,135,9,144,569,35,604,1473,89,1562,6.25,5.794701987,5.697823303
2025,43,1,44,156,12,168,359,13,372,2.272727273,7.142857143,3.494623656
