Referral Year,Black Felony Referrals Filed,Black Felony Referrals Not Filed,Black Total Felony Referrals,Hispanic Felony Referrals Filed,Hispanic Felony Referrals Not Filed,Hispanic Total Felony Referrals,White Felony Referrals Filed,White Felony Referrals Not Filed,White Total Felony Referrals,Percent of cases involving Black defendants declined,Percent of cases involving Hispanic defendants declined,Percent of cases involving White defendants declined
2019,169,8,177,610,53,663,2221,191,2412,4.519774011,7.993966817,7.918739635
2020,154,9,163,611,58,669,1758,140,1898,5.521472393,8.669656203,7.376185458
2021,110,13,123,490,33,523,1509,102,1611,10.56910569,6.309751434,6.331471136
2022,122,11,133,555,54,609,1402,103,1505,8.270676692,8.866995074,6.843853821
2023,120,6,126,575,29,604,1401,90,1491,4.761904762,4.801324503,6.036217304
2024,136,7,143,565,34,599,1471,88,1559,4.895104895,5.676126878,5.644644003
