Referral Year,Black Felony Referrals Filed,Black Felony Referrals Not Filed,Black Total Felony Referrals,Hispanic Felony Referrals Filed,Hispanic Felony Referrals Not Filed,Hispanic Total Felony Referrals,White Felony Referrals Filed,White Felony Referrals Not Filed,White Total Felony Referrals,Percent of cases involving Black defendants declined,Percent of cases involving Hispanic defendants declined,Percent of cases involving White defendants declined
2019,168,8,176,611,52,663,2221,192,2413,4.545454545,7.843137255,7.956900124
2020,152,9,161,618,58,676,1753,140,1893,5.590062112,8.579881657,7.395668251
2021,110,13,123,488,34,522,1512,101,1613,10.56910569,6.513409962,6.261624303
2022,121,11,132,553,54,607,1406,102,1508,8.333333333,8.896210873,6.763925729
2023,117,5,122,568,29,597,1414,91,1505,4.098360656,4.857621441,6.046511628
2024,137,11,148,560,37,597,1480,98,1578,7.432432432,6.197654941,6.210392902
2025,90,3,93,290,18,308,667,30,697,3.225806452,5.844155844,4.304160689
