Referral Year,Filed,Declined,Total Felony Referrals,Percent Declined
2017.0,3084.0,290.0,3374.0,8.595139301
2018.0,3150.0,285.0,3435.0,8.296943231
2019.0,3061.0,262.0,3323.0,7.884441769
2020.0,2558.0,262.0,2820.0,9.290780142
2021.0,2168.0,166.0,2334.0,7.112253642
2022.0,2116.0,168.0,2284.0,7.355516637
2023.0,539.0,41.0,580.0,7.068965517
