Disposition Year,Hispanic Cases Deferred,Hispanic Cases Not Deferred,Hispanic Total Cases Disposed,White Cases Deferred,White Cases Not Deferred,White Total Cases Disposed,Percent of Hispanic defendants deferred,Percent of White defendants deferred
2019,19,170,189,102,671,773,10.05291005,13.19534282
2020,11,160,171,87,528,615,6.432748538,14.14634146
2021,11,161,172,96,539,635,6.395348837,15.11811024
2022,17,158,175,76,493,569,9.714285714,13.35676626
2023,12,142,154,68,398,466,7.792207792,14.59227468
2024,19,102,121,58,266,324,15.70247934,17.90123457
