Disposition Year,Hispanic Cases Deferred,Hispanic Cases Not Deferred,Hispanic Total Cases Disposed,White Cases Deferred,White Cases Not Deferred,White Total Cases Disposed,Percent of Hispanic defendants deferred,Percent of White defendants deferred
2020,11,160,171,87,533,620,6.432748538,14.03225806
2021,12,162,174,96,544,640,6.896551724,15
2022,16,158,174,77,494,571,9.195402299,13.48511384
2023,11,142,153,73,406,479,7.189542484,15.24008351
2024,24,130,154,84,384,468,15.58441558,17.94871795
2025,13,118,131,67,332,399,9.923664122,16.79197995
