Disposition Year,Hispanic Cases Deferred,Hispanic Cases Not Deferred,Hispanic Total Cases Disposed,White Cases Deferred,White Cases Not Deferred,White Total Cases Disposed,Percent of Hispanic defendants deferred,Percent of White defendants deferred
2019,18,170,188,102,671,773,9.574468085,13.19534282
2020,12,157,169,86,529,615,7.100591716,13.98373984
2021,11,161,172,96,537,633,6.395348837,15.16587678
2022,16,161,177,77,490,567,9.039548023,13.58024691
2023,9,141,150,66,394,460,6,14.34782609
2024,13,68,81,32,177,209,16.04938272,15.31100478
