Disposition Year,Hispanic Cases Deferred,Hispanic Cases Not Deferred,Hispanic Total Cases Disposed,White Cases Deferred,White Cases Not Deferred,White Total Cases Disposed,Percent of Hispanic defendants deferred,Percent of White defendants deferred
2019,18,171,189,102,667,769,9.523809524,13.26397919
2020,12,157,169,87,527,614,7.100591716,14.16938111
2021,11,162,173,96,536,632,6.358381503,15.18987342
2022,16,162,178,77,489,566,8.988764045,13.60424028
2023,9,142,151,65,391,456,5.960264901,14.25438596
2024,4,40,44,16,73,89,9.090909091,17.97752809
