Disposition Quarter,No new criminal case within 2 years,New criminal case within 2 years,Total,Percent with new criminal case within 2 years
2017 Q1,29.0,1.0,30.0,3.333333333
2017 Q2,31.0,2.0,33.0,6.060606061
2017 Q3,26.0,2.0,28.0,7.142857143
2017 Q4,19.0,1.0,20.0,5.0
2018 Q1,19.0,3.0,22.0,13.63636364
2018 Q2,17.0,2.0,19.0,10.52631579
