Disposition Year,Hispanic Cases Deferred,Hispanic Cases Not Deferred,Hispanic Total Cases Disposed,White Cases Deferred,White Cases Not Deferred,White Total Cases Disposed,Percent of Hispanic defendants deferred,Percent of White defendants deferred
2019,19,171,190,103,671,774,10,13.30749354
2020,11,164,175,87,529,616,6.285714286,14.12337662
2021,11,160,171,96,545,641,6.432748538,14.97659906
2022,17,159,176,76,493,569,9.659090909,13.35676626
2023,11,143,154,73,404,477,7.142857143,15.30398323
2024,23,129,152,79,377,456,15.13157895,17.3245614
