Disposition Year,Hispanic Cases Deferred,Hispanic Cases Not Deferred,Hispanic Total Cases Disposed,White Cases Deferred,White Cases Not Deferred,White Total Cases Disposed,Percent of Hispanic defendants deferred,Percent of White defendants deferred
2017,4,51,55,122,686,808,7.272727273,15.0990099
2018,6,49,55,120,729,849,10.90909091,14.13427562
2019,9,91,100,109,737,846,9,12.88416076
2020,9,84,93,90,591,681,9.677419355,13.21585903
2021,6,95,101,97,588,685,5.940594059,14.16058394
2022,10,110,120,60,410,470,8.333333333,12.76595745