Disposition Year,Hispanic Cases Deferred,Hispanic Cases Not Deferred,Hispanic Total Cases Disposed,White Cases Deferred,White Cases Not Deferred,White Total Cases Disposed,Percent of Hispanic defendants deferred,Percent of White defendants deferred
2019,18,170,188,104,670,774,9.574468085,13.43669251
2020,11,160,171,87,534,621,6.432748538,14.00966184
2021,12,160,172,96,547,643,6.976744186,14.93001555
2022,16,158,174,77,493,570,9.195402299,13.50877193
2023,11,142,153,73,407,480,7.189542484,15.20833333
2024,24,128,152,80,385,465,15.78947368,17.20430108
2025,6,58,64,37,155,192,9.375,19.27083333
