Disposition Year,Hispanic Cases Deferred,Hispanic Cases Not Deferred,Hispanic Total Cases Disposed,White Cases Deferred,White Cases Not Deferred,White Total Cases Disposed,Percent of Hispanic defendants deferred,Percent of White defendants deferred
2019,19,172,191,103,670,773,9.947643979,13.32470893
2020,11,164,175,87,530,617,6.285714286,14.10048622
2021,12,162,174,96,547,643,6.896551724,14.93001555
2022,16,157,173,77,494,571,9.248554913,13.48511384
2023,11,141,152,73,408,481,7.236842105,15.17671518
2024,23,128,151,80,384,464,15.23178808,17.24137931
2025,2,37,39,21,103,124,5.128205128,16.93548387
