Disposition Year,Hispanic Cases Deferred,Hispanic Cases Not Deferred,Hispanic Total Cases Disposed,White Cases Deferred,White Cases Not Deferred,White Total Cases Disposed,Percent of Hispanic defendants deferred,Percent of White defendants deferred
2017,12,137,149,115,603,718,8.053691275,16.01671309
2018,23,134,157,104,645,749,14.64968153,13.88518024
2019,19,172,191,101,665,766,9.947643979,13.18537859
2020,12,155,167,87,530,617,7.185628743,14.10048622
2021,12,162,174,93,531,624,6.896551724,14.90384615
2022,16,160,176,80,489,569,9.090909091,14.05975395
2023,6,105,111,51,279,330,5.405405405,15.45454545
