Disposition Year,Hispanic Cases Deferred,Hispanic Cases Not Deferred,Hispanic Total Cases Disposed,White Cases Deferred,White Cases Not Deferred,White Total Cases Disposed,Percent of Hispanic defendants deferred,Percent of White defendants deferred
2017.0,12.0,135.0,147.0,114.0,605.0,719.0,8.163265306,15.85535466
2018.0,23.0,133.0,156.0,103.0,645.0,748.0,14.74358974,13.77005348
2019.0,19.0,172.0,191.0,102.0,663.0,765.0,9.947643979,13.33333333
2020.0,12.0,152.0,164.0,87.0,530.0,617.0,7.317073171,14.10048622
2021.0,13.0,163.0,176.0,92.0,531.0,623.0,7.386363636,14.76725522
2022.0,16.0,158.0,174.0,80.0,493.0,573.0,9.195402299,13.96160558
2023.0,1.0,48.0,49.0,22.0,104.0,126.0,2.040816327,17.46031746
