Disposition Year,Hispanic Cases Deferred,Hispanic Cases Not Deferred,Hispanic Total Cases Disposed,White Cases Deferred,White Cases Not Deferred,White Total Cases Disposed,Percent of Hispanic defendants deferred,Percent of White defendants deferred
2017,12,136,148,115,604,719,8.108108108,15.99443672
2018,23,136,159,104,646,750,14.46540881,13.86666667
2019,18,172,190,102,666,768,9.473684211,13.28125
2020,12,157,169,87,530,617,7.100591716,14.10048622
2021,10,162,172,95,534,629,5.813953488,15.10333863
2022,13,166,179,79,492,571,7.262569832,13.83537653
2023,8,141,149,63,384,447,5.369127517,14.09395973
