Filing Year,White Victim,NonWhite Victim,Total,Percent involving a white victim,Percent involving a non-white victim
2019,95,109,204,46.56862745,53.43137255
2020,103,100,203,50.73891626,49.26108374
2021,102,94,196,52.04081633,47.95918367
2022,101,83,184,54.89130435,45.10869565
2023,139,84,223,62.33183857,37.66816143
2024,157,103,260,60.38461538,39.61538462
