Disposition Year,Non-White Victim Cases Dismissed,Non-White Victim Cases Not Dismissed,Non-White Victim Total Cases,White Victim Cases Dismissed,White Victim Cases Not Dismissed,White Victim Cases Total,Percent of cases dismissed involving non-white victims,Percent of cases dismissed involving white victims
2019,129,1133,1262,338,1186,1524,10.22187005,22.17847769
2020,123,789,912,309,940,1249,13.48684211,24.73979183
2021,235,1117,1352,401,1115,1516,17.3816568,26.45118734
2022,272,1317,1589,373,900,1273,17.11768408,29.3008641
2023,272,1253,1525,414,831,1245,17.83606557,33.25301205
2024,317,1185,1502,397,809,1206,21.10519308,32.91873964
2025,71,271,342,94,213,307,20.76023392,30.61889251
