Disposition Year,Non-White Victim Cases Dismissed,Non-White Victim Cases Not Dismissed,Non-White Victim Total Cases,White Victim Cases Dismissed,White Victim Cases Not Dismissed,White Victim Cases Total,Percent of cases dismissed involving non-white victims,Percent of cases dismissed involving white victims
2019,128,1134,1262,336,1188,1524,10.14263074,22.04724409
2020,122,793,915,307,942,1249,13.33333333,24.57966373
2021,233,1114,1347,394,1120,1514,17.29769859,26.02377807
2022,269,1315,1584,370,900,1270,16.98232323,29.13385827
2023,269,1250,1519,413,830,1243,17.70901909,33.22606597
2024,294,1033,1327,361,746,1107,22.15523738,32.61065944
