Filing Year,White Victim,NonWhite Victim,Total,Percent involving a white victim,Percent involving a non-white victim
2019,95,110,205,46.34146341,53.65853659
2020,103,98,201,51.24378109,48.75621891
2021,102,93,195,52.30769231,47.69230769
2022,100,83,183,54.64480874,45.35519126
2023,139,85,224,62.05357143,37.94642857
2024,157,105,262,59.92366412,40.07633588
2025,77,45,122,63.1147541,36.8852459
