Disposition Year,Non-White Victim Cases Dismissed,Non-White Victim Cases Not Dismissed,Non-White Victim Total Cases,White Victim Cases Dismissed,White Victim Cases Not Dismissed,White Victim Cases Total,Percent of cases dismissed involving non-white victims,Percent of cases dismissed involving white victims
2019,129,1133,1262,338,1186,1524,10.22187005,22.17847769
2020,123,789,912,309,940,1249,13.48684211,24.73979183
2021,235,1117,1352,401,1116,1517,17.3816568,26.43375082
2022,275,1319,1594,373,902,1275,17.25219573,29.25490196
2023,272,1260,1532,413,835,1248,17.75456919,33.09294872
2024,319,1203,1522,397,830,1227,20.95926413,32.35533822
2025,158,538,696,203,425,628,22.70114943,32.32484076
