Filing Quarter,At least 1 prior violent conviction,No prior violent convictions,Total,Percent of defendants with prior violent conviction,Percent of defendants with no prior violent convictions
2017,2,48,50,4,96
2018,12,57,69,17.39130435,82.60869565
2019,7,71,78,8.974358974,91.02564103
2020,12,70,82,14.63414634,85.36585366
2021,10,63,73,13.69863014,86.30136986
2022,8,49,57,14.03508772,85.96491228
2023,20,70,90,22.22222222,77.77777778
2024,15,59,74,20.27027027,79.72972973
2025,11,64,75,14.66666667,85.33333333
