Filing Quarter,At least 1 prior violent conviction,No prior violent convictions,Total,Percent of defendants with prior violent conviction,Percent of defendants with no prior violent convictions
2017,1,49,50,2,98
2018,12,57,69,17.39130435,82.60869565
2019,7,71,78,8.974358974,91.02564103
2020,11,71,82,13.41463415,86.58536585
2021,9,63,72,12.5,87.5
2022,7,50,57,12.28070175,87.71929825
2023,17,75,92,18.47826087,81.52173913
2024,5,17,22,22.72727273,77.27272727
