Filing Quarter,At least 1 prior violent conviction,No prior violent convictions,Total,Percent of defendants with prior violent conviction,Percent of defendants with no prior violent convictions
2017,2,48,50,4,96
2018,12,57,69,17.39130435,82.60869565
2019,7,71,78,8.974358974,91.02564103
2020,13,69,82,15.85365854,84.14634146
2021,10,63,73,13.69863014,86.30136986
2022,9,48,57,15.78947368,84.21052632
2023,21,69,90,23.33333333,76.66666667
2024,15,58,73,20.54794521,79.45205479
2025,4,30,34,11.76470588,88.23529412
