Disposition Year,Native American No Pretrial,Native American Pretrial,Native American Total Cases,Hispanic No Pretrial,Hispanic Pretrial,Hispanic Total Cases,White No Pretrial,White Pretrial,White Total Cases,Percent of Native American defendants detained pretrial,Percent of Hispanic defendants detained pretrial,Percent of White defendants detained pretrial
2020,40,31,71,9,4,13,58,22,80,43.66197183,30.76923077,27.5
2021,52,32,84,18,5,23,83,21,104,38.0952381,21.73913043,20.19230769
2022,39,30,69,13,15,28,73,28,101,43.47826087,53.57142857,27.72277228
2023,64,77,141,13,20,33,63,42,105,54.60992908,60.60606061,40
2024,80,71,151,22,14,36,93,51,144,47.01986755,38.88888889,35.41666667
2025,69,55,124,20,12,32,87,43,130,44.35483871,37.5,33.07692308
