Disposition Year,Native American No Pretrial,Native American Pretrial,Native American Total Cases,Hispanic No Pretrial,Hispanic Pretrial,Hispanic Total Cases,White No Pretrial,White Pretrial,White Total Cases,Percent of Native American defendants detained pretrial,Percent of Hispanic defendants detained pretrial,Percent of White defendants detained pretrial
2019,42,46,88,11,10,21,104,32,136,52.27272727,47.61904762,23.52941176
2020,41,31,72,9,4,13,58,23,81,43.05555556,,28.39506173
2021,50,30,80,17,4,21,77,22,99,37.5,19.04761905,22.22222222
2022,40,27,67,10,13,23,70,26,96,40.29850746,56.52173913,27.08333333
2023,61,75,136,13,17,30,63,44,107,55.14705882,56.66666667,41.12149533
2024,85,68,153,22,14,36,95,50,145,44.44444444,38.88888889,34.48275862
