Disposition Year,Native American No Pretrial,Native American Pretrial,Native American Total Cases,Hispanic No Pretrial,Hispanic Pretrial,Hispanic Total Cases,White No Pretrial,White Pretrial,White Total Cases,Percent of Native American defendants detained pretrial,Percent of Hispanic defendants detained pretrial,Percent of White defendants detained pretrial
2019,41,45,86,11,9,20,103,32,135,52.3255814,45,23.7037037
2020,41,29,70,9,4,13,59,23,82,41.42857143,,28.04878049
2021,44,29,73,17,4,21,73,22,95,39.7260274,19.04761905,23.15789474
2022,38,24,62,10,13,23,67,25,92,38.70967742,56.52173913,27.17391304
2023,60,73,133,13,16,29,61,39,100,54.88721805,55.17241379,39
2024,59,56,115,16,10,26,77,34,111,48.69565217,38.46153846,30.63063063
