Disposition Year,Native American No Pretrial,Native American Pretrial,Native American Total Cases,Hispanic No Pretrial,Hispanic Pretrial,Hispanic Total Cases,White No Pretrial,White Pretrial,White Total Cases,Percent of Native American defendants detained pretrial,Percent of Hispanic defendants detained pretrial,Percent of White defendants detained pretrial
2019,42,46,88,11,10,21,105,32,137,52.27272727,47.61904762,23.35766423
2020,41,31,72,9,4,13,58,23,81,43.05555556,30.76923077,28.39506173
2021,53,31,84,18,5,23,83,22,105,36.9047619,21.73913043,20.95238095
2022,42,29,71,13,15,28,73,28,101,40.84507042,53.57142857,27.72277228
2023,64,80,144,14,18,32,65,43,108,55.55555556,56.25,39.81481481
2024,82,70,152,22,14,36,93,51,144,46.05263158,38.88888889,35.41666667
2025,46,34,80,8,11,19,60,29,89,42.5,57.89473684,32.58426966
