Disposition Year,Black Plea to Lesser Charge,Black No Plea to Lesser Charge,Black Total Guilty Pleas,Hispanic Plea to Lesser Charge,Hispanic No Plea to Lesser Charge,Hispanic Total Guilty Pleas,White Plea to Lesser Charge,White No Plea to Lesser Charge,White Total Guilty Pleas,Percent of Black defendants pleading to a lesser charge,Percent of Hispanic defendants pleading to a lesser charge,Percent of White defendants pleading to a lesser charge
2017.0,8.0,5.0,13.0,40.0,47.0,87.0,190.0,179.0,369.0,,45.97701149,51.49051491
2018.0,10.0,14.0,24.0,45.0,51.0,96.0,201.0,177.0,378.0,41.66666667,46.875,53.17460317
2019.0,9.0,16.0,25.0,46.0,56.0,102.0,209.0,190.0,399.0,36.0,45.09803922,52.38095238
2020.0,5.0,8.0,13.0,39.0,43.0,82.0,118.0,146.0,264.0,,47.56097561,44.6969697
2021.0,11.0,16.0,27.0,62.0,73.0,135.0,154.0,150.0,304.0,40.74074074,45.92592593,50.65789474
2022.0,6.0,10.0,16.0,71.0,84.0,155.0,130.0,139.0,269.0,,45.80645161,48.32713755
2023.0,4.0,1.0,5.0,13.0,19.0,32.0,48.0,27.0,75.0,,40.625,64.0
