Disposition Year,Black Plea to Lesser Charge,Black No Plea to Lesser Charge,Black Total Guilty Pleas,Hispanic Plea to Lesser Charge,Hispanic No Plea to Lesser Charge,Hispanic Total Guilty Pleas,White Plea to Lesser Charge,White No Plea to Lesser Charge,White Total Guilty Pleas,Percent of Black defendants pleading to a lesser charge,Percent of Hispanic defendants pleading to a lesser charge,Percent of White defendants pleading to a lesser charge
2019,11,16,27,51,61,112,206,187,393,40.74074074,45.53571429,52.4173028
2020,5,8,13,40,45,85,118,144,262,,47.05882353,45.03816794
2021,11,16,27,62,73,135,156,159,315,40.74074074,45.92592593,49.52380952
2022,9,13,22,73,93,166,144,142,286,40.90909091,43.97590361,50.34965035
2023,12,9,21,65,75,140,129,98,227,57.14285714,46.42857143,56.82819383
2024,10,10,20,62,61,123,90,95,185,50,50.40650407,48.64864865
2025,1,1,2,37,29,66,45,53,98,,56.06060606,45.91836735
