Disposition Year,Black Plea to Lesser Charge,Black No Plea to Lesser Charge,Black Total Guilty Pleas,Hispanic Plea to Lesser Charge,Hispanic No Plea to Lesser Charge,Hispanic Total Guilty Pleas,White Plea to Lesser Charge,White No Plea to Lesser Charge,White Total Guilty Pleas,Percent of Black defendants pleading to a lesser charge,Percent of Hispanic defendants pleading to a lesser charge,Percent of White defendants pleading to a lesser charge
2017,8,4,12,40,46,86,191,180,371,,46.51162791,51.48247978
2018,10,14,24,48,54,102,198,175,373,41.66666667,47.05882353,53.08310992
2019,9,16,25,47,59,106,209,187,396,36,44.33962264,52.77777778
2020,5,8,13,40,44,84,117,146,263,,47.61904762,44.48669202
2021,11,16,27,60,71,131,157,159,316,40.74074074,45.80152672,49.6835443
2022,9,12,21,74,88,162,142,146,288,42.85714286,45.67901235,49.30555556
2023,11,5,16,48,54,102,100,58,158,,47.05882353,63.29113924
