Disposition Year,Black Plea to Lesser Charge,Black No Plea to Lesser Charge,Black Total Guilty Pleas,Hispanic Plea to Lesser Charge,Hispanic No Plea to Lesser Charge,Hispanic Total Guilty Pleas,White Plea to Lesser Charge,White No Plea to Lesser Charge,White Total Guilty Pleas,Percent of Black defendants pleading to a lesser charge,Percent of Hispanic defendants pleading to a lesser charge,Percent of White defendants pleading to a lesser charge
2017,8,5,13,40,46,86,191,179,370,,46.51162791,51.62162162
2018,10,14,24,46,53,99,200,175,375,41.66666667,46.46464646,53.33333333
2019,9,16,25,47,56,103,209,190,399,36,45.63106796,52.38095238
2020,5,8,13,39,44,83,118,145,263,,46.98795181,44.86692015
2021,11,16,27,58,72,130,159,156,315,40.74074074,44.61538462,50.47619048
2022,9,12,21,72,87,159,139,143,282,42.85714286,45.28301887,49.29078014
2023,5,3,8,36,45,81,80,47,127,,44.44444444,62.99212598
