Disposition Year,Black Plea to Lesser Charge,Black No Plea to Lesser Charge,Black Total Guilty Pleas,Hispanic Plea to Lesser Charge,Hispanic No Plea to Lesser Charge,Hispanic Total Guilty Pleas,White Plea to Lesser Charge,White No Plea to Lesser Charge,White Total Guilty Pleas,Percent of Black defendants pleading to a lesser charge,Percent of Hispanic defendants pleading to a lesser charge,Percent of White defendants pleading to a lesser charge
2017,8,4,12,40,46,86,192,180,372,,46.51162791,51.61290323
2018,10,14,24,48,55,103,198,174,372,41.66666667,46.60194175,53.22580645
2019,9,16,25,49,59,108,212,187,399,36,45.37037037,53.13283208
2020,5,8,13,40,44,84,116,146,262,,47.61904762,44.27480916
2021,11,16,27,60,71,131,156,161,317,40.74074074,45.80152672,49.21135647
2022,9,12,21,75,88,163,142,147,289,42.85714286,46.01226994,49.1349481
2023,12,8,20,64,70,134,126,98,224,60,47.76119403,56.25
