Disposition Year,Black Plea to Lesser Charge,Black No Plea to Lesser Charge,Black Total Guilty Pleas,Hispanic Plea to Lesser Charge,Hispanic No Plea to Lesser Charge,Hispanic Total Guilty Pleas,White Plea to Lesser Charge,White No Plea to Lesser Charge,White Total Guilty Pleas,Percent of Black defendants pleading to a lesser charge,Percent of Hispanic defendants pleading to a lesser charge,Percent of White defendants pleading to a lesser charge
2017,202,178,380,537,604,1141,1307,999,2306,53.15789474,47.06397897,56.6782307
2018,234,188,422,597,607,1204,1342,1064,2406,55.45023697,49.58471761,55.77722361
2019,226,174,400,642,606,1248,1329,1031,2360,56.5,51.44230769,56.31355932
2020,136,114,250,402,394,796,770,667,1437,54.4,50.50251256,53.58385525
2021,172,151,323,530,542,1072,849,706,1555,53.25077399,49.44029851,54.59807074
2022,134,165,299,499,607,1106,805,826,1631,44.81605351,45.11754069,49.35622318
2023,136,214,350,467,663,1130,764,899,1663,38.85714286,41.32743363,45.94107035
2024,29,64,93,117,174,291,181,219,400,31.1827957,40.20618557,45.25
