Disposition Year,Black Plea to Lesser Charge,Black No Plea to Lesser Charge,Black Total Guilty Pleas,Hispanic Plea to Lesser Charge,Hispanic No Plea to Lesser Charge,Hispanic Total Guilty Pleas,White Plea to Lesser Charge,White No Plea to Lesser Charge,White Total Guilty Pleas,Percent of Black defendants pleading to a lesser charge,Percent of Hispanic defendants pleading to a lesser charge,Percent of White defendants pleading to a lesser charge
2017,201,181,382,533,593,1126,1313,1008,2321,52.61780105,47.3357016,56.57044377
2018,233,188,421,586,599,1185,1351,1071,2422,55.34441805,49.45147679,55.78034682
2019,225,173,398,630,600,1230,1346,1037,2383,56.53266332,51.2195122,56.48342426
2020,135,115,250,395,388,783,779,677,1456,54,50.44699872,53.50274725
2021,167,145,312,530,530,1060,846,721,1567,53.52564103,50,53.98851308
2022,134,162,296,482,602,1084,802,821,1623,45.27027027,44.46494465,49.4146642
2023,68,109,177,249,357,606,396,539,935,38.4180791,41.08910891,42.35294118
