Disposition Year,Black Plea to Lesser Charge,Black No Plea to Lesser Charge,Black Total Guilty Pleas,Hispanic Plea to Lesser Charge,Hispanic No Plea to Lesser Charge,Hispanic Total Guilty Pleas,White Plea to Lesser Charge,White No Plea to Lesser Charge,White Total Guilty Pleas,Percent of Black defendants pleading to a lesser charge,Percent of Hispanic defendants pleading to a lesser charge,Percent of White defendants pleading to a lesser charge
2019,228,169,397,651,624,1275,1323,1026,2349,57.43073048,51.05882353,56.32183908
2020,137,113,250,401,401,802,773,661,1434,54.8,50,53.90516039
2021,174,146,320,537,537,1074,846,717,1563,54.375,50,54.12667946
2022,140,165,305,512,612,1124,812,837,1649,45.90163934,45.55160142,49.24196483
2023,140,203,343,487,669,1156,775,908,1683,40.81632653,42.12802768,46.04872252
2024,144,211,355,472,683,1155,693,787,1480,40.56338028,40.86580087,46.82432432
2025,72,99,171,246,342,588,322,378,700,42.10526316,41.83673469,46
