Disposition Year,Black Plea to Lesser Charge,Black No Plea to Lesser Charge,Black Total Guilty Pleas,Hispanic Plea to Lesser Charge,Hispanic No Plea to Lesser Charge,Hispanic Total Guilty Pleas,White Plea to Lesser Charge,White No Plea to Lesser Charge,White Total Guilty Pleas,Percent of Black defendants pleading to a lesser charge,Percent of Hispanic defendants pleading to a lesser charge,Percent of White defendants pleading to a lesser charge
2017,202,181,383,535,601,1136,1309,1003,2312,52.74151436,47.09507042,56.61764706
2018,233,189,422,597,603,1200,1341,1068,2409,55.21327014,49.75,55.66625156
2019,224,175,399,641,611,1252,1332,1029,2361,56.14035088,51.19808307,56.41677255
2020,137,115,252,400,393,793,774,670,1444,54.36507937,50.44136192,53.60110803
2021,173,150,323,528,532,1060,848,719,1567,53.56037152,49.81132075,54.1161455
2022,137,164,301,493,603,1096,806,831,1637,45.51495017,44.98175182,49.23640806
2023,131,219,350,463,672,1135,765,919,1684,37.42857143,40.79295154,45.42755344
