Disposition Year,Black Plea to Lesser Charge,Black No Plea to Lesser Charge,Black Total Guilty Pleas,Hispanic Plea to Lesser Charge,Hispanic No Plea to Lesser Charge,Hispanic Total Guilty Pleas,White Plea to Lesser Charge,White No Plea to Lesser Charge,White Total Guilty Pleas,Percent of Black defendants pleading to a lesser charge,Percent of Hispanic defendants pleading to a lesser charge,Percent of White defendants pleading to a lesser charge
2017,201,181,382,535,597,1132,1310,1001,2311,52.61780105,47.2614841,56.68541757
2018,233,190,423,593,602,1195,1345,1068,2413,55.08274232,49.62343096,55.73974306
2019,225,174,399,631,607,1238,1342,1031,2373,56.39097744,50.96930533,56.55288664
2020,137,115,252,399,392,791,773,671,1444,54.36507937,50.44247788,53.53185596
2021,173,146,319,534,532,1066,844,720,1564,54.23197492,50.09380863,53.96419437
2022,137,165,302,487,601,1088,800,826,1626,45.36423841,44.76102941,49.200492
2023,98,156,254,353,521,874,581,737,1318,38.58267717,40.38901602,44.08194234
