Disposition Year,Black Plea to Lesser Charge,Black No Plea to Lesser Charge,Black Total Guilty Pleas,Hispanic Plea to Lesser Charge,Hispanic No Plea to Lesser Charge,Hispanic Total Guilty Pleas,White Plea to Lesser Charge,White No Plea to Lesser Charge,White Total Guilty Pleas,Percent of Black defendants pleading to a lesser charge,Percent of Hispanic defendants pleading to a lesser charge,Percent of White defendants pleading to a lesser charge
2019,227,173,400,645,609,1254,1328,1034,2362,56.75,51.4354067,56.22353937
2020,135,115,250,400,392,792,773,668,1441,54,50.50505051,53.64330326
2021,169,149,318,531,541,1072,848,710,1558,53.14465409,49.53358209,54.42875481
2022,136,166,302,504,611,1115,804,827,1631,45.03311258,45.20179372,49.2949111
2023,137,205,342,477,660,1137,763,904,1667,40.05847953,41.9525066,45.77084583
2024,71,123,194,234,356,590,352,417,769,36.59793814,39.66101695,45.77373212
