Disposition Year,Black Plea to Lesser Charge,Black No Plea to Lesser Charge,Black Total Guilty Pleas,Hispanic Plea to Lesser Charge,Hispanic No Plea to Lesser Charge,Hispanic Total Guilty Pleas,White Plea to Lesser Charge,White No Plea to Lesser Charge,White Total Guilty Pleas,Percent of Black defendants pleading to a lesser charge,Percent of Hispanic defendants pleading to a lesser charge,Percent of White defendants pleading to a lesser charge
2019,225,172,397,646,616,1262,1331,1028,2359,56.67506297,51.18858954,56.4222128
2020,134,113,247,400,397,797,777,665,1442,54.25101215,50.18820577,53.88349515
2021,171,149,320,530,538,1068,849,714,1563,53.4375,49.62546816,54.31861804
2022,138,166,304,508,613,1121,801,827,1628,45.39473684,45.31668153,49.2014742
2023,140,204,344,482,661,1143,764,907,1671,40.69767442,42.16972878,45.72112507
2024,107,169,276,358,530,888,508,610,1118,38.76811594,40.31531532,45.43828265
