Disposition Year,Black Plea to Lesser Charge,Black No Plea to Lesser Charge,Black Total Guilty Pleas,Hispanic Plea to Lesser Charge,Hispanic No Plea to Lesser Charge,Hispanic Total Guilty Pleas,White Plea to Lesser Charge,White No Plea to Lesser Charge,White Total Guilty Pleas,Percent of Black defendants pleading to a lesser charge,Percent of Hispanic defendants pleading to a lesser charge,Percent of White defendants pleading to a lesser charge
2019,228,170,398,649,620,1269,1323,1025,2348,57.28643216,51.14263199,56.34582624
2020,137,114,251,400,399,799,773,661,1434,54.58167331,50.06257822,53.90516039
2021,174,149,323,534,533,1067,850,719,1569,53.86996904,50.04686036,54.17463352
2022,140,165,305,512,609,1121,812,839,1651,45.90163934,45.6735058,49.18231375
2023,140,204,344,481,666,1147,774,912,1686,40.69767442,41.93548387,45.90747331
2024,139,209,348,468,694,1162,689,789,1478,39.94252874,40.27538726,46.61705007
2025,32,61,93,134,180,314,179,224,403,34.40860215,42.67515924,44.41687345
