Disposition Year,Black Plea to Lesser Charge,Black No Plea to Lesser Charge,Black Total Guilty Pleas,Hispanic Plea to Lesser Charge,Hispanic No Plea to Lesser Charge,Hispanic Total Guilty Pleas,White Plea to Lesser Charge,White No Plea to Lesser Charge,White Total Guilty Pleas,Percent of Black defendants pleading to a lesser charge,Percent of Hispanic defendants pleading to a lesser charge,Percent of White defendants pleading to a lesser charge
2020,141,113,254,405,400,805,773,661,1434,55.51181102,50.31055901,53.90516039
2021,177,147,324,547,546,1093,843,711,1554,54.62962963,50.04574565,54.24710425
2022,140,166,306,522,616,1138,813,839,1652,45.75163399,45.86994728,49.21307506
2023,142,202,344,501,680,1181,768,903,1671,41.27906977,42.42167655,45.96050269
2024,144,213,357,487,686,1173,688,789,1477,40.33613445,41.51747656,46.58090724
2025,155,189,344,444,632,1076,602,702,1304,45.05813953,41.26394052,46.16564417
