Disposition Year,Black Plea to Lesser Charge,Black No Plea to Lesser Charge,Black Total Guilty Pleas,Hispanic Plea to Lesser Charge,Hispanic No Plea to Lesser Charge,Hispanic Total Guilty Pleas,White Plea to Lesser Charge,White No Plea to Lesser Charge,White Total Guilty Pleas,Percent of Black defendants pleading to a lesser charge,Percent of Hispanic defendants pleading to a lesser charge,Percent of White defendants pleading to a lesser charge
2017,70,35,105,184,170,354,637,449,1086,66.66666667,51.97740113,58.65561694
2018,72,36,108,215,166,381,793,396,1189,66.66666667,56.43044619,66.69470143
2019,65,43,108,214,150,364,707,392,1099,60.18518519,58.79120879,64.33121019
2020,55,25,80,138,121,259,410,308,718,68.75,53.28185328,57.10306407
2021,59,29,88,142,153,295,465,349,814,67.04545455,48.13559322,57.12530713
2022,56,31,87,176,167,343,427,379,806,64.36781609,51.31195335,52.97766749
2023,43,42,85,185,172,357,371,390,761,50.58823529,51.82072829,48.75164258
