Disposition Year,Black Plea to Lesser Charge,Black No Plea to Lesser Charge,Black Total Guilty Pleas,Hispanic Plea to Lesser Charge,Hispanic No Plea to Lesser Charge,Hispanic Total Guilty Pleas,White Plea to Lesser Charge,White No Plea to Lesser Charge,White Total Guilty Pleas,Percent of Black defendants pleading to a lesser charge,Percent of Hispanic defendants pleading to a lesser charge,Percent of White defendants pleading to a lesser charge
2017,69,35,104,184,167,351,634,450,1084,66.34615385,52.42165242,58.48708487
2018,71,37,108,208,163,371,798,398,1196,65.74074074,56.06469003,66.72240803
2019,64,43,107,216,149,365,705,394,1099,59.81308411,59.17808219,64.14922657
2020,56,25,81,132,119,251,411,310,721,69.13580247,52.58964143,57.00416089
2021,60,29,89,142,152,294,462,350,812,67.41573034,48.29931973,56.89655172
2022,56,31,87,178,164,342,421,379,800,64.36781609,52.04678363,52.625
2023,32,29,61,120,106,226,270,253,523,52.45901639,53.09734513,51.62523901
