Disposition Year,Black Plea to Lesser Charge,Black No Plea to Lesser Charge,Black Total Guilty Pleas,Hispanic Plea to Lesser Charge,Hispanic No Plea to Lesser Charge,Hispanic Total Guilty Pleas,White Plea to Lesser Charge,White No Plea to Lesser Charge,White Total Guilty Pleas,Percent of Black defendants pleading to a lesser charge,Percent of Hispanic defendants pleading to a lesser charge,Percent of White defendants pleading to a lesser charge
2017,67,34,101,58,72,130,753,542,1295,66.33663366,44.61538462,58.14671815
2018,69,36,105,78,69,147,904,478,1382,65.71428571,53.06122449,65.41244573
2019,63,43,106,88,69,157,811,460,1271,59.43396226,56.05095541,63.80802518
2020,50,24,74,50,45,95,458,350,808,67.56756757,52.63157895,56.68316832
2021,59,27,86,66,88,154,514,388,902,68.60465116,42.85714286,56.98447894
2022,39,18,57,57,60,117,357,283,640,68.42105263,48.71794872,55.78125