Disposition Year,Black Plea to Lesser Charge,Black No Plea to Lesser Charge,Black Total Guilty Pleas,Hispanic Plea to Lesser Charge,Hispanic No Plea to Lesser Charge,Hispanic Total Guilty Pleas,White Plea to Lesser Charge,White No Plea to Lesser Charge,White Total Guilty Pleas,Percent of Black defendants pleading to a lesser charge,Percent of Hispanic defendants pleading to a lesser charge,Percent of White defendants pleading to a lesser charge
2019,63,43,106,215,146,361,710,394,1104,59.43396226,59.5567867,64.3115942
2020,55,24,79,139,120,259,415,311,726,69.62025316,53.66795367,57.16253444
2021,60,30,90,142,150,292,464,350,814,66.66666667,48.63013699,57.002457
2022,56,31,87,182,170,352,424,376,800,64.36781609,51.70454545,53
2023,43,43,86,186,172,358,381,402,783,50,51.95530726,48.65900383
2024,38,34,72,149,143,292,305,240,545,52.77777778,51.02739726,55.96330275
