Disposition Year,Black Plea to Lesser Charge,Black No Plea to Lesser Charge,Black Total Guilty Pleas,Hispanic Plea to Lesser Charge,Hispanic No Plea to Lesser Charge,Hispanic Total Guilty Pleas,White Plea to Lesser Charge,White No Plea to Lesser Charge,White Total Guilty Pleas,Percent of Black defendants pleading to a lesser charge,Percent of Hispanic defendants pleading to a lesser charge,Percent of White defendants pleading to a lesser charge
2019,64,43,107,215,146,361,711,395,1106,59.81308411,59.5567867,64.28571429
2020,55,24,79,141,121,262,416,315,731,69.62025316,53.81679389,56.90834473
2021,60,30,90,143,150,293,463,351,814,66.66666667,48.80546075,56.87960688
2022,56,31,87,182,169,351,425,376,801,64.36781609,51.85185185,53.05867665
2023,44,43,87,188,175,363,389,404,793,50.57471264,51.79063361,49.05422446
2024,45,46,91,195,202,397,405,346,751,49.45054945,49.11838791,53.92809587
