Disposition Year,Black Plea to Lesser Charge,Black No Plea to Lesser Charge,Black Total Guilty Pleas,Hispanic Plea to Lesser Charge,Hispanic No Plea to Lesser Charge,Hispanic Total Guilty Pleas,White Plea to Lesser Charge,White No Plea to Lesser Charge,White Total Guilty Pleas,Percent of Black defendants pleading to a lesser charge,Percent of Hispanic defendants pleading to a lesser charge,Percent of White defendants pleading to a lesser charge
2019,64,42,106,213,146,359,716,397,1113,60.37735849,59.33147632,64.33063792
2020,56,24,80,144,121,265,421,317,738,70,54.33962264,57.04607046
2021,60,30,90,143,149,292,463,352,815,66.66666667,48.97260274,56.80981595
2022,56,31,87,180,168,348,427,377,804,64.36781609,51.72413793,53.10945274
2023,44,43,87,189,174,363,388,404,792,50.57471264,52.0661157,48.98989899
2024,45,48,93,202,211,413,415,365,780,48.38709677,48.91041162,53.20512821
2025,16,12,28,48,64,112,80,98,178,57.14285714,42.85714286,44.94382022
