Disposition Year,Black Plea to Lesser Charge,Black No Plea to Lesser Charge,Black Total Guilty Pleas,Hispanic Plea to Lesser Charge,Hispanic No Plea to Lesser Charge,Hispanic Total Guilty Pleas,White Plea to Lesser Charge,White No Plea to Lesser Charge,White Total Guilty Pleas,Percent of Black defendants pleading to a lesser charge,Percent of Hispanic defendants pleading to a lesser charge,Percent of White defendants pleading to a lesser charge
2017,70,35,105,186,170,356,634,449,1083,66.66666667,52.24719101,58.54108957
2018,72,36,108,216,165,381,793,397,1190,66.66666667,56.69291339,66.63865546
2019,65,43,108,214,151,365,706,393,1099,60.18518519,58.63013699,64.24021838
2020,55,25,80,137,120,257,409,308,717,68.75,53.307393,57.0432357
2021,59,29,88,141,151,292,462,351,813,67.04545455,48.28767123,56.82656827
2022,56,31,87,176,167,343,427,377,804,64.36781609,51.31195335,53.10945274
2023,43,42,85,170,163,333,355,356,711,50.58823529,51.05105105,49.92967651
