Disposition Year,Black Plea to Lesser Charge,Black No Plea to Lesser Charge,Black Total Guilty Pleas,Hispanic Plea to Lesser Charge,Hispanic No Plea to Lesser Charge,Hispanic Total Guilty Pleas,White Plea to Lesser Charge,White No Plea to Lesser Charge,White Total Guilty Pleas,Percent of Black defendants pleading to a lesser charge,Percent of Hispanic defendants pleading to a lesser charge,Percent of White defendants pleading to a lesser charge
2019,63,43,106,216,146,362,709,394,1103,59.43396226,59.66850829,64.27923844
2020,56,24,80,139,121,260,414,309,723,70,53.46153846,57.26141079
2021,60,28,88,144,153,297,462,351,813,68.18181818,48.48484848,56.82656827
2022,57,31,88,183,170,353,422,376,798,64.77272727,51.84135977,52.88220551
2023,43,43,86,189,175,364,378,398,776,50,51.92307692,48.71134021
2024,31,22,53,91,90,181,209,161,370,58.49056604,50.27624309,56.48648649
