Disposition Year,Black Plea to Lesser Charge,Black No Plea to Lesser Charge,Black Total Guilty Pleas,Hispanic Plea to Lesser Charge,Hispanic No Plea to Lesser Charge,Hispanic Total Guilty Pleas,White Plea to Lesser Charge,White No Plea to Lesser Charge,White Total Guilty Pleas,Percent of Black defendants pleading to a lesser charge,Percent of Hispanic defendants pleading to a lesser charge,Percent of White defendants pleading to a lesser charge
2019,62,42,104,216,148,364,715,395,1110,59.61538462,59.34065934,64.41441441
2020,54,24,78,146,121,267,421,317,738,69.23076923,54.68164794,57.04607046
2021,60,31,91,145,148,293,461,352,813,65.93406593,49.48805461,56.70356704
2022,56,31,87,181,169,350,426,376,802,64.36781609,51.71428571,53.11720698
2023,44,43,87,190,173,363,388,406,794,50.57471264,52.3415978,48.86649874
2024,45,49,94,201,210,411,415,363,778,47.87234043,48.90510949,53.34190231
2025,27,22,49,90,142,232,146,183,329,55.10204082,38.79310345,44.3768997
