Disposition Year,Black Plea to Lesser Charge,Black No Plea to Lesser Charge,Black Total Guilty Pleas,Hispanic Plea to Lesser Charge,Hispanic No Plea to Lesser Charge,Hispanic Total Guilty Pleas,White Plea to Lesser Charge,White No Plea to Lesser Charge,White Total Guilty Pleas,Percent of Black defendants pleading to a lesser charge,Percent of Hispanic defendants pleading to a lesser charge,Percent of White defendants pleading to a lesser charge
2020,55,23,78,147,122,269,421,315,736,70.51282051,54.64684015,57.20108696
2021,60,31,91,146,148,294,460,351,811,65.93406593,49.65986395,56.72009864
2022,55,31,86,181,171,352,425,375,800,63.95348837,51.42045455,53.125
2023,45,44,89,187,172,359,389,407,796,50.56179775,52.08913649,48.86934673
2024,45,49,94,201,212,413,412,361,773,47.87234043,48.66828087,53.29883571
2025,40,33,73,146,237,383,278,329,607,54.79452055,38.12010444,45.79901153
