Disposition Year,Black Plea to Lesser Charge,Black No Plea to Lesser Charge,Black Total Guilty Pleas,Hispanic Plea to Lesser Charge,Hispanic No Plea to Lesser Charge,Hispanic Total Guilty Pleas,White Plea to Lesser Charge,White No Plea to Lesser Charge,White Total Guilty Pleas,Percent of Black defendants pleading to a lesser charge,Percent of Hispanic defendants pleading to a lesser charge,Percent of White defendants pleading to a lesser charge
2017,69,35,104,184,171,355,632,448,1080,66.34615385,51.83098592,58.51851852
2018,71,36,107,215,166,381,792,396,1188,66.35514019,56.43044619,66.66666667
2019,64,43,107,215,149,364,710,393,1103,59.81308411,59.06593407,64.36990027
2020,56,25,81,137,121,258,413,308,721,69.13580247,53.10077519,57.2815534
2021,60,29,89,143,153,296,463,349,812,67.41573034,48.31081081,57.01970443
2022,57,31,88,180,167,347,423,379,802,64.77272727,51.87319885,52.74314214
2023,43,43,86,187,173,360,378,393,771,50,51.94444444,49.02723735
2024,10,11,21,55,37,92,109,74,183,47.61904762,59.7826087,59.56284153
