Disposition Year,Black Plea to Lesser Charge,Black No Plea to Lesser Charge,Black Total Guilty Pleas,Hispanic Plea to Lesser Charge,Hispanic No Plea to Lesser Charge,Hispanic Total Guilty Pleas,White Plea to Lesser Charge,White No Plea to Lesser Charge,White Total Guilty Pleas,Percent of Black defendants pleading to a lesser charge,Percent of Hispanic defendants pleading to a lesser charge,Percent of White defendants pleading to a lesser charge
2017,67,34,101,180,165,345,636,451,1087,66.33663366,52.17391304,58.50965961
2018,69,37,106,208,161,369,784,390,1174,65.09433962,56.36856369,66.7802385
2019,64,44,108,210,146,356,707,392,1099,59.25925926,58.98876404,64.33121019
2020,56,23,79,128,118,246,408,303,711,70.88607595,52.03252033,57.38396624
2021,61,30,91,136,147,283,458,344,802,67.03296703,48.0565371,57.10723192
2022,56,29,85,176,158,334,417,369,786,65.88235294,52.69461078,53.05343511
2023,17,18,35,80,77,157,185,170,355,48.57142857,50.95541401,52.11267606
