Filing Year,At least 1 prior violent conviction,No prior violent convictions,Total,Percent of defendants with prior violent conviction,Percent of defendants with no prior violent convictions
2017,10,132,142,7.042253521,92.95774648
2018,9,129,138,6.52173913,93.47826087
2019,5,111,116,4.310344828,95.68965517
2020,10,140,150,6.666666667,93.33333333
2021,11,149,160,6.875,93.125
2022,9,122,131,6.870229008,93.12977099
2023,14,126,140,10,90
2024,0,29,29,0,100
