Filing Year,At least 1 prior violent conviction,No prior violent convictions,Total,Percent of defendants with prior violent conviction,Percent of defendants with no prior violent convictions
2017,7,94,101,6.930693069,93.06930693
2018,5,91,96,5.208333333,94.79166667
2019,3,81,84,3.571428571,96.42857143
2020,4,92,96,4.166666667,95.83333333
2021,4,100,104,3.846153846,96.15384615
2022,5,61,66,7.575757576,92.42424242