Filing Year,At least 1 prior violent conviction,No prior violent convictions,Total,Percent of defendants with prior violent conviction,Percent of defendants with no prior violent convictions
2017.0,7.0,94.0,101.0,6.930693069,93.06930693
2018.0,4.0,92.0,96.0,4.166666667,95.83333333
2019.0,3.0,81.0,84.0,3.571428571,96.42857143
2020.0,3.0,93.0,96.0,3.125,96.875
2021.0,6.0,100.0,106.0,5.660377358,94.33962264
2022.0,5.0,80.0,85.0,5.882352941,94.11764706
2023.0,1.0,21.0,22.0,4.545454545,95.45454545
