Filing Year,At least 1 prior violent conviction,No prior violent convictions,Total,Percent of defendants with prior violent conviction,Percent of defendants with no prior violent convictions
2017,7,94,101,6.930693069,93.06930693
2018,4,92,96,4.166666667,95.83333333
2019,4,80,84,4.761904762,95.23809524
2020,3,93,96,3.125,96.875
2021,5,101,106,4.716981132,95.28301887
2022,6,79,85,7.058823529,92.94117647
2023,7,66,73,9.589041096,90.4109589
