Filing Year,At least 1 prior violent conviction,No prior violent convictions,Total,Percent of defendants with prior violent conviction,Percent of defendants with no prior violent convictions
2017,7,94,101,6.930693069,93.06930693
2018,4,92,96,4.166666667,95.83333333
2019,3,81,84,3.571428571,96.42857143
2020,3,93,96,3.125,96.875
2021,6,100,106,5.660377358,94.33962264
2022,6,79,85,7.058823529,92.94117647
2023,6,46,52,11.53846154,88.46153846
