Disposition Year,Private Attorney Incarceration,Private Attorney No Incarceration,Private Attorney Total Cases,Public Defender Incarceration,Public Defender No Incarceration,Public Defender Total Cases,Percent of cases with a private attorney incarcerated,Percent of cases with a public defender incarcerated
2019,157,130,287,155,102,257,54.70383275,60.31128405
2020,97,78,175,119,85,204,55.42857143,58.33333333
2021,131,93,224,152,121,273,58.48214286,55.67765568
2022,139,55,194,260,95,355,71.64948454,73.23943662
2023,136,68,204,283,123,406,66.66666667,69.7044335
2024,81,75,156,265,102,367,51.92307692,72.20708447
2025,36,14,50,66,38,104,72,63.46153846
