Disposition Year,Black Incarceration,Black No Incarceration,Black Total,Hispanic Incarceration,Hispanic No Incarceration,Hispanic Total,White Incarceration,White No Incarceration,White Total,Percent of Black defendants incarcerated,Percent of Hispanic defendants incarcerated,Percent of White defendants incarcerated
2019,47,33,80,56,44,100,225,194,419,58.75,56,53.69928401
2020,20,25,45,43,34,77,161,114,275,44.44444444,55.84415584,58.54545455
2021,35,27,62,58,57,115,192,134,326,56.4516129,50.43478261,58.89570552
2022,46,19,65,78,33,111,272,105,377,70.76923077,70.27027027,72.14854111
2023,57,22,79,100,40,140,261,133,394,72.15189873,71.42857143,66.24365482
2024,47,33,80,89,40,129,200,97,297,58.75,68.99224806,67.34006734
2025,8,4,12,17,6,23,24,22,46,,73.91304348,52.17391304
