Disposition Year,Private Attorney Incarceration,Private Attorney No Incarceration,Private Attorney Total Cases,Public Defender Incarceration,Public Defender No Incarceration,Public Defender Total Cases,Percent of cases with a private attorney incarcerated,Percent of cases with a public defender incarcerated
2019,157,130,287,155,102,257,54.70383275,60.31128405
2020,97,79,176,120,85,205,55.11363636,58.53658537
2021,131,94,225,153,121,274,58.22222222,55.83941606
2022,139,55,194,259,95,354,71.64948454,73.16384181
2023,136,70,206,280,122,402,66.01941748,69.65174129
2024,81,71,152,257,99,356,53.28947368,72.19101124
2025,14,9,23,37,23,60,60.86956522,61.66666667
