Disposition Year,Black Incarceration,Black No Incarceration,Black Total,Hispanic Incarceration,Hispanic No Incarceration,Hispanic Total,White Incarceration,White No Incarceration,White Total,Percent of Black defendants incarcerated,Percent of Hispanic defendants incarcerated,Percent of White defendants incarcerated
2019,47,34,81,56,45,101,226,193,419,58.02469136,55.44554455,53.93794749
2020,20,25,45,43,34,77,161,114,275,44.44444444,55.84415584,58.54545455
2021,35,27,62,58,58,116,192,134,326,56.4516129,50,58.89570552
2022,46,19,65,80,33,113,272,105,377,70.76923077,70.79646018,72.14854111
2023,59,22,81,100,40,140,262,133,395,72.83950617,71.42857143,66.32911392
2024,49,33,82,90,41,131,205,102,307,59.75609756,68.70229008,66.7752443
2025,12,5,17,34,10,44,54,37,91,70.58823529,77.27272727,59.34065934
