Disposition Year,Black Incarceration,Black No Incarceration,Black Total,Hispanic Incarceration,Hispanic No Incarceration,Hispanic Total,White Incarceration,White No Incarceration,White Total,Percent of Black defendants incarcerated,Percent of Hispanic defendants incarcerated,Percent of White defendants incarcerated
2019,47,34,81,56,46,102,226,192,418,58.02469136,54.90196078,54.06698565
2020,21,25,46,44,34,78,160,114,274,45.65217391,56.41025641,58.39416058
2021,35,27,62,58,57,115,192,134,326,56.4516129,50.43478261,58.89570552
2022,46,19,65,78,32,110,270,105,375,70.76923077,70.90909091,72
2023,56,23,79,101,38,139,260,134,394,70.88607595,72.6618705,65.98984772
2024,43,31,74,76,36,112,180,88,268,58.10810811,67.85714286,67.1641791
