Disposition Year,Black No Pretrial,Black Pretrial,Black Total Cases,Hispanic No Pretrial,Hispanic Pretrial,Hispanic Total Cases,White No Pretrial,White Pretrial,White Total Cases,Percent of Black defendants detained pretrial,Percent of Hispanic defendants detained pretrial,Percent of White defendants detained pretrial
2019,158,102,260,253,123,376,1404,567,1971,39.23076923,32.71276596,28.76712329
2020,93,58,151,167,106,273,972,370,1342,38.41059603,38.82783883,27.57078987
2021,146,79,225,257,123,380,1186,428,1614,35.11111111,32.36842105,26.51796778
2022,129,121,250,248,185,433,1183,611,1794,48.4,42.72517321,34.05797101
2023,127,129,256,255,185,440,1079,601,1680,50.390625,42.04545455,35.77380952
2024,143,110,253,224,172,396,926,445,1371,43.47826087,43.43434343,32.45805981
