,Fine/ Comm. Serv/ Fee,Credit for time served,Probation,Probation plus Jail,Jail,Comm. Corr.,Youth Corr.,Prison
Sentences in 2024,3127,315,1024,203,203,52,16,214
Change since 2023,-15.73699811,-8.163265306,-9.219858156,-16.80327869,-15.06276151,-42.85714286,60,-24.9122807
