Disposition Year,Black No Pretrial,Black Pretrial,Black Total Cases,Hispanic No Pretrial,Hispanic Pretrial,Hispanic Total Cases,White No Pretrial,White Pretrial,White Total Cases,Percent of Black defendants detained pretrial,Percent of Hispanic defendants detained pretrial,Percent of White defendants detained pretrial
2019,158,103,261,252,123,375,1408,566,1974,39.46360153,32.8,28.67274569
2020,93,57,150,167,105,272,972,372,1344,38,38.60294118,27.67857143
2021,146,80,226,263,123,386,1188,430,1618,35.39823009,31.86528497,26.57601978
2022,130,121,251,250,191,441,1181,612,1793,48.20717131,43.3106576,34.13273843
2023,127,131,258,260,184,444,1076,605,1681,50.7751938,41.44144144,35.99048186
2024,160,129,289,257,208,465,1074,522,1596,44.6366782,44.7311828,32.70676692
2025,58,58,116,127,110,237,517,259,776,50,46.41350211,33.37628866
