Disposition Year,Private Attorney Incarceration,Private Attorney No Incarceration,Private Attorney Total Cases,Public Defender Incarceration,Public Defender No Incarceration,Public Defender Total Cases,Percent of cases with a private attorney incarcerated,Percent of cases with a public defender incarcerated
2019,158,131,289,155,102,257,54.67128028,60.31128405
2020,98,80,178,121,84,205,55.05617978,59.02439024
2021,131,95,226,153,119,272,57.96460177,56.25
2022,139,56,195,257,93,350,71.28205128,73.42857143
2023,135,74,209,280,116,396,64.59330144,70.70707071
2024,70,65,135,234,90,324,51.85185185,72.22222222
