Disposition Year,Black No Pretrial,Black Pretrial,Black Total Cases,Hispanic No Pretrial,Hispanic Pretrial,Hispanic Total Cases,White No Pretrial,White Pretrial,White Total Cases,Percent of Black defendants detained pretrial,Percent of Hispanic defendants detained pretrial,Percent of White defendants detained pretrial
2019,157,102,259,250,122,372,1409,567,1976,39.38223938,32.79569892,28.69433198
2020,93,57,150,167,105,272,973,371,1344,38,38.60294118,27.60416667
2021,146,79,225,261,122,383,1189,430,1619,35.11111111,31.8537859,26.55960469
2022,129,120,249,250,187,437,1183,612,1795,48.19277108,42.79176201,34.09470752
2023,126,129,255,260,184,444,1074,602,1676,50.58823529,41.44144144,35.91885442
2024,158,125,283,254,205,459,1033,509,1542,44.16961131,44.66230937,33.00907912
2025,22,29,51,58,67,125,219,114,333,56.8627451,53.6,34.23423423
