Disposition Year,Black Cases Deferred,Black Cases Not Deferred,Black Total Cases Disposed,Hispanic Cases Deferred,Hispanic Cases Not Deferred,Hispanic Total Cases Disposed,White Cases Deferred,White Cases Not Deferred,White Total Cases Disposed,Percent of Black defendants deferred,Percent of Hispanic defendants deferred,Percent of White defendants deferred
2017.0,10.0,72.0,82.0,26.0,259.0,285.0,166.0,1584.0,1750.0,12.19512195,9.122807018,9.485714286
2018.0,10.0,84.0,94.0,23.0,324.0,347.0,157.0,1797.0,1954.0,10.63829787,6.628242075,8.034800409
2019.0,8.0,81.0,89.0,17.0,263.0,280.0,126.0,1768.0,1894.0,8.988764045,6.071428571,6.652587117
2020.0,7.0,93.0,100.0,18.0,242.0,260.0,98.0,1214.0,1312.0,7.0,6.923076923,7.469512195
2021.0,5.0,63.0,68.0,23.0,261.0,284.0,108.0,1349.0,1457.0,7.352941176,8.098591549,7.412491421
2022.0,2.0,67.0,69.0,15.0,237.0,252.0,91.0,1360.0,1451.0,2.898550725,5.952380952,6.271536871
2023.0,1.0,15.0,16.0,2.0,47.0,49.0,15.0,223.0,238.0,6.25,4.081632653,6.302521008
