Filing Month,Actual Average number of days to victim contact,Average number of days to victim contact
Nov 2021,51.4865,40.25795
Dec 2021,29.0294,33.9139
Jan 2022,21.2258,20.34433333
Feb 2022,10.7778,14.05476667
Mar 2022,10.1607,12.65066667
Apr 2022,17.0135,12.49923333
May 2022,10.3235,10.20046667
Jun 2022,3.2644,5.558833333
Jul 2022,3.0886,3.014066667
Aug 2022,2.6892,2.290366667
Sep 2022,1.0933,1.89125