Filing Year,White Victim,NonWhite Victim,Total,Percent involving a white victim,Percent involving a non-white victim
2017.0,108.0,122.0,230.0,46.95652174,53.04347826
2018.0,112.0,183.0,295.0,37.96610169,62.03389831
2019.0,100.0,146.0,246.0,40.6504065,59.3495935
2020.0,107.0,172.0,279.0,38.35125448,61.64874552
2021.0,103.0,149.0,252.0,40.87301587,59.12698413
2022.0,114.0,154.0,268.0,42.53731343,57.46268657
2023.0,30.0,36.0,66.0,45.45454545,54.54545455
