Disposition Year,Non-White Victim Cases Dismissed,Non-White Victim Cases Not Dismissed,Non-White Victim Total Cases,White Victim Cases Dismissed,White Victim Cases Not Dismissed,White Victim Cases Total,Percent of cases dismissed involving non-white victims,Percent of cases dismissed involving white victims
2020,186,1723,1909,182,968,1150,9.743321111,15.82608696
2021,190,1977,2167,304,1489,1793,8.767881864,16.95482432
2022,221,1774,1995,301,1717,2018,11.07769424,14.91575818
2023,412,2215,2627,283,1242,1525,15.68328892,18.55737705
2024,437,2767,3204,234,1099,1333,13.639201,17.5543886
2025,371,2335,2706,277,976,1253,13.71027347,22.10694334
