Disposition Year,Non-White Victim Cases Dismissed,Non-White Victim Cases Not Dismissed,Non-White Victim Total Cases,White Victim Cases Dismissed,White Victim Cases Not Dismissed,White Victim Cases Total,Percent of cases dismissed involving non-white victims,Percent of cases dismissed involving white victims
2019,161,2193,2354,174,1117,1291,6.83942226,13.47792409
2020,182,1708,1890,176,958,1134,9.62962963,15.52028219
2021,190,1978,2168,306,1488,1794,8.763837638,17.05685619
2022,219,1768,1987,300,1713,2013,11.02164066,14.90312966
2023,405,2188,2593,278,1227,1505,15.61897416,18.4717608
2024,269,1895,2164,150,726,876,12.43068392,17.12328767
