Disposition Year,Highest Income Neighbood Cases Dismissed,Highest Income Neighborhood Cases Not Dismissed,Highest Income Neighborhood Total Cases Disposed,Lowest Income Neighbood Cases Dismissed,Lowest Income Neighborhood Cases Not Dismissed,Lowest Income Neighborhood Total Cases Disposed,Percent of cases in highest income zip codes dismissed,Percent of cases in lowest income zip codes dismissed
2017.0,21.0,153.0,174.0,37.0,285.0,322.0,12.06896552,11.49068323
2018.0,26.0,190.0,216.0,41.0,338.0,379.0,12.03703704,10.81794195
2019.0,16.0,220.0,236.0,34.0,336.0,370.0,6.779661017,9.189189189
2020.0,22.0,166.0,188.0,30.0,292.0,322.0,11.70212766,9.316770186
2021.0,27.0,187.0,214.0,35.0,330.0,365.0,12.61682243,9.589041096
2022.0,23.0,168.0,191.0,34.0,363.0,397.0,12.04188482,8.564231738
2023.0,5.0,41.0,46.0,9.0,68.0,77.0,10.86956522,11.68831169
