Disposition Year,Non-White Victim Cases Dismissed,Non-White Victim Cases Not Dismissed,Non-White Victim Total Cases,White Victim Cases Dismissed,White Victim Cases Not Dismissed,White Victim Cases Total,Percent of cases dismissed involving non-white victims,Percent of cases dismissed involving white victims
2017.0,164.0,1599.0,1763.0,192.0,1070.0,1262.0,9.302325581,15.21394612
2018.0,242.0,1912.0,2154.0,230.0,1109.0,1339.0,11.23491179,17.17699776
2019.0,162.0,2198.0,2360.0,173.0,1117.0,1290.0,6.86440678,13.41085271
2020.0,178.0,1704.0,1882.0,173.0,958.0,1131.0,9.458023379,15.29619805
2021.0,187.0,1980.0,2167.0,306.0,1490.0,1796.0,8.629441624,17.03786192
2022.0,205.0,1747.0,1952.0,284.0,1686.0,1970.0,10.50204918,14.41624365
2023.0,62.0,453.0,515.0,54.0,317.0,371.0,12.03883495,14.55525606
