Disposition Year,Non-White Victim Cases Dismissed,Non-White Victim Cases Not Dismissed,Non-White Victim Total Cases,White Victim Cases Dismissed,White Victim Cases Not Dismissed,White Victim Cases Total,Percent of cases dismissed involving non-white victims,Percent of cases dismissed involving white victims
2017,167,1597,1764,197,1066,1263,9.467120181,15.59778306
2018,243,1905,2148,234,1105,1339,11.31284916,17.47572816
2019,162,2053,2215,179,1099,1278,7.313769752,14.00625978
2020,186,1669,1855,179,951,1130,10.02695418,15.84070796
2021,192,1970,2162,309,1486,1795,8.88066605,17.21448468
2022,154,1180,1334,210,1234,1444,11.54422789,14.54293629