Disposition Year,Highest Income Neighbood Cases Dismissed,Highest Income Neighborhood Cases Not Dismissed,Highest Income Neighborhood Total Cases Disposed,Lowest Income Neighbood Cases Dismissed,Lowest Income Neighborhood Cases Not Dismissed,Lowest Income Neighborhood Total Cases Disposed,Percent of cases in highest income zip codes dismissed,Percent of cases in lowest income zip codes dismissed
2017.0,52.0,234.0,286.0,73.0,405.0,478.0,18.18181818,15.27196653
2018.0,60.0,235.0,295.0,117.0,476.0,593.0,20.33898305,19.7301855
2019.0,34.0,240.0,274.0,67.0,461.0,528.0,12.40875912,12.68939394
2020.0,35.0,162.0,197.0,85.0,354.0,439.0,17.76649746,19.36218679
2021.0,50.0,218.0,268.0,108.0,460.0,568.0,18.65671642,19.01408451
2022.0,50.0,217.0,267.0,102.0,465.0,567.0,18.72659176,17.98941799
2023.0,15.0,68.0,83.0,14.0,92.0,106.0,18.07228916,13.20754717
