Filing Year,White Victim,NonWhite Victim,Total,Percent involving a white victim,Percent involving a non-white victim
2020,148,218,366,40.43715847,59.56284153
2021,173,209,382,45.28795812,54.71204188
2022,187,232,419,44.6300716,55.3699284
2023,158,260,418,37.79904306,62.20095694
2024,166,269,435,38.16091954,61.83908046
2025,202,215,417,48.441247,51.558753
