Disposition Year,Highest Income Neighbood Cases Dismissed,Highest Income Neighborhood Cases Not Dismissed,Highest Income Neighborhood Total Cases Disposed,Lowest Income Neighbood Cases Dismissed,Lowest Income Neighborhood Cases Not Dismissed,Lowest Income Neighborhood Total Cases Disposed,Percent of cases in highest income zip codes dismissed,Percent of cases in lowest income zip codes dismissed
2017,52,234,286,73,405,478,18.18181818,15.27196653
2018,60,235,295,117,476,593,20.33898305,19.7301855
2019,34,240,274,67,462,529,12.40875912,12.66540643
2020,35,162,197,85,353,438,17.76649746,19.40639269
2021,50,218,268,108,458,566,18.65671642,19.08127208
2022,53,221,274,104,472,576,19.34306569,18.05555556
2023,59,185,244,64,265,329,24.18032787,19.45288754
