Filing Month,Actual Average number of days to victim contact,Average number of days to victim contact
2022 Q1,28.324,23.98055
2022 Q2,19.6371,23.13263333
2022 Q3,21.4368,18.21443333
2022 Q4,13.5694,15.78846667
2023 Q1,12.3592,16.78653333
2023 Q2,24.431,15.67766667
2023 Q3,10.2428,15.23546667
2023 Q4,11.0326,9.791266667
2024 Q1,8.0984,9.493333333
2024 Q2,9.349,9.4406
2024 Q3,10.8744,9.701733333
2024 Q4,8.8818,9.276
2025 Q1,8.0718,6.5023
2025 Q2,2.5533,5.31255
