Filing Year,White Victim,NonWhite Victim,Total,Percent involving a white victim,Percent involving a non-white victim
2019,120,184,304,39.47368421,60.52631579
2020,148,218,366,40.43715847,59.56284153
2021,173,209,382,45.28795812,54.71204188
2022,186,232,418,44.49760766,55.50239234
2023,157,259,416,37.74038462,62.25961538
2024,163,269,432,37.73148148,62.26851852
2025,49,56,105,46.66666667,53.33333333
