Filing Year,White Victim,NonWhite Victim,Total,Percent involving a white victim,Percent involving a non-white victim
2019,120,184,304,39.47368421,60.52631579
2020,148,219,367,40.32697548,59.67302452
2021,174,206,380,45.78947368,54.21052632
2022,186,230,416,44.71153846,55.28846154
2023,162,253,415,39.03614458,60.96385542
2024,54,76,130,41.53846154,58.46153846
