Disposition Year,Non-White Victim Cases Dismissed,Non-White Victim Cases Not Dismissed,Non-White Victim Total Cases,White Victim Cases Dismissed,White Victim Cases Not Dismissed,White Victim Cases Total,Percent of cases dismissed involving non-white victims,Percent of cases dismissed involving white victims
2017,164,1599,1763,192,1070,1262,9.302325581,15.21394612
2018,242,1912,2154,230,1108,1338,11.23491179,17.18983558
2019,162,2198,2360,173,1117,1290,6.86440678,13.41085271
2020,178,1704,1882,173,958,1131,9.458023379,15.29619805
2021,187,1980,2167,306,1490,1796,8.629441624,17.03786192
2022,210,1767,1977,293,1705,1998,10.62215478,14.66466466
2023,154,881,1035,114,601,715,14.87922705,15.94405594
