Filing Month,Actual Average number of days to victim contact,Average number of days to victim contact
2022 Q1,28.324,23.98055
2022 Q2,19.6371,23.10536667
2022 Q3,21.355,18.18716667
2022 Q4,13.5694,15.7612
2023 Q1,12.3592,14.86606667
2023 Q2,18.6696,13.7572
2023 Q3,10.2428,12.46073333
2023 Q4,8.4698,8.937
2024 Q1,8.0984,8.9342
2024 Q2,10.2344,9.3582
2024 Q3,9.7418,9.091566667
2024 Q4,7.2985,6.6389
2025 Q1,2.8764,5.08745
