Disposition Year,Non-White Victim Cases Dismissed,Non-White Victim Cases Not Dismissed,Non-White Victim Total Cases,White Victim Cases Dismissed,White Victim Cases Not Dismissed,White Victim Cases Total,Percent of cases dismissed involving non-white victims,Percent of cases dismissed involving white victims
2019,163,2197,2360,175,1118,1293,6.906779661,13.53441609
2020,185,1725,1910,182,968,1150,9.685863874,15.82608696
2021,190,1977,2167,304,1489,1793,8.767881864,16.95482432
2022,221,1772,1993,301,1711,2012,11.08881084,14.96023857
2023,414,2213,2627,284,1242,1526,15.75942139,18.61074705
2024,442,2759,3201,239,1091,1330,13.80818494,17.96992481
2025,99,684,783,59,250,309,12.64367816,19.09385113
