Disposition Year,Non-White Victim Cases Dismissed,Non-White Victim Cases Not Dismissed,Non-White Victim Total Cases,White Victim Cases Dismissed,White Victim Cases Not Dismissed,White Victim Cases Total,Percent of cases dismissed involving non-white victims,Percent of cases dismissed involving white victims
2019,161,2196,2357,174,1117,1291,6.830717013,13.47792409
2020,185,1716,1901,177,965,1142,9.731720147,15.49912434
2021,189,1977,2166,304,1489,1793,8.725761773,16.95482432
2022,219,1771,1990,300,1713,2013,11.00502513,14.90312966
2023,414,2213,2627,284,1242,1526,15.75942139,18.61074705
2024,430,2681,3111,233,1059,1292,13.82192221,18.03405573
