Filing Year,White Victim,NonWhite Victim,Total,Percent involving a white victim,Percent involving a non-white victim
2019,120,184,304,39.47368421,60.52631579
2020,148,218,366,40.43715847,59.56284153
2021,173,209,382,45.28795812,54.71204188
2022,186,231,417,44.60431655,55.39568345
2023,157,258,415,37.8313253,62.1686747
2024,124,201,325,38.15384615,61.84615385
