Filing Year,White Victim,NonWhite Victim,Total,Percent involving a white victim,Percent involving a non-white victim
2019,120,184,304,39.47368421,60.52631579
2020,148,218,366,40.43715847,59.56284153
2021,173,209,382,45.28795812,54.71204188
2022,186,232,418,44.49760766,55.50239234
2023,156,260,416,37.5,62.5
2024,166,266,432,38.42592593,61.57407407
