Disposition Year,Non-White Victim Cases Dismissed,Non-White Victim Cases Not Dismissed,Non-White Victim Total Cases,White Victim Cases Dismissed,White Victim Cases Not Dismissed,White Victim Cases Total,Percent of cases dismissed involving non-white victims,Percent of cases dismissed involving white victims
2017,164,1599,1763,192,1070,1262,9.302325581,15.21394612
2018,242,1913,2155,229,1109,1338,11.22969838,17.11509716
2019,162,2196,2358,174,1117,1291,6.870229008,13.47792409
2020,183,1705,1888,176,955,1131,9.69279661,15.56145004
2021,191,1974,2165,306,1489,1795,8.822170901,17.04735376
2022,218,1767,1985,299,1714,2013,10.98236776,14.85345256
2023,402,2161,2563,276,1220,1496,15.68474444,18.44919786
2024,99,581,680,56,253,309,14.55882353,18.12297735
