Disposition Year,Highest Income Neighbood Cases Dismissed,Highest Income Neighborhood Cases Not Dismissed,Highest Income Neighborhood Total Cases Disposed,Lowest Income Neighbood Cases Dismissed,Lowest Income Neighborhood Cases Not Dismissed,Lowest Income Neighborhood Total Cases Disposed,Percent of cases in highest income zip codes dismissed,Percent of cases in lowest income zip codes dismissed
2017,52,234,286,73,405,478,18.18181818,15.27196653
2018,60,235,295,116,477,593,20.33898305,19.56155143
2019,35,241,276,67,461,528,12.68115942,12.68939394
2020,35,162,197,87,351,438,17.76649746,19.8630137
2021,50,219,269,107,458,565,18.58736059,18.9380531
2022,54,223,277,105,471,576,19.49458484,18.22916667
2023,87,263,350,88,403,491,24.85714286,17.92260692
2024,11,59,70,26,87,113,15.71428571,23.00884956
