Disposition Year,Non-White Victim Cases Dismissed,Non-White Victim Cases Not Dismissed,Non-White Victim Total Cases,White Victim Cases Dismissed,White Victim Cases Not Dismissed,White Victim Cases Total,Percent of cases dismissed involving non-white victims,Percent of cases dismissed involving white victims
2019,163,2197,2360,175,1118,1293,6.906779661,13.53441609
2020,186,1725,1911,182,968,1150,9.733124019,15.82608696
2021,190,1977,2167,304,1489,1793,8.767881864,16.95482432
2022,221,1774,1995,301,1716,2017,11.07769424,14.9231532
2023,412,2215,2627,282,1243,1525,15.68328892,18.49180328
2024,439,2764,3203,234,1100,1334,13.70590072,17.54122939
2025,211,1319,1530,121,491,612,13.79084967,19.77124183
