Filing Year,White Victim,NonWhite Victim,Total,Percent involving a white victim,Percent involving a non-white victim
2017,108,122,230,46.95652174,53.04347826
2018,112,183,295,37.96610169,62.03389831
2019,100,146,246,40.6504065,59.3495935
2020,108,171,279,38.70967742,61.29032258
2021,103,145,248,41.53225806,58.46774194
2022,93,106,199,46.73366834,53.26633166