Filing Year,White Victim,NonWhite Victim,Total,Percent involving a white victim,Percent involving a non-white victim
2017,120,143,263,45.62737643,54.37262357
2018,119,177,296,40.2027027,59.7972973
2019,85,135,220,38.63636364,61.36363636
2020,103,169,272,37.86764706,62.13235294
2021,103,151,254,40.5511811,59.4488189
2022,109,163,272,40.07352941,59.92647059
2023,106,186,292,36.30136986,63.69863014
