Filing Month,Actual Average number of days to victim contact,Average number of days to victim contact
2022 Q1,28.324,23.98055
2022 Q2,19.6371,22.7929
2022 Q3,20.4176,17.8747
2022 Q4,13.5694,14.25096667
2023 Q1,8.7659,11.82376667
2023 Q2,13.136,9.9921
2023 Q3,8.0744,9.8934
2023 Q4,8.4698,8.2253
2024 Q1,8.1317,8.597
2024 Q2,9.1895,7.910233333
2024 Q3,6.4095,6.781266667
2024 Q4,4.7448,5.57715
