Disposition Year,Non-White Victim Cases Dismissed,Non-White Victim Cases Not Dismissed,Non-White Victim Total Cases,White Victim Cases Dismissed,White Victim Cases Not Dismissed,White Victim Cases Total,Percent of cases dismissed involving non-white victims,Percent of cases dismissed involving white victims
2017,137,1664,1801,149,1131,1280,7.606885064,11.640625
2018,199,1961,2160,176,1150,1326,9.212962963,13.27300151
2019,125,2265,2390,143,1144,1287,5.230125523,11.11111111
2020,138,1750,1888,152,1007,1159,7.309322034,13.1147541
2021,157,2006,2163,272,1548,1820,7.258437356,14.94505495
2022,183,1820,2003,259,1769,2028,9.136295557,12.77120316
2023,281,2137,2418,185,1199,1384,11.62117452,13.36705202
