Filing Year,White Victim,NonWhite Victim,Total,Percent involving a white victim,Percent involving a non-white victim
2019,120,184,304,39.47368421,60.52631579
2020,148,218,366,40.43715847,59.56284153
2021,173,209,382,45.28795812,54.71204188
2022,186,231,417,44.60431655,55.39568345
2023,159,256,415,38.31325301,61.68674699
2024,85,131,216,39.35185185,60.64814815
