Disposition Year,Non-White Victim Cases Dismissed,Non-White Victim Cases Not Dismissed,Non-White Victim Total Cases,White Victim Cases Dismissed,White Victim Cases Not Dismissed,White Victim Cases Total,Percent of cases dismissed involving non-white victims,Percent of cases dismissed involving white victims
2017,164,1599,1763,192,1070,1262,9.302325581,15.21394612
2018,242,1912,2154,230,1108,1338,11.23491179,17.18983558
2019,162,2197,2359,173,1117,1290,6.86731666,13.41085271
2020,178,1705,1883,173,958,1131,9.453000531,15.29619805
2021,187,1979,2166,306,1490,1796,8.633425669,17.03786192
2022,210,1769,1979,295,1708,2003,10.61141991,14.72790814
2023,248,1461,1709,176,898,1074,14.51141018,16.38733706
