Disposition Year,Private Attorney Incarceration,Private Attorney No Incarceration,Private Attorney Total Cases,Public Defender Incarceration,Public Defender No Incarceration,Public Defender Total Cases,Percent of cases with a private attorney incarcerated,Percent of cases with a public defender incarcerated
2019,326,133,459,469,168,637,71.02396514,73.62637363
2020,226,103,329,386,112,498,68.69300912,77.51004016
2021,244,114,358,354,151,505,68.15642458,70.0990099
2022,246,123,369,350,117,467,66.66666667,74.94646681
2023,212,120,332,328,170,498,63.85542169,65.86345382
2024,204,136,340,284,260,544,60,52.20588235
