Disposition Year,Black Incarceration,Black No Incarceration,Black Total,Hispanic Incarceration,Hispanic No Incarceration,Hispanic Total,White Incarceration,White No Incarceration,White Total,Percent of Black defendants incarcerated,Percent of Hispanic defendants incarcerated,Percent of White defendants incarcerated
2019,26,16,42,342,115,457,462,214,676,61.9047619,74.83588621,68.34319527
2020,24,5,29,258,101,359,371,148,519,82.75862069,71.86629526,71.48362235
2021,33,22,55,223,95,318,377,186,563,60,70.12578616,66.96269982
2022,15,8,23,277,117,394,336,172,508,65.2173913,70.30456853,66.14173228
2023,20,10,30,238,139,377,297,166,463,66.66666667,63.12997347,64.14686825
2024,2,8,10,45,49,94,35,73,108,,47.87234043,32.40740741
