,Fine/ Comm. Serv/ Fee,Credit for time served,Probation,Probation plus Jail,Jail,Comm. Corr.,Youth Corr.,Prison
Sentences in 2023,1024,473,2711,576,432,142,54,305
Change since 2022,-40.15195792,20.3562341,-0.184094256,-17.47851003,-11.83673469,-14.97005988,31.70731707,-10.81871345
