Disposition Year,Private Attorney Incarceration,Private Attorney No Incarceration,Private Attorney Total Cases,Public Defender Incarceration,Public Defender No Incarceration,Public Defender Total Cases,Percent of cases with a private attorney incarcerated,Percent of cases with a public defender incarcerated
2019,322,137,459,473,166,639,70.15250545,74.02190923
2020,227,107,334,387,111,498,67.96407186,77.71084337
2021,239,113,352,355,152,507,67.89772727,70.01972387
2022,246,125,371,351,119,470,66.30727763,74.68085106
2023,211,124,335,328,176,504,62.98507463,65.07936508
2024,95,89,184,110,128,238,51.63043478,46.21848739
