Disposition Year,Black Incarceration,Black No Incarceration,Black Total,Hispanic Incarceration,Hispanic No Incarceration,Hispanic Total,White Incarceration,White No Incarceration,White Total,Percent of Black defendants incarcerated,Percent of Hispanic defendants incarcerated,Percent of White defendants incarcerated
2019,27,16,43,347,116,463,456,213,669,62.79069767,74.94600432,68.16143498
2020,23,5,28,263,98,361,366,145,511,82.14285714,72.8531856,71.62426614
2021,33,23,56,230,102,332,370,180,550,58.92857143,69.27710843,67.27272727
2022,15,8,23,279,115,394,339,169,508,65.2173913,70.81218274,66.73228346
2023,17,10,27,249,136,385,296,161,457,62.96296296,64.67532468,64.7702407
2024,20,11,31,269,150,419,274,207,481,64.51612903,64.20047733,56.96465696
2025,1,7,8,17,59,76,45,74,119,,22.36842105,37.81512605
