Disposition Year,Black No Pretrial,Black Pretrial,Black Total Cases,Hispanic No Pretrial,Hispanic Pretrial,Hispanic Total Cases,White No Pretrial,White Pretrial,White Total Cases,Percent of Black defendants detained pretrial,Percent of Hispanic defendants detained pretrial,Percent of White defendants detained pretrial
2020,57,48,105,785,430,1215,1317,642,1959,45.71428571,35.3909465,32.77182236
2021,86,57,143,782,439,1221,1431,625,2056,39.86013986,35.95413595,30.39883268
2022,92,58,150,901,547,1448,1566,666,2232,38.66666667,37.77624309,29.83870968
2023,90,40,130,886,573,1459,1397,712,2109,30.76923077,39.27347498,33.76007587
2024,76,57,133,1005,603,1608,1574,690,2264,42.85714286,37.5,30.4770318
2025,93,44,137,1005,540,1545,1634,590,2224,32.11678832,34.95145631,26.52877698
