Disposition Year,Private Attorney Incarceration,Private Attorney No Incarceration,Private Attorney Total Cases,Public Defender Incarceration,Public Defender No Incarceration,Public Defender Total Cases,Percent of cases with a private attorney incarcerated,Percent of cases with a public defender incarcerated
2019,324,131,455,467,170,637,71.20879121,73.31240188
2020,230,103,333,382,111,493,69.06906907,77.48478702
2021,244,112,356,353,152,505,68.53932584,69.9009901
2022,246,119,365,352,117,469,67.39726027,75.0533049
2023,213,114,327,326,174,500,65.13761468,65.2
2024,223,117,340,323,225,548,65.58823529,58.94160584
2025,77,64,141,121,143,264,54.60992908,45.83333333
