Disposition Year,Black No Pretrial,Black Pretrial,Black Total Cases,Hispanic No Pretrial,Hispanic Pretrial,Hispanic Total Cases,White No Pretrial,White Pretrial,White Total Cases,Percent of Black defendants detained pretrial,Percent of Hispanic defendants detained pretrial,Percent of White defendants detained pretrial
2019,78,61,139,1042,641,1683,1893,877,2770,43.88489209,38.08674985,31.66064982
2020,57,53,110,773,428,1201,1326,637,1963,48.18181818,35.63696919,32.45033113
2021,87,57,144,785,435,1220,1427,631,2058,39.58333333,35.6557377,30.66083576
2022,93,59,152,902,543,1445,1563,668,2231,38.81578947,37.57785467,29.94173017
2023,92,39,131,896,566,1462,1393,716,2109,29.77099237,38.71409029,33.94973921
2024,80,54,134,1010,549,1559,1557,654,2211,40.29850746,35.21488133,29.57937585
