Disposition Year,Private Attorney Incarceration,Private Attorney No Incarceration,Private Attorney Total Cases,Public Defender Incarceration,Public Defender No Incarceration,Public Defender Total Cases,Percent of cases with a private attorney incarcerated,Percent of cases with a public defender incarcerated
2019,325,133,458,467,168,635,70.96069869,73.54330709
2020,226,104,330,386,112,498,68.48484848,77.51004016
2021,244,112,356,354,152,506,68.53932584,69.96047431
2022,247,120,367,350,120,470,67.30245232,74.46808511
2023,211,117,328,328,174,502,64.32926829,65.33864542
2024,219,121,340,323,229,552,64.41176471,58.51449275
2025,24,48,72,39,91,130,33.33333333,30
