Disposition Year,Black No Pretrial,Black Pretrial,Black Total Cases,Hispanic No Pretrial,Hispanic Pretrial,Hispanic Total Cases,White No Pretrial,White Pretrial,White Total Cases,Percent of Black defendants detained pretrial,Percent of Hispanic defendants detained pretrial,Percent of White defendants detained pretrial
2019,77,61,138,1042,646,1688,1893,873,2766,44.20289855,38.27014218,31.56182213
2020,58,51,109,777,431,1208,1320,637,1957,46.78899083,35.67880795,32.54982115
2021,87,57,144,786,439,1225,1426,626,2052,39.58333333,35.83673469,30.50682261
2022,93,60,153,902,549,1451,1565,662,2227,39.21568627,37.83597519,29.72608891
2023,90,40,130,892,572,1464,1395,710,2105,30.76923077,39.07103825,33.72921615
2024,80,58,138,1008,598,1606,1565,685,2250,42.02898551,37.23536737,30.44444444
2025,47,21,68,528,265,793,835,283,1118,30.88235294,33.41740227,25.31305903
