Disposition Year,Black Incarceration,Black No Incarceration,Black Total,Hispanic Incarceration,Hispanic No Incarceration,Hispanic Total,White Incarceration,White No Incarceration,White Total,Percent of Black defendants incarcerated,Percent of Hispanic defendants incarcerated,Percent of White defendants incarcerated
2019,26,16,42,342,114,456,463,215,678,61.9047619,75,68.28908555
2020,23,5,28,258,98,356,371,145,516,82.14285714,72.47191011,71.89922481
2021,33,23,56,226,98,324,372,184,556,58.92857143,69.75308642,66.90647482
2022,15,8,23,278,115,393,338,171,509,65.2173913,70.73791349,66.40471513
2023,17,11,28,248,138,386,298,160,458,60.71428571,64.24870466,65.06550218
2024,16,11,27,173,133,306,177,176,353,59.25925926,56.53594771,50.14164306
