,Fine/ Comm. Serv/ Fee,Credit for time served,Probation,Probation plus Jail,Jail,Comm. Corr.,Youth Corr.,Prison
Sentences in 2023,1024,475,2716,579,435,143,54,310
Change since 2022,-40.15195792,20.86513995,0,-17.28571429,-11.2244898,-14.37125749,31.70731707,-9.356725146
