,Fine/ Comm. Serv/ Fee,Credit for time served,Probation,Probation plus Jail,Jail,Comm. Corr.,Youth Corr.,Prison
Sentences in 2023,857,476,2720,581,436,143,54,312
Change since 2022,-16.47173489,20.86513995,0,-17.28571429,-11.2244898,-14.37125749,31.70731707,-9.356725146
