Disposition Year,Black Incarceration,Black No Incarceration,Black Total,Hispanic Incarceration,Hispanic No Incarceration,Hispanic Total,White Incarceration,White No Incarceration,White Total,Percent of Black defendants incarcerated,Percent of Hispanic defendants incarcerated,Percent of White defendants incarcerated
2019,26,16,42,341,115,456,464,214,678,61.9047619,74.78070175,68.43657817
2020,23,5,28,259,100,359,371,145,516,82.14285714,72.1448468,71.89922481
2021,33,23,56,224,97,321,375,185,560,58.92857143,69.78193146,66.96428571
2022,15,8,23,278,117,395,337,172,509,65.2173913,70.37974684,66.20825147
2023,17,11,28,246,140,386,296,161,457,60.71428571,63.73056995,64.7702407
2024,8,10,18,95,98,193,104,119,223,44.44444444,49.22279793,46.6367713
