Disposition Year,Private Attorney Incarceration,Private Attorney No Incarceration,Private Attorney Total Cases,Public Defender Incarceration,Public Defender No Incarceration,Public Defender Total Cases,Percent of cases with a private attorney incarcerated,Percent of cases with a public defender incarcerated
2019,326,137,463,470,165,635,70.41036717,74.01574803
2020,226,105,331,386,110,496,68.27794562,77.82258065
2021,241,113,354,355,152,507,68.07909605,70.01972387
2022,246,125,371,351,115,466,66.30727763,75.32188841
2023,211,121,332,330,173,503,63.55421687,65.60636183
2024,152,114,266,203,193,396,57.14285714,51.26262626
