Disposition Year,Black No Pretrial,Black Pretrial,Black Total Cases,Hispanic No Pretrial,Hispanic Pretrial,Hispanic Total Cases,White No Pretrial,White Pretrial,White Total Cases,Percent of Black defendants detained pretrial,Percent of Hispanic defendants detained pretrial,Percent of White defendants detained pretrial
2019,77,58,135,1034,635,1669,1901,881,2782,42.96296296,38.04673457,31.66786485
2020,56,53,109,775,423,1198,1330,639,1969,48.62385321,35.30884808,32.45302184
2021,86,56,142,778,420,1198,1431,648,2079,39.43661972,35.05843072,31.16883117
2022,92,61,153,905,543,1448,1562,662,2224,39.86928105,37.5,29.76618705
2023,93,44,137,907,555,1462,1384,708,2092,32.11678832,37.96169631,33.84321224
2024,24,13,37,230,104,334,347,101,448,35.13513514,31.13772455,22.54464286
