Disposition Year,Black Incarceration,Black No Incarceration,Black Total,Hispanic Incarceration,Hispanic No Incarceration,Hispanic Total,White Incarceration,White No Incarceration,White Total,Percent of Black defendants incarcerated,Percent of Hispanic defendants incarcerated,Percent of White defendants incarcerated
2019,27,16,43,347,116,463,456,212,668,62.79069767,74.94600432,68.26347305
2020,23,5,28,263,99,362,366,143,509,82.14285714,72.6519337,71.90569745
2021,33,23,56,230,101,331,370,181,551,58.92857143,69.48640483,67.15063521
2022,15,8,23,279,115,394,340,168,508,65.2173913,70.81218274,66.92913386
2023,17,10,27,249,135,384,297,160,457,62.96296296,64.84375,64.98905908
2024,21,11,32,274,148,422,275,201,476,65.625,64.92890995,57.77310924
2025,7,14,21,73,85,158,116,114,230,33.33333333,46.20253165,50.43478261
