Disposition Year,Private Attorney Incarceration,Private Attorney No Incarceration,Private Attorney Total Cases,Public Defender Incarceration,Public Defender No Incarceration,Public Defender Total Cases,Percent of cases with a private attorney incarcerated,Percent of cases with a public defender incarcerated
2019,323,137,460,473,166,639,70.2173913,74.02190923
2020,227,111,338,388,111,499,67.15976331,77.75551102
2021,239,116,355,356,152,508,67.32394366,70.07874016
2022,245,123,368,349,121,470,66.57608696,74.25531915
2023,208,128,336,327,179,506,61.9047619,64.62450593
2024,35,57,92,48,72,120,38.04347826,40
