Disposition Year,Black No Pretrial,Black Pretrial,Black Total Cases,Hispanic No Pretrial,Hispanic Pretrial,Hispanic Total Cases,White No Pretrial,White Pretrial,White Total Cases,Percent of Black defendants detained pretrial,Percent of Hispanic defendants detained pretrial,Percent of White defendants detained pretrial
2019,76,60,136,1038,637,1675,1898,882,2780,44.11764706,38.02985075,31.72661871
2020,56,52,108,770,425,1195,1330,641,1971,48.14814815,35.56485356,32.52156266
2021,88,57,145,781,430,1211,1429,636,2065,39.31034483,35.50784476,30.79903148
2022,93,62,155,900,543,1443,1563,665,2228,40,37.62993763,29.84739677
2023,93,40,133,899,565,1464,1393,713,2106,30.07518797,38.59289617,33.85565052
2024,57,44,101,759,389,1148,1159,477,1636,43.56435644,33.88501742,29.15647922
