,Fine/ Comm. Serv/ Fee,Credit for time served,Probation,Probation plus Jail,Jail,Comm. Corr.,Youth Corr.,Prison
Sentences in 2023,867,471,2985,587,427,160,78,284
Change since 2022,-15.49707602,-1.050420168,9.985261606,1.032702238,-2.288329519,11.11111111,44.44444444,-8.974358974
