Disposition Year,Black Incarceration,Black No Incarceration,Black Total,Hispanic Incarceration,Hispanic No Incarceration,Hispanic Total,White Incarceration,White No Incarceration,White Total,Percent of Black defendants incarcerated,Percent of Hispanic defendants incarcerated,Percent of White defendants incarcerated
2019,27,16,43,344,117,461,460,212,672,62.79069767,74.62039046,68.45238095
2020,23,5,28,262,98,360,367,145,512,82.14285714,72.77777778,71.6796875
2021,33,23,56,227,100,327,373,182,555,58.92857143,69.41896024,67.20720721
2022,15,8,23,278,115,393,339,169,508,65.2173913,70.73791349,66.73228346
2023,17,10,27,249,138,387,297,160,457,62.96296296,64.34108527,64.98905908
2024,17,14,31,238,173,411,247,227,474,54.83870968,57.90754258,52.10970464
