Disposition Year,Black No Pretrial,Black Pretrial,Black Total Cases,Hispanic No Pretrial,Hispanic Pretrial,Hispanic Total Cases,White No Pretrial,White Pretrial,White Total Cases,Percent of Black defendants detained pretrial,Percent of Hispanic defendants detained pretrial,Percent of White defendants detained pretrial
2019,76,60,136,1038,637,1675,1897,882,2779,44.11764706,38.02985075,31.73803526
2020,56,52,108,775,426,1201,1327,639,1966,48.14814815,35.4704413,32.50254323
2021,88,57,145,778,426,1204,1430,642,2072,39.31034483,35.3820598,30.98455598
2022,93,61,154,905,543,1448,1561,665,2226,39.61038961,37.5,29.87421384
2023,94,40,134,905,565,1470,1384,709,2093,29.85074627,38.43537415,33.87482083
2024,45,27,72,509,239,748,774,291,1065,37.5,31.95187166,27.32394366
